-35,18,Q5Cqph+W5fh03dQK6D4HQ6T/RKk=,SoLsDeNssnMKj/rxK6/0TEoVgik=
-45,16,Q5Cqph+W5fh03dQK6D4HQ6T/RKk=,SoLsDeNssnMKj/rxK6/0TEoVgik=
-36,18,Q5Cqph+W5fh03dQK6D4HQ6T/RKk=,SoLsDeNssnMKj/rxK6/0TEoVgik=
-37,18,Q5Cqph+W5fh03dQK6D4HQ6T/RKk=,SoLsDeNssnMKj/rxK6/0TEoVgik=
-38,18,Q5Cqph+W5fh03dQK6D4HQ6T/RKk=,SoLsDeNssnMKj/rxK6/0TEoVgik=
-39,18,Q5Cqph+W5fh03dQK6D4HQ6T/RKk=,SoLsDeNssnMKj/rxK6/0TEoVgik=
-33,31,Q5Cqph+W5fh03dQK6D4HQ6T/RKk=,SoLsDeNssnMKj/rxK6/0TEoVgik=
-33,17,Q5Cqph+W5fh03dQK6D4HQ6T/RKk=,SoLsDeNssnMKj/rxK6/0TEoVgik=
-36,19,Q5Cqph+W5fh03dQK6D4HQ6T/RKk=,SoLsDeNssnMKj/rxK6/0TEoVgik=
-34,18,Q5Cqph+W5fh03dQK6D4HQ6T/RKk=,SoLsDeNssnMKj/rxK6/0TEoVgik=
-40,18,Q5Cqph+W5fh03dQK6D4HQ6T/RKk=,SoLsDeNssnMKj/rxK6/0TEoVgik=
-41,18,Q5Cqph+W5fh03dQK6D4HQ6T/RKk=,SoLsDeNssnMKj/rxK6/0TEoVgik=
-44,16,Q5Cqph+W5fh03dQK6D4HQ6T/RKk=,SoLsDeNssnMKj/rxK6/0TEoVgik=
-42,18,Q5Cqph+W5fh03dQK6D4HQ6T/RKk=,SoLsDeNssnMKj/rxK6/0TEoVgik=
-35,19,Q5Cqph+W5fh03dQK6D4HQ6T/RKk=,SoLsDeNssnMKj/rxK6/0TEoVgik=
-43,18,Q5Cqph+W5fh03dQK6D4HQ6T/RKk=,SoLsDeNssnMKj/rxK6/0TEoVgik=
-34,19,Q5Cqph+W5fh03dQK6D4HQ6T/RKk=,SoLsDeNssnMKj/rxK6/0TEoVgik=
-37,19,Q5Cqph+W5fh03dQK6D4HQ6T/RKk=,SoLsDeNssnMKj/rxK6/0TEoVgik=
-33,19,Q5Cqph+W5fh03dQK6D4HQ6T/RKk=,SoLsDeNssnMKj/rxK6/0TEoVgik=
-48,20,Q5Cqph+W5fh03dQK6D4HQ6T/RKk=,SoLsDeNssnMKj/rxK6/0TEoVgik=
-34,31,Q5Cqph+W5fh03dQK6D4HQ6T/RKk=,SoLsDeNssnMKj/rxK6/0TEoVgik=
-43,16,Q5Cqph+W5fh03dQK6D4HQ6T/RKk=,SoLsDeNssnMKj/rxK6/0TEoVgik=
-35,31,Q5Cqph+W5fh03dQK6D4HQ6T/RKk=,SoLsDeNssnMKj/rxK6/0TEoVgik=
-46,17,Q5Cqph+W5fh03dQK6D4HQ6T/RKk=,SoLsDeNssnMKj/rxK6/0TEoVgik=
-36,31,Q5Cqph+W5fh03dQK6D4HQ6T/RKk=,SoLsDeNssnMKj/rxK6/0TEoVgik=
-47,20,Q5Cqph+W5fh03dQK6D4HQ6T/RKk=,SoLsDeNssnMKj/rxK6/0TEoVgik=
-37,31,Q5Cqph+W5fh03dQK6D4HQ6T/RKk=,SoLsDeNssnMKj/rxK6/0TEoVgik=
-46,20,Q5Cqph+W5fh03dQK6D4HQ6T/RKk=,SoLsDeNssnMKj/rxK6/0TEoVgik=
-38,31,Q5Cqph+W5fh03dQK6D4HQ6T/RKk=,SoLsDeNssnMKj/rxK6/0TEoVgik=
-45,20,Q5Cqph+W5fh03dQK6D4HQ6T/RKk=,SoLsDeNssnMKj/rxK6/0TEoVgik=
-39,31,Q5Cqph+W5fh03dQK6D4HQ6T/RKk=,SoLsDeNssnMKj/rxK6/0TEoVgik=
-44,20,Q5Cqph+W5fh03dQK6D4HQ6T/RKk=,SoLsDeNssnMKj/rxK6/0TEoVgik=
-43,20,Q5Cqph+W5fh03dQK6D4HQ6T/RKk=,SoLsDeNssnMKj/rxK6/0TEoVgik=
-40,31,Q5Cqph+W5fh03dQK6D4HQ6T/RKk=,SoLsDeNssnMKj/rxK6/0TEoVgik=
-41,31,Q5Cqph+W5fh03dQK6D4HQ6T/RKk=,SoLsDeNssnMKj/rxK6/0TEoVgik=
-42,20,Q5Cqph+W5fh03dQK6D4HQ6T/RKk=,SoLsDeNssnMKj/rxK6/0TEoVgik=
-41,20,Q5Cqph+W5fh03dQK6D4HQ6T/RKk=,SoLsDeNssnMKj/rxK6/0TEoVgik=
-42,31,Q5Cqph+W5fh03dQK6D4HQ6T/RKk=,SoLsDeNssnMKj/rxK6/0TEoVgik=
-40,20,Q5Cqph+W5fh03dQK6D4HQ6T/RKk=,SoLsDeNssnMKj/rxK6/0TEoVgik=
-44,18,Q5Cqph+W5fh03dQK6D4HQ6T/RKk=,SoLsDeNssnMKj/rxK6/0TEoVgik=
-39,20,Q5Cqph+W5fh03dQK6D4HQ6T/RKk=,SoLsDeNssnMKj/rxK6/0TEoVgik=
-38,20,Q5Cqph+W5fh03dQK6D4HQ6T/RKk=,SoLsDeNssnMKj/rxK6/0TEoVgik=
-45,18,Q5Cqph+W5fh03dQK6D4HQ6T/RKk=,SoLsDeNssnMKj/rxK6/0TEoVgik=
-37,20,Q5Cqph+W5fh03dQK6D4HQ6T/RKk=,SoLsDeNssnMKj/rxK6/0TEoVgik=
-43,31,Q5Cqph+W5fh03dQK6D4HQ6T/RKk=,SoLsDeNssnMKj/rxK6/0TEoVgik=
-33,18,Q5Cqph+W5fh03dQK6D4HQ6T/RKk=,SoLsDeNssnMKj/rxK6/0TEoVgik=
-46,18,Q5Cqph+W5fh03dQK6D4HQ6T/RKk=,SoLsDeNssnMKj/rxK6/0TEoVgik=
-47,18,Q5Cqph+W5fh03dQK6D4HQ6T/RKk=,SoLsDeNssnMKj/rxK6/0TEoVgik=
-42,16,Q5Cqph+W5fh03dQK6D4HQ6T/RKk=,SoLsDeNssnMKj/rxK6/0TEoVgik=
-36,20,Q5Cqph+W5fh03dQK6D4HQ6T/RKk=,SoLsDeNssnMKj/rxK6/0TEoVgik=
-48,18,Q5Cqph+W5fh03dQK6D4HQ6T/RKk=,SoLsDeNssnMKj/rxK6/0TEoVgik=
-35,20,Q5Cqph+W5fh03dQK6D4HQ6T/RKk=,SoLsDeNssnMKj/rxK6/0TEoVgik=
-44,31,Q5Cqph+W5fh03dQK6D4HQ6T/RKk=,SoLsDeNssnMKj/rxK6/0TEoVgik=
-34,20,Q5Cqph+W5fh03dQK6D4HQ6T/RKk=,SoLsDeNssnMKj/rxK6/0TEoVgik=
-45,31,Q5Cqph+W5fh03dQK6D4HQ6T/RKk=,SoLsDeNssnMKj/rxK6/0TEoVgik=
-33,20,Q5Cqph+W5fh03dQK6D4HQ6T/RKk=,SoLsDeNssnMKj/rxK6/0TEoVgik=
-46,16,Q5Cqph+W5fh03dQK6D4HQ6T/RKk=,SoLsDeNssnMKj/rxK6/0TEoVgik=
-48,21,Q5Cqph+W5fh03dQK6D4HQ6T/RKk=,SoLsDeNssnMKj/rxK6/0TEoVgik=
-46,31,Q5Cqph+W5fh03dQK6D4HQ6T/RKk=,SoLsDeNssnMKj/rxK6/0TEoVgik=
-45,17,Q5Cqph+W5fh03dQK6D4HQ6T/RKk=,SoLsDeNssnMKj/rxK6/0TEoVgik=
-47,21,Q5Cqph+W5fh03dQK6D4HQ6T/RKk=,SoLsDeNssnMKj/rxK6/0TEoVgik=
-38,19,Q5Cqph+W5fh03dQK6D4HQ6T/RKk=,SoLsDeNssnMKj/rxK6/0TEoVgik=
-46,21,Q5Cqph+W5fh03dQK6D4HQ6T/RKk=,SoLsDeNssnMKj/rxK6/0TEoVgik=
-47,31,Q5Cqph+W5fh03dQK6D4HQ6T/RKk=,SoLsDeNssnMKj/rxK6/0TEoVgik=
-45,21,Q5Cqph+W5fh03dQK6D4HQ6T/RKk=,SoLsDeNssnMKj/rxK6/0TEoVgik=
-48,31,Q5Cqph+W5fh03dQK6D4HQ6T/RKk=,SoLsDeNssnMKj/rxK6/0TEoVgik=
-44,21,Q5Cqph+W5fh03dQK6D4HQ6T/RKk=,SoLsDeNssnMKj/rxK6/0TEoVgik=
-43,21,Q5Cqph+W5fh03dQK6D4HQ6T/RKk=,SoLsDeNssnMKj/rxK6/0TEoVgik=
-34,17,Q5Cqph+W5fh03dQK6D4HQ6T/RKk=,SoLsDeNssnMKj/rxK6/0TEoVgik=
-42,21,Q5Cqph+W5fh03dQK6D4HQ6T/RKk=,SoLsDeNssnMKj/rxK6/0TEoVgik=
-33,30,Q5Cqph+W5fh03dQK6D4HQ6T/RKk=,SoLsDeNssnMKj/rxK6/0TEoVgik=
-34,30,Q5Cqph+W5fh03dQK6D4HQ6T/RKk=,SoLsDeNssnMKj/rxK6/0TEoVgik=
-41,21,Q5Cqph+W5fh03dQK6D4HQ6T/RKk=,SoLsDeNssnMKj/rxK6/0TEoVgik=
-40,21,Q5Cqph+W5fh03dQK6D4HQ6T/RKk=,SoLsDeNssnMKj/rxK6/0TEoVgik=
-35,30,Q5Cqph+W5fh03dQK6D4HQ6T/RKk=,SoLsDeNssnMKj/rxK6/0TEoVgik=
-39,21,Q5Cqph+W5fh03dQK6D4HQ6T/RKk=,SoLsDeNssnMKj/rxK6/0TEoVgik=
-36,30,Q5Cqph+W5fh03dQK6D4HQ6T/RKk=,SoLsDeNssnMKj/rxK6/0TEoVgik=
-38,21,Q5Cqph+W5fh03dQK6D4HQ6T/RKk=,SoLsDeNssnMKj/rxK6/0TEoVgik=
-37,30,Q5Cqph+W5fh03dQK6D4HQ6T/RKk=,SoLsDeNssnMKj/rxK6/0TEoVgik=
-48,19,Q5Cqph+W5fh03dQK6D4HQ6T/RKk=,SoLsDeNssnMKj/rxK6/0TEoVgik=
-38,30,Q5Cqph+W5fh03dQK6D4HQ6T/RKk=,SoLsDeNssnMKj/rxK6/0TEoVgik=
-44,17,Q5Cqph+W5fh03dQK6D4HQ6T/RKk=,SoLsDeNssnMKj/rxK6/0TEoVgik=
-39,30,Q5Cqph+W5fh03dQK6D4HQ6T/RKk=,SoLsDeNssnMKj/rxK6/0TEoVgik=
-41,16,Q5Cqph+W5fh03dQK6D4HQ6T/RKk=,SoLsDeNssnMKj/rxK6/0TEoVgik=
-40,30,Q5Cqph+W5fh03dQK6D4HQ6T/RKk=,SoLsDeNssnMKj/rxK6/0TEoVgik=
-37,21,Q5Cqph+W5fh03dQK6D4HQ6T/RKk=,SoLsDeNssnMKj/rxK6/0TEoVgik=
-41,30,Q5Cqph+W5fh03dQK6D4HQ6T/RKk=,SoLsDeNssnMKj/rxK6/0TEoVgik=
-36,21,Q5Cqph+W5fh03dQK6D4HQ6T/RKk=,SoLsDeNssnMKj/rxK6/0TEoVgik=
-42,30,Q5Cqph+W5fh03dQK6D4HQ6T/RKk=,SoLsDeNssnMKj/rxK6/0TEoVgik=
-35,21,Q5Cqph+W5fh03dQK6D4HQ6T/RKk=,SoLsDeNssnMKj/rxK6/0TEoVgik=
-43,30,Q5Cqph+W5fh03dQK6D4HQ6T/RKk=,SoLsDeNssnMKj/rxK6/0TEoVgik=
-34,21,Q5Cqph+W5fh03dQK6D4HQ6T/RKk=,SoLsDeNssnMKj/rxK6/0TEoVgik=
-44,30,Q5Cqph+W5fh03dQK6D4HQ6T/RKk=,SoLsDeNssnMKj/rxK6/0TEoVgik=
-33,21,Q5Cqph+W5fh03dQK6D4HQ6T/RKk=,SoLsDeNssnMKj/rxK6/0TEoVgik=
-45,30,Q5Cqph+W5fh03dQK6D4HQ6T/RKk=,SoLsDeNssnMKj/rxK6/0TEoVgik=
-48,22,Q5Cqph+W5fh03dQK6D4HQ6T/RKk=,SoLsDeNssnMKj/rxK6/0TEoVgik=
-46,30,Q5Cqph+W5fh03dQK6D4HQ6T/RKk=,SoLsDeNssnMKj/rxK6/0TEoVgik=
-43,17,Q5Cqph+W5fh03dQK6D4HQ6T/RKk=,SoLsDeNssnMKj/rxK6/0TEoVgik=
-47,22,Q5Cqph+W5fh03dQK6D4HQ6T/RKk=,SoLsDeNssnMKj/rxK6/0TEoVgik=
-47,17,Q5Cqph+W5fh03dQK6D4HQ6T/RKk=,SoLsDeNssnMKj/rxK6/0TEoVgik=
-39,19,Q5Cqph+W5fh03dQK6D4HQ6T/RKk=,SoLsDeNssnMKj/rxK6/0TEoVgik=
-46,22,Q5Cqph+W5fh03dQK6D4HQ6T/RKk=,SoLsDeNssnMKj/rxK6/0TEoVgik=
-47,30,Q5Cqph+W5fh03dQK6D4HQ6T/RKk=,SoLsDeNssnMKj/rxK6/0TEoVgik=
-45,22,Q5Cqph+W5fh03dQK6D4HQ6T/RKk=,SoLsDeNssnMKj/rxK6/0TEoVgik=
-48,17,Q5Cqph+W5fh03dQK6D4HQ6T/RKk=,SoLsDeNssnMKj/rxK6/0TEoVgik=
-44,22,Q5Cqph+W5fh03dQK6D4HQ6T/RKk=,SoLsDeNssnMKj/rxK6/0TEoVgik=
-48,30,Q5Cqph+W5fh03dQK6D4HQ6T/RKk=,SoLsDeNssnMKj/rxK6/0TEoVgik=
-43,22,Q5Cqph+W5fh03dQK6D4HQ6T/RKk=,SoLsDeNssnMKj/rxK6/0TEoVgik=
-47,16,Q5Cqph+W5fh03dQK6D4HQ6T/RKk=,SoLsDeNssnMKj/rxK6/0TEoVgik=
-42,22,Q5Cqph+W5fh03dQK6D4HQ6T/RKk=,SoLsDeNssnMKj/rxK6/0TEoVgik=
-41,22,Q5Cqph+W5fh03dQK6D4HQ6T/RKk=,SoLsDeNssnMKj/rxK6/0TEoVgik=
-33,29,Q5Cqph+W5fh03dQK6D4HQ6T/RKk=,SoLsDeNssnMKj/rxK6/0TEoVgik=
-40,22,Q5Cqph+W5fh03dQK6D4HQ6T/RKk=,SoLsDeNssnMKj/rxK6/0TEoVgik=
-34,29,Q5Cqph+W5fh03dQK6D4HQ6T/RKk=,SoLsDeNssnMKj/rxK6/0TEoVgik=
-39,22,Q5Cqph+W5fh03dQK6D4HQ6T/RKk=,SoLsDeNssnMKj/rxK6/0TEoVgik=
-35,29,Q5Cqph+W5fh03dQK6D4HQ6T/RKk=,SoLsDeNssnMKj/rxK6/0TEoVgik=
-47,19,Q5Cqph+W5fh03dQK6D4HQ6T/RKk=,SoLsDeNssnMKj/rxK6/0TEoVgik=
-36,29,Q5Cqph+W5fh03dQK6D4HQ6T/RKk=,SoLsDeNssnMKj/rxK6/0TEoVgik=
-40,16,Q5Cqph+W5fh03dQK6D4HQ6T/RKk=,SoLsDeNssnMKj/rxK6/0TEoVgik=
-37,29,Q5Cqph+W5fh03dQK6D4HQ6T/RKk=,SoLsDeNssnMKj/rxK6/0TEoVgik=
-38,22,Q5Cqph+W5fh03dQK6D4HQ6T/RKk=,SoLsDeNssnMKj/rxK6/0TEoVgik=
-38,29,Q5Cqph+W5fh03dQK6D4HQ6T/RKk=,SoLsDeNssnMKj/rxK6/0TEoVgik=
-37,22,Q5Cqph+W5fh03dQK6D4HQ6T/RKk=,SoLsDeNssnMKj/rxK6/0TEoVgik=
-39,29,Q5Cqph+W5fh03dQK6D4HQ6T/RKk=,SoLsDeNssnMKj/rxK6/0TEoVgik=
-36,22,Q5Cqph+W5fh03dQK6D4HQ6T/RKk=,SoLsDeNssnMKj/rxK6/0TEoVgik=
-40,29,Q5Cqph+W5fh03dQK6D4HQ6T/RKk=,SoLsDeNssnMKj/rxK6/0TEoVgik=
-35,22,Q5Cqph+W5fh03dQK6D4HQ6T/RKk=,SoLsDeNssnMKj/rxK6/0TEoVgik=
-41,29,Q5Cqph+W5fh03dQK6D4HQ6T/RKk=,SoLsDeNssnMKj/rxK6/0TEoVgik=
-34,22,Q5Cqph+W5fh03dQK6D4HQ6T/RKk=,SoLsDeNssnMKj/rxK6/0TEoVgik=
-42,29,Q5Cqph+W5fh03dQK6D4HQ6T/RKk=,SoLsDeNssnMKj/rxK6/0TEoVgik=
-33,22,Q5Cqph+W5fh03dQK6D4HQ6T/RKk=,SoLsDeNssnMKj/rxK6/0TEoVgik=
-43,29,Q5Cqph+W5fh03dQK6D4HQ6T/RKk=,SoLsDeNssnMKj/rxK6/0TEoVgik=
-48,23,Q5Cqph+W5fh03dQK6D4HQ6T/RKk=,SoLsDeNssnMKj/rxK6/0TEoVgik=
-44,29,Q5Cqph+W5fh03dQK6D4HQ6T/RKk=,SoLsDeNssnMKj/rxK6/0TEoVgik=
-42,17,Q5Cqph+W5fh03dQK6D4HQ6T/RKk=,SoLsDeNssnMKj/rxK6/0TEoVgik=
-45,29,Q5Cqph+W5fh03dQK6D4HQ6T/RKk=,SoLsDeNssnMKj/rxK6/0TEoVgik=
-47,23,Q5Cqph+W5fh03dQK6D4HQ6T/RKk=,SoLsDeNssnMKj/rxK6/0TEoVgik=
-33,16,Q5Cqph+W5fh03dQK6D4HQ6T/RKk=,SoLsDeNssnMKj/rxK6/0TEoVgik=
-46,23,Q5Cqph+W5fh03dQK6D4HQ6T/RKk=,SoLsDeNssnMKj/rxK6/0TEoVgik=
-35,17,Q5Cqph+W5fh03dQK6D4HQ6T/RKk=,SoLsDeNssnMKj/rxK6/0TEoVgik=
-45,23,Q5Cqph+W5fh03dQK6D4HQ6T/RKk=,SoLsDeNssnMKj/rxK6/0TEoVgik=
-40,19,Q5Cqph+W5fh03dQK6D4HQ6T/RKk=,SoLsDeNssnMKj/rxK6/0TEoVgik=
-44,23,Q5Cqph+W5fh03dQK6D4HQ6T/RKk=,SoLsDeNssnMKj/rxK6/0TEoVgik=
-46,29,Q5Cqph+W5fh03dQK6D4HQ6T/RKk=,SoLsDeNssnMKj/rxK6/0TEoVgik=
-43,23,Q5Cqph+W5fh03dQK6D4HQ6T/RKk=,SoLsDeNssnMKj/rxK6/0TEoVgik=
-47,29,Q5Cqph+W5fh03dQK6D4HQ6T/RKk=,SoLsDeNssnMKj/rxK6/0TEoVgik=
-42,23,Q5Cqph+W5fh03dQK6D4HQ6T/RKk=,SoLsDeNssnMKj/rxK6/0TEoVgik=
-36,17,Q5Cqph+W5fh03dQK6D4HQ6T/RKk=,SoLsDeNssnMKj/rxK6/0TEoVgik=
-41,23,Q5Cqph+W5fh03dQK6D4HQ6T/RKk=,SoLsDeNssnMKj/rxK6/0TEoVgik=
-48,29,Q5Cqph+W5fh03dQK6D4HQ6T/RKk=,SoLsDeNssnMKj/rxK6/0TEoVgik=
-40,23,Q5Cqph+W5fh03dQK6D4HQ6T/RKk=,SoLsDeNssnMKj/rxK6/0TEoVgik=
-33,28,Q5Cqph+W5fh03dQK6D4HQ6T/RKk=,SoLsDeNssnMKj/rxK6/0TEoVgik=
-46,19,Q5Cqph+W5fh03dQK6D4HQ6T/RKk=,SoLsDeNssnMKj/rxK6/0TEoVgik=
-34,28,Q5Cqph+W5fh03dQK6D4HQ6T/RKk=,SoLsDeNssnMKj/rxK6/0TEoVgik=
-39,16,Q5Cqph+W5fh03dQK6D4HQ6T/RKk=,SoLsDeNssnMKj/rxK6/0TEoVgik=
-35,28,Q5Cqph+W5fh03dQK6D4HQ6T/RKk=,SoLsDeNssnMKj/rxK6/0TEoVgik=
-39,23,Q5Cqph+W5fh03dQK6D4HQ6T/RKk=,SoLsDeNssnMKj/rxK6/0TEoVgik=
-36,28,Q5Cqph+W5fh03dQK6D4HQ6T/RKk=,SoLsDeNssnMKj/rxK6/0TEoVgik=
-38,23,Q5Cqph+W5fh03dQK6D4HQ6T/RKk=,SoLsDeNssnMKj/rxK6/0TEoVgik=
-37,28,Q5Cqph+W5fh03dQK6D4HQ6T/RKk=,SoLsDeNssnMKj/rxK6/0TEoVgik=
-37,23,Q5Cqph+W5fh03dQK6D4HQ6T/RKk=,SoLsDeNssnMKj/rxK6/0TEoVgik=
-38,28,Q5Cqph+W5fh03dQK6D4HQ6T/RKk=,SoLsDeNssnMKj/rxK6/0TEoVgik=
-36,23,Q5Cqph+W5fh03dQK6D4HQ6T/RKk=,SoLsDeNssnMKj/rxK6/0TEoVgik=
-35,23,Q5Cqph+W5fh03dQK6D4HQ6T/RKk=,SoLsDeNssnMKj/rxK6/0TEoVgik=
-39,28,Q5Cqph+W5fh03dQK6D4HQ6T/RKk=,SoLsDeNssnMKj/rxK6/0TEoVgik=
-40,28,Q5Cqph+W5fh03dQK6D4HQ6T/RKk=,SoLsDeNssnMKj/rxK6/0TEoVgik=
-34,23,Q5Cqph+W5fh03dQK6D4HQ6T/RKk=,SoLsDeNssnMKj/rxK6/0TEoVgik=
-41,28,Q5Cqph+W5fh03dQK6D4HQ6T/RKk=,SoLsDeNssnMKj/rxK6/0TEoVgik=
-48,16,Q5Cqph+W5fh03dQK6D4HQ6T/RKk=,SoLsDeNssnMKj/rxK6/0TEoVgik=
-42,28,Q5Cqph+W5fh03dQK6D4HQ6T/RKk=,SoLsDeNssnMKj/rxK6/0TEoVgik=
-33,23,Q5Cqph+W5fh03dQK6D4HQ6T/RKk=,SoLsDeNssnMKj/rxK6/0TEoVgik=
-43,28,Q5Cqph+W5fh03dQK6D4HQ6T/RKk=,SoLsDeNssnMKj/rxK6/0TEoVgik=
-48,24,Q5Cqph+W5fh03dQK6D4HQ6T/RKk=,SoLsDeNssnMKj/rxK6/0TEoVgik=
-44,28,Q5Cqph+W5fh03dQK6D4HQ6T/RKk=,SoLsDeNssnMKj/rxK6/0TEoVgik=
-41,17,Q5Cqph+W5fh03dQK6D4HQ6T/RKk=,SoLsDeNssnMKj/rxK6/0TEoVgik=
-34,16,Q5Cqph+W5fh03dQK6D4HQ6T/RKk=,SoLsDeNssnMKj/rxK6/0TEoVgik=
-47,24,Q5Cqph+W5fh03dQK6D4HQ6T/RKk=,SoLsDeNssnMKj/rxK6/0TEoVgik=
-41,19,Q5Cqph+W5fh03dQK6D4HQ6T/RKk=,SoLsDeNssnMKj/rxK6/0TEoVgik=
-46,24,Q5Cqph+W5fh03dQK6D4HQ6T/RKk=,SoLsDeNssnMKj/rxK6/0TEoVgik=
-45,28,Q5Cqph+W5fh03dQK6D4HQ6T/RKk=,SoLsDeNssnMKj/rxK6/0TEoVgik=
-45,24,Q5Cqph+W5fh03dQK6D4HQ6T/RKk=,SoLsDeNssnMKj/rxK6/0TEoVgik=
-46,28,Q5Cqph+W5fh03dQK6D4HQ6T/RKk=,SoLsDeNssnMKj/rxK6/0TEoVgik=
-44,24,Q5Cqph+W5fh03dQK6D4HQ6T/RKk=,SoLsDeNssnMKj/rxK6/0TEoVgik=
-47,28,Q5Cqph+W5fh03dQK6D4HQ6T/RKk=,SoLsDeNssnMKj/rxK6/0TEoVgik=
-43,24,Q5Cqph+W5fh03dQK6D4HQ6T/RKk=,SoLsDeNssnMKj/rxK6/0TEoVgik=
-42,24,Q5Cqph+W5fh03dQK6D4HQ6T/RKk=,SoLsDeNssnMKj/rxK6/0TEoVgik=
-37,17,Q5Cqph+W5fh03dQK6D4HQ6T/RKk=,SoLsDeNssnMKj/rxK6/0TEoVgik=
-48,28,Q5Cqph+W5fh03dQK6D4HQ6T/RKk=,SoLsDeNssnMKj/rxK6/0TEoVgik=
-41,24,Q5Cqph+W5fh03dQK6D4HQ6T/RKk=,SoLsDeNssnMKj/rxK6/0TEoVgik=
-33,27,Q5Cqph+W5fh03dQK6D4HQ6T/RKk=,SoLsDeNssnMKj/rxK6/0TEoVgik=
-45,19,Q5Cqph+W5fh03dQK6D4HQ6T/RKk=,SoLsDeNssnMKj/rxK6/0TEoVgik=
-34,27,Q5Cqph+W5fh03dQK6D4HQ6T/RKk=,SoLsDeNssnMKj/rxK6/0TEoVgik=
-38,16,Q5Cqph+W5fh03dQK6D4HQ6T/RKk=,SoLsDeNssnMKj/rxK6/0TEoVgik=
-40,24,Q5Cqph+W5fh03dQK6D4HQ6T/RKk=,SoLsDeNssnMKj/rxK6/0TEoVgik=
-35,27,Q5Cqph+W5fh03dQK6D4HQ6T/RKk=,SoLsDeNssnMKj/rxK6/0TEoVgik=
-39,24,Q5Cqph+W5fh03dQK6D4HQ6T/RKk=,SoLsDeNssnMKj/rxK6/0TEoVgik=
-36,27,Q5Cqph+W5fh03dQK6D4HQ6T/RKk=,SoLsDeNssnMKj/rxK6/0TEoVgik=
-38,24,Q5Cqph+W5fh03dQK6D4HQ6T/RKk=,SoLsDeNssnMKj/rxK6/0TEoVgik=
-37,27,Q5Cqph+W5fh03dQK6D4HQ6T/RKk=,SoLsDeNssnMKj/rxK6/0TEoVgik=
-38,27,Q5Cqph+W5fh03dQK6D4HQ6T/RKk=,SoLsDeNssnMKj/rxK6/0TEoVgik=
-37,24,Q5Cqph+W5fh03dQK6D4HQ6T/RKk=,SoLsDeNssnMKj/rxK6/0TEoVgik=
-36,24,Q5Cqph+W5fh03dQK6D4HQ6T/RKk=,SoLsDeNssnMKj/rxK6/0TEoVgik=
-39,27,Q5Cqph+W5fh03dQK6D4HQ6T/RKk=,SoLsDeNssnMKj/rxK6/0TEoVgik=
-35,24,Q5Cqph+W5fh03dQK6D4HQ6T/RKk=,SoLsDeNssnMKj/rxK6/0TEoVgik=
-40,27,Q5Cqph+W5fh03dQK6D4HQ6T/RKk=,SoLsDeNssnMKj/rxK6/0TEoVgik=
-41,27,Q5Cqph+W5fh03dQK6D4HQ6T/RKk=,SoLsDeNssnMKj/rxK6/0TEoVgik=
-34,24,Q5Cqph+W5fh03dQK6D4HQ6T/RKk=,SoLsDeNssnMKj/rxK6/0TEoVgik=
-33,24,Q5Cqph+W5fh03dQK6D4HQ6T/RKk=,SoLsDeNssnMKj/rxK6/0TEoVgik=
-42,27,Q5Cqph+W5fh03dQK6D4HQ6T/RKk=,SoLsDeNssnMKj/rxK6/0TEoVgik=
-48,25,Q5Cqph+W5fh03dQK6D4HQ6T/RKk=,SoLsDeNssnMKj/rxK6/0TEoVgik=
-43,27,Q5Cqph+W5fh03dQK6D4HQ6T/RKk=,SoLsDeNssnMKj/rxK6/0TEoVgik=
-40,17,Q5Cqph+W5fh03dQK6D4HQ6T/RKk=,SoLsDeNssnMKj/rxK6/0TEoVgik=
-47,25,Q5Cqph+W5fh03dQK6D4HQ6T/RKk=,SoLsDeNssnMKj/rxK6/0TEoVgik=
-46,25,Q5Cqph+W5fh03dQK6D4HQ6T/RKk=,SoLsDeNssnMKj/rxK6/0TEoVgik=
-45,25,Q5Cqph+W5fh03dQK6D4HQ6T/RKk=,SoLsDeNssnMKj/rxK6/0TEoVgik=
-44,25,Q5Cqph+W5fh03dQK6D4HQ6T/RKk=,SoLsDeNssnMKj/rxK6/0TEoVgik=
-43,25,Q5Cqph+W5fh03dQK6D4HQ6T/RKk=,SoLsDeNssnMKj/rxK6/0TEoVgik=
-42,25,Q5Cqph+W5fh03dQK6D4HQ6T/RKk=,SoLsDeNssnMKj/rxK6/0TEoVgik=
-44,19,Q5Cqph+W5fh03dQK6D4HQ6T/RKk=,SoLsDeNssnMKj/rxK6/0TEoVgik=
-37,16,Q5Cqph+W5fh03dQK6D4HQ6T/RKk=,SoLsDeNssnMKj/rxK6/0TEoVgik=
-41,25,Q5Cqph+W5fh03dQK6D4HQ6T/RKk=,SoLsDeNssnMKj/rxK6/0TEoVgik=
-40,25,Q5Cqph+W5fh03dQK6D4HQ6T/RKk=,SoLsDeNssnMKj/rxK6/0TEoVgik=
-39,25,Q5Cqph+W5fh03dQK6D4HQ6T/RKk=,SoLsDeNssnMKj/rxK6/0TEoVgik=
-38,25,Q5Cqph+W5fh03dQK6D4HQ6T/RKk=,SoLsDeNssnMKj/rxK6/0TEoVgik=
-37,25,Q5Cqph+W5fh03dQK6D4HQ6T/RKk=,SoLsDeNssnMKj/rxK6/0TEoVgik=
-36,25,Q5Cqph+W5fh03dQK6D4HQ6T/RKk=,SoLsDeNssnMKj/rxK6/0TEoVgik=
-35,25,Q5Cqph+W5fh03dQK6D4HQ6T/RKk=,SoLsDeNssnMKj/rxK6/0TEoVgik=
-34,25,Q5Cqph+W5fh03dQK6D4HQ6T/RKk=,SoLsDeNssnMKj/rxK6/0TEoVgik=
-39,17,Q5Cqph+W5fh03dQK6D4HQ6T/RKk=,SoLsDeNssnMKj/rxK6/0TEoVgik=
-33,25,Q5Cqph+W5fh03dQK6D4HQ6T/RKk=,SoLsDeNssnMKj/rxK6/0TEoVgik=
-48,26,Q5Cqph+W5fh03dQK6D4HQ6T/RKk=,SoLsDeNssnMKj/rxK6/0TEoVgik=
-47,26,Q5Cqph+W5fh03dQK6D4HQ6T/RKk=,SoLsDeNssnMKj/rxK6/0TEoVgik=
-46,26,Q5Cqph+W5fh03dQK6D4HQ6T/RKk=,SoLsDeNssnMKj/rxK6/0TEoVgik=
-45,26,Q5Cqph+W5fh03dQK6D4HQ6T/RKk=,SoLsDeNssnMKj/rxK6/0TEoVgik=
-44,26,Q5Cqph+W5fh03dQK6D4HQ6T/RKk=,SoLsDeNssnMKj/rxK6/0TEoVgik=
-43,26,Q5Cqph+W5fh03dQK6D4HQ6T/RKk=,SoLsDeNssnMKj/rxK6/0TEoVgik=
-43,19,Q5Cqph+W5fh03dQK6D4HQ6T/RKk=,SoLsDeNssnMKj/rxK6/0TEoVgik=
-35,16,Q5Cqph+W5fh03dQK6D4HQ6T/RKk=,SoLsDeNssnMKj/rxK6/0TEoVgik=
-42,19,Q5Cqph+W5fh03dQK6D4HQ6T/RKk=,SoLsDeNssnMKj/rxK6/0TEoVgik=
-44,27,Q5Cqph+W5fh03dQK6D4HQ6T/RKk=,SoLsDeNssnMKj/rxK6/0TEoVgik=
-45,27,Q5Cqph+W5fh03dQK6D4HQ6T/RKk=,SoLsDeNssnMKj/rxK6/0TEoVgik=
-46,27,Q5Cqph+W5fh03dQK6D4HQ6T/RKk=,SoLsDeNssnMKj/rxK6/0TEoVgik=
-47,27,Q5Cqph+W5fh03dQK6D4HQ6T/RKk=,SoLsDeNssnMKj/rxK6/0TEoVgik=
-48,27,Q5Cqph+W5fh03dQK6D4HQ6T/RKk=,SoLsDeNssnMKj/rxK6/0TEoVgik=
-38,17,Q5Cqph+W5fh03dQK6D4HQ6T/RKk=,SoLsDeNssnMKj/rxK6/0TEoVgik=
-33,26,Q5Cqph+W5fh03dQK6D4HQ6T/RKk=,SoLsDeNssnMKj/rxK6/0TEoVgik=
-34,26,Q5Cqph+W5fh03dQK6D4HQ6T/RKk=,SoLsDeNssnMKj/rxK6/0TEoVgik=
-35,26,Q5Cqph+W5fh03dQK6D4HQ6T/RKk=,SoLsDeNssnMKj/rxK6/0TEoVgik=
-36,26,Q5Cqph+W5fh03dQK6D4HQ6T/RKk=,SoLsDeNssnMKj/rxK6/0TEoVgik=
-37,26,Q5Cqph+W5fh03dQK6D4HQ6T/RKk=,SoLsDeNssnMKj/rxK6/0TEoVgik=
-38,26,Q5Cqph+W5fh03dQK6D4HQ6T/RKk=,SoLsDeNssnMKj/rxK6/0TEoVgik=
-39,26,Q5Cqph+W5fh03dQK6D4HQ6T/RKk=,SoLsDeNssnMKj/rxK6/0TEoVgik=
-40,26,Q5Cqph+W5fh03dQK6D4HQ6T/RKk=,SoLsDeNssnMKj/rxK6/0TEoVgik=
-41,26,Q5Cqph+W5fh03dQK6D4HQ6T/RKk=,SoLsDeNssnMKj/rxK6/0TEoVgik=
-42,26,Q5Cqph+W5fh03dQK6D4HQ6T/RKk=,SoLsDeNssnMKj/rxK6/0TEoVgik=
-36,16,Q5Cqph+W5fh03dQK6D4HQ6T/RKk=,SoLsDeNssnMKj/rxK6/0TEoVgik=
-33,15,iNRHj2BM8/YzbiZ2HHrRIREajP4=,oJANVt+eoXJRI4OkSG0x1gTsGzY=
-34,15,iNRHj2BM8/YzbiZ2HHrRIREajP4=,oJANVt+eoXJRI4OkSG0x1gTsGzY=
-35,15,iNRHj2BM8/YzbiZ2HHrRIREajP4=,oJANVt+eoXJRI4OkSG0x1gTsGzY=
-34,2,iNRHj2BM8/YzbiZ2HHrRIREajP4=,oJANVt+eoXJRI4OkSG0x1gTsGzY=
-36,15,iNRHj2BM8/YzbiZ2HHrRIREajP4=,oJANVt+eoXJRI4OkSG0x1gTsGzY=
-45,0,iNRHj2BM8/YzbiZ2HHrRIREajP4=,oJANVt+eoXJRI4OkSG0x1gTsGzY=
-33,2,iNRHj2BM8/YzbiZ2HHrRIREajP4=,oJANVt+eoXJRI4OkSG0x1gTsGzY=
-48,3,iNRHj2BM8/YzbiZ2HHrRIREajP4=,oJANVt+eoXJRI4OkSG0x1gTsGzY=
-47,3,iNRHj2BM8/YzbiZ2HHrRIREajP4=,oJANVt+eoXJRI4OkSG0x1gTsGzY=
-46,3,iNRHj2BM8/YzbiZ2HHrRIREajP4=,oJANVt+eoXJRI4OkSG0x1gTsGzY=
-48,2,iNRHj2BM8/YzbiZ2HHrRIREajP4=,oJANVt+eoXJRI4OkSG0x1gTsGzY=
-38,15,iNRHj2BM8/YzbiZ2HHrRIREajP4=,oJANVt+eoXJRI4OkSG0x1gTsGzY=
-35,2,iNRHj2BM8/YzbiZ2HHrRIREajP4=,oJANVt+eoXJRI4OkSG0x1gTsGzY=
-39,15,iNRHj2BM8/YzbiZ2HHrRIREajP4=,oJANVt+eoXJRI4OkSG0x1gTsGzY=
-40,15,iNRHj2BM8/YzbiZ2HHrRIREajP4=,oJANVt+eoXJRI4OkSG0x1gTsGzY=
-41,15,iNRHj2BM8/YzbiZ2HHrRIREajP4=,oJANVt+eoXJRI4OkSG0x1gTsGzY=
-42,15,iNRHj2BM8/YzbiZ2HHrRIREajP4=,oJANVt+eoXJRI4OkSG0x1gTsGzY=
-43,15,iNRHj2BM8/YzbiZ2HHrRIREajP4=,oJANVt+eoXJRI4OkSG0x1gTsGzY=
-44,0,iNRHj2BM8/YzbiZ2HHrRIREajP4=,oJANVt+eoXJRI4OkSG0x1gTsGzY=
-45,3,iNRHj2BM8/YzbiZ2HHrRIREajP4=,oJANVt+eoXJRI4OkSG0x1gTsGzY=
-44,3,iNRHj2BM8/YzbiZ2HHrRIREajP4=,oJANVt+eoXJRI4OkSG0x1gTsGzY=
-43,3,iNRHj2BM8/YzbiZ2HHrRIREajP4=,oJANVt+eoXJRI4OkSG0x1gTsGzY=
-37,15,iNRHj2BM8/YzbiZ2HHrRIREajP4=,oJANVt+eoXJRI4OkSG0x1gTsGzY=
-33,1,iNRHj2BM8/YzbiZ2HHrRIREajP4=,oJANVt+eoXJRI4OkSG0x1gTsGzY=
-34,1,iNRHj2BM8/YzbiZ2HHrRIREajP4=,oJANVt+eoXJRI4OkSG0x1gTsGzY=
-42,3,iNRHj2BM8/YzbiZ2HHrRIREajP4=,oJANVt+eoXJRI4OkSG0x1gTsGzY=
-36,1,iNRHj2BM8/YzbiZ2HHrRIREajP4=,oJANVt+eoXJRI4OkSG0x1gTsGzY=
-35,1,iNRHj2BM8/YzbiZ2HHrRIREajP4=,oJANVt+eoXJRI4OkSG0x1gTsGzY=
-37,1,iNRHj2BM8/YzbiZ2HHrRIREajP4=,oJANVt+eoXJRI4OkSG0x1gTsGzY=
-38,1,iNRHj2BM8/YzbiZ2HHrRIREajP4=,oJANVt+eoXJRI4OkSG0x1gTsGzY=
-39,1,iNRHj2BM8/YzbiZ2HHrRIREajP4=,oJANVt+eoXJRI4OkSG0x1gTsGzY=
-40,1,iNRHj2BM8/YzbiZ2HHrRIREajP4=,oJANVt+eoXJRI4OkSG0x1gTsGzY=
-41,3,iNRHj2BM8/YzbiZ2HHrRIREajP4=,oJANVt+eoXJRI4OkSG0x1gTsGzY=
-44,15,iNRHj2BM8/YzbiZ2HHrRIREajP4=,oJANVt+eoXJRI4OkSG0x1gTsGzY=
-45,15,iNRHj2BM8/YzbiZ2HHrRIREajP4=,oJANVt+eoXJRI4OkSG0x1gTsGzY=
-40,3,iNRHj2BM8/YzbiZ2HHrRIREajP4=,oJANVt+eoXJRI4OkSG0x1gTsGzY=
-46,15,iNRHj2BM8/YzbiZ2HHrRIREajP4=,oJANVt+eoXJRI4OkSG0x1gTsGzY=
-41,1,iNRHj2BM8/YzbiZ2HHrRIREajP4=,oJANVt+eoXJRI4OkSG0x1gTsGzY=
-47,15,iNRHj2BM8/YzbiZ2HHrRIREajP4=,oJANVt+eoXJRI4OkSG0x1gTsGzY=
-42,1,iNRHj2BM8/YzbiZ2HHrRIREajP4=,oJANVt+eoXJRI4OkSG0x1gTsGzY=
-39,3,iNRHj2BM8/YzbiZ2HHrRIREajP4=,oJANVt+eoXJRI4OkSG0x1gTsGzY=
-47,1,iNRHj2BM8/YzbiZ2HHrRIREajP4=,oJANVt+eoXJRI4OkSG0x1gTsGzY=
-43,1,iNRHj2BM8/YzbiZ2HHrRIREajP4=,oJANVt+eoXJRI4OkSG0x1gTsGzY=
-48,15,iNRHj2BM8/YzbiZ2HHrRIREajP4=,oJANVt+eoXJRI4OkSG0x1gTsGzY=
-38,3,iNRHj2BM8/YzbiZ2HHrRIREajP4=,oJANVt+eoXJRI4OkSG0x1gTsGzY=
-44,1,iNRHj2BM8/YzbiZ2HHrRIREajP4=,oJANVt+eoXJRI4OkSG0x1gTsGzY=
-45,1,iNRHj2BM8/YzbiZ2HHrRIREajP4=,oJANVt+eoXJRI4OkSG0x1gTsGzY=
-37,3,iNRHj2BM8/YzbiZ2HHrRIREajP4=,oJANVt+eoXJRI4OkSG0x1gTsGzY=
-33,14,iNRHj2BM8/YzbiZ2HHrRIREajP4=,oJANVt+eoXJRI4OkSG0x1gTsGzY=
-46,1,iNRHj2BM8/YzbiZ2HHrRIREajP4=,oJANVt+eoXJRI4OkSG0x1gTsGzY=
-36,3,iNRHj2BM8/YzbiZ2HHrRIREajP4=,oJANVt+eoXJRI4OkSG0x1gTsGzY=
-46,0,iNRHj2BM8/YzbiZ2HHrRIREajP4=,oJANVt+eoXJRI4OkSG0x1gTsGzY=
-34,14,iNRHj2BM8/YzbiZ2HHrRIREajP4=,oJANVt+eoXJRI4OkSG0x1gTsGzY=
-35,3,iNRHj2BM8/YzbiZ2HHrRIREajP4=,oJANVt+eoXJRI4OkSG0x1gTsGzY=
-35,14,iNRHj2BM8/YzbiZ2HHrRIREajP4=,oJANVt+eoXJRI4OkSG0x1gTsGzY=
-36,2,iNRHj2BM8/YzbiZ2HHrRIREajP4=,oJANVt+eoXJRI4OkSG0x1gTsGzY=
-37,14,iNRHj2BM8/YzbiZ2HHrRIREajP4=,oJANVt+eoXJRI4OkSG0x1gTsGzY=
-34,3,iNRHj2BM8/YzbiZ2HHrRIREajP4=,oJANVt+eoXJRI4OkSG0x1gTsGzY=
-36,14,iNRHj2BM8/YzbiZ2HHrRIREajP4=,oJANVt+eoXJRI4OkSG0x1gTsGzY=
-39,14,iNRHj2BM8/YzbiZ2HHrRIREajP4=,oJANVt+eoXJRI4OkSG0x1gTsGzY=
-40,14,iNRHj2BM8/YzbiZ2HHrRIREajP4=,oJANVt+eoXJRI4OkSG0x1gTsGzY=
-41,14,iNRHj2BM8/YzbiZ2HHrRIREajP4=,oJANVt+eoXJRI4OkSG0x1gTsGzY=
-42,14,iNRHj2BM8/YzbiZ2HHrRIREajP4=,oJANVt+eoXJRI4OkSG0x1gTsGzY=
-43,14,iNRHj2BM8/YzbiZ2HHrRIREajP4=,oJANVt+eoXJRI4OkSG0x1gTsGzY=
-44,14,iNRHj2BM8/YzbiZ2HHrRIREajP4=,oJANVt+eoXJRI4OkSG0x1gTsGzY=
-45,14,iNRHj2BM8/YzbiZ2HHrRIREajP4=,oJANVt+eoXJRI4OkSG0x1gTsGzY=
-46,14,iNRHj2BM8/YzbiZ2HHrRIREajP4=,oJANVt+eoXJRI4OkSG0x1gTsGzY=
-47,14,iNRHj2BM8/YzbiZ2HHrRIREajP4=,oJANVt+eoXJRI4OkSG0x1gTsGzY=
-48,14,iNRHj2BM8/YzbiZ2HHrRIREajP4=,oJANVt+eoXJRI4OkSG0x1gTsGzY=
-33,3,iNRHj2BM8/YzbiZ2HHrRIREajP4=,oJANVt+eoXJRI4OkSG0x1gTsGzY=
-33,13,iNRHj2BM8/YzbiZ2HHrRIREajP4=,oJANVt+eoXJRI4OkSG0x1gTsGzY=
-38,14,iNRHj2BM8/YzbiZ2HHrRIREajP4=,oJANVt+eoXJRI4OkSG0x1gTsGzY=
-47,2,iNRHj2BM8/YzbiZ2HHrRIREajP4=,oJANVt+eoXJRI4OkSG0x1gTsGzY=
-48,4,iNRHj2BM8/YzbiZ2HHrRIREajP4=,oJANVt+eoXJRI4OkSG0x1gTsGzY=
-47,4,iNRHj2BM8/YzbiZ2HHrRIREajP4=,oJANVt+eoXJRI4OkSG0x1gTsGzY=
-46,4,iNRHj2BM8/YzbiZ2HHrRIREajP4=,oJANVt+eoXJRI4OkSG0x1gTsGzY=
-45,4,iNRHj2BM8/YzbiZ2HHrRIREajP4=,oJANVt+eoXJRI4OkSG0x1gTsGzY=
-46,2,iNRHj2BM8/YzbiZ2HHrRIREajP4=,oJANVt+eoXJRI4OkSG0x1gTsGzY=
-34,13,iNRHj2BM8/YzbiZ2HHrRIREajP4=,oJANVt+eoXJRI4OkSG0x1gTsGzY=
-48,1,iNRHj2BM8/YzbiZ2HHrRIREajP4=,oJANVt+eoXJRI4OkSG0x1gTsGzY=
-43,0,iNRHj2BM8/YzbiZ2HHrRIREajP4=,oJANVt+eoXJRI4OkSG0x1gTsGzY=
-44,4,iNRHj2BM8/YzbiZ2HHrRIREajP4=,oJANVt+eoXJRI4OkSG0x1gTsGzY=
-43,4,iNRHj2BM8/YzbiZ2HHrRIREajP4=,oJANVt+eoXJRI4OkSG0x1gTsGzY=
-33,0,iNRHj2BM8/YzbiZ2HHrRIREajP4=,oJANVt+eoXJRI4OkSG0x1gTsGzY=
-35,13,iNRHj2BM8/YzbiZ2HHrRIREajP4=,oJANVt+eoXJRI4OkSG0x1gTsGzY=
-37,2,iNRHj2BM8/YzbiZ2HHrRIREajP4=,oJANVt+eoXJRI4OkSG0x1gTsGzY=
-42,4,iNRHj2BM8/YzbiZ2HHrRIREajP4=,oJANVt+eoXJRI4OkSG0x1gTsGzY=
-36,13,iNRHj2BM8/YzbiZ2HHrRIREajP4=,oJANVt+eoXJRI4OkSG0x1gTsGzY=
-37,13,iNRHj2BM8/YzbiZ2HHrRIREajP4=,oJANVt+eoXJRI4OkSG0x1gTsGzY=
-38,13,iNRHj2BM8/YzbiZ2HHrRIREajP4=,oJANVt+eoXJRI4OkSG0x1gTsGzY=
-40,13,iNRHj2BM8/YzbiZ2HHrRIREajP4=,oJANVt+eoXJRI4OkSG0x1gTsGzY=
-41,13,iNRHj2BM8/YzbiZ2HHrRIREajP4=,oJANVt+eoXJRI4OkSG0x1gTsGzY=
-42,13,iNRHj2BM8/YzbiZ2HHrRIREajP4=,oJANVt+eoXJRI4OkSG0x1gTsGzY=
-43,13,iNRHj2BM8/YzbiZ2HHrRIREajP4=,oJANVt+eoXJRI4OkSG0x1gTsGzY=
-41,4,iNRHj2BM8/YzbiZ2HHrRIREajP4=,oJANVt+eoXJRI4OkSG0x1gTsGzY=
-39,13,iNRHj2BM8/YzbiZ2HHrRIREajP4=,oJANVt+eoXJRI4OkSG0x1gTsGzY=
-44,13,iNRHj2BM8/YzbiZ2HHrRIREajP4=,oJANVt+eoXJRI4OkSG0x1gTsGzY=
-40,4,iNRHj2BM8/YzbiZ2HHrRIREajP4=,oJANVt+eoXJRI4OkSG0x1gTsGzY=
-45,13,iNRHj2BM8/YzbiZ2HHrRIREajP4=,oJANVt+eoXJRI4OkSG0x1gTsGzY=
-47,13,iNRHj2BM8/YzbiZ2HHrRIREajP4=,oJANVt+eoXJRI4OkSG0x1gTsGzY=
-39,4,iNRHj2BM8/YzbiZ2HHrRIREajP4=,oJANVt+eoXJRI4OkSG0x1gTsGzY=
-46,13,iNRHj2BM8/YzbiZ2HHrRIREajP4=,oJANVt+eoXJRI4OkSG0x1gTsGzY=
-48,13,iNRHj2BM8/YzbiZ2HHrRIREajP4=,oJANVt+eoXJRI4OkSG0x1gTsGzY=
-47,0,iNRHj2BM8/YzbiZ2HHrRIREajP4=,oJANVt+eoXJRI4OkSG0x1gTsGzY=
-38,4,iNRHj2BM8/YzbiZ2HHrRIREajP4=,oJANVt+eoXJRI4OkSG0x1gTsGzY=
-33,12,iNRHj2BM8/YzbiZ2HHrRIREajP4=,oJANVt+eoXJRI4OkSG0x1gTsGzY=
-34,12,iNRHj2BM8/YzbiZ2HHrRIREajP4=,oJANVt+eoXJRI4OkSG0x1gTsGzY=
-37,4,iNRHj2BM8/YzbiZ2HHrRIREajP4=,oJANVt+eoXJRI4OkSG0x1gTsGzY=
-35,12,iNRHj2BM8/YzbiZ2HHrRIREajP4=,oJANVt+eoXJRI4OkSG0x1gTsGzY=
-36,12,iNRHj2BM8/YzbiZ2HHrRIREajP4=,oJANVt+eoXJRI4OkSG0x1gTsGzY=
-38,2,iNRHj2BM8/YzbiZ2HHrRIREajP4=,oJANVt+eoXJRI4OkSG0x1gTsGzY=
-36,4,iNRHj2BM8/YzbiZ2HHrRIREajP4=,oJANVt+eoXJRI4OkSG0x1gTsGzY=
-34,0,iNRHj2BM8/YzbiZ2HHrRIREajP4=,oJANVt+eoXJRI4OkSG0x1gTsGzY=
-37,12,iNRHj2BM8/YzbiZ2HHrRIREajP4=,oJANVt+eoXJRI4OkSG0x1gTsGzY=
-35,4,iNRHj2BM8/YzbiZ2HHrRIREajP4=,oJANVt+eoXJRI4OkSG0x1gTsGzY=
-39,12,iNRHj2BM8/YzbiZ2HHrRIREajP4=,oJANVt+eoXJRI4OkSG0x1gTsGzY=
-40,12,iNRHj2BM8/YzbiZ2HHrRIREajP4=,oJANVt+eoXJRI4OkSG0x1gTsGzY=
-41,12,iNRHj2BM8/YzbiZ2HHrRIREajP4=,oJANVt+eoXJRI4OkSG0x1gTsGzY=
-42,12,iNRHj2BM8/YzbiZ2HHrRIREajP4=,oJANVt+eoXJRI4OkSG0x1gTsGzY=
-38,12,iNRHj2BM8/YzbiZ2HHrRIREajP4=,oJANVt+eoXJRI4OkSG0x1gTsGzY=
-43,12,iNRHj2BM8/YzbiZ2HHrRIREajP4=,oJANVt+eoXJRI4OkSG0x1gTsGzY=
-44,12,iNRHj2BM8/YzbiZ2HHrRIREajP4=,oJANVt+eoXJRI4OkSG0x1gTsGzY=
-34,4,iNRHj2BM8/YzbiZ2HHrRIREajP4=,oJANVt+eoXJRI4OkSG0x1gTsGzY=
-45,12,iNRHj2BM8/YzbiZ2HHrRIREajP4=,oJANVt+eoXJRI4OkSG0x1gTsGzY=
-46,12,iNRHj2BM8/YzbiZ2HHrRIREajP4=,oJANVt+eoXJRI4OkSG0x1gTsGzY=
-42,0,iNRHj2BM8/YzbiZ2HHrRIREajP4=,oJANVt+eoXJRI4OkSG0x1gTsGzY=
-48,12,iNRHj2BM8/YzbiZ2HHrRIREajP4=,oJANVt+eoXJRI4OkSG0x1gTsGzY=
-47,12,iNRHj2BM8/YzbiZ2HHrRIREajP4=,oJANVt+eoXJRI4OkSG0x1gTsGzY=
-33,4,iNRHj2BM8/YzbiZ2HHrRIREajP4=,oJANVt+eoXJRI4OkSG0x1gTsGzY=
-48,5,iNRHj2BM8/YzbiZ2HHrRIREajP4=,oJANVt+eoXJRI4OkSG0x1gTsGzY=
-46,5,iNRHj2BM8/YzbiZ2HHrRIREajP4=,oJANVt+eoXJRI4OkSG0x1gTsGzY=
-47,5,iNRHj2BM8/YzbiZ2HHrRIREajP4=,oJANVt+eoXJRI4OkSG0x1gTsGzY=
-45,5,iNRHj2BM8/YzbiZ2HHrRIREajP4=,oJANVt+eoXJRI4OkSG0x1gTsGzY=
-44,5,iNRHj2BM8/YzbiZ2HHrRIREajP4=,oJANVt+eoXJRI4OkSG0x1gTsGzY=
-33,11,iNRHj2BM8/YzbiZ2HHrRIREajP4=,oJANVt+eoXJRI4OkSG0x1gTsGzY=
-34,11,iNRHj2BM8/YzbiZ2HHrRIREajP4=,oJANVt+eoXJRI4OkSG0x1gTsGzY=
-45,2,iNRHj2BM8/YzbiZ2HHrRIREajP4=,oJANVt+eoXJRI4OkSG0x1gTsGzY=
-35,11,iNRHj2BM8/YzbiZ2HHrRIREajP4=,oJANVt+eoXJRI4OkSG0x1gTsGzY=
-36,11,iNRHj2BM8/YzbiZ2HHrRIREajP4=,oJANVt+eoXJRI4OkSG0x1gTsGzY=
-41,0,iNRHj2BM8/YzbiZ2HHrRIREajP4=,oJANVt+eoXJRI4OkSG0x1gTsGzY=
-43,5,iNRHj2BM8/YzbiZ2HHrRIREajP4=,oJANVt+eoXJRI4OkSG0x1gTsGzY=
-37,11,iNRHj2BM8/YzbiZ2HHrRIREajP4=,oJANVt+eoXJRI4OkSG0x1gTsGzY=
-35,0,iNRHj2BM8/YzbiZ2HHrRIREajP4=,oJANVt+eoXJRI4OkSG0x1gTsGzY=
-42,5,iNRHj2BM8/YzbiZ2HHrRIREajP4=,oJANVt+eoXJRI4OkSG0x1gTsGzY=
-39,2,iNRHj2BM8/YzbiZ2HHrRIREajP4=,oJANVt+eoXJRI4OkSG0x1gTsGzY=
-39,11,iNRHj2BM8/YzbiZ2HHrRIREajP4=,oJANVt+eoXJRI4OkSG0x1gTsGzY=
-38,11,iNRHj2BM8/YzbiZ2HHrRIREajP4=,oJANVt+eoXJRI4OkSG0x1gTsGzY=
-41,5,iNRHj2BM8/YzbiZ2HHrRIREajP4=,oJANVt+eoXJRI4OkSG0x1gTsGzY=
-40,11,iNRHj2BM8/YzbiZ2HHrRIREajP4=,oJANVt+eoXJRI4OkSG0x1gTsGzY=
-40,5,iNRHj2BM8/YzbiZ2HHrRIREajP4=,oJANVt+eoXJRI4OkSG0x1gTsGzY=
-41,11,iNRHj2BM8/YzbiZ2HHrRIREajP4=,oJANVt+eoXJRI4OkSG0x1gTsGzY=
-42,11,iNRHj2BM8/YzbiZ2HHrRIREajP4=,oJANVt+eoXJRI4OkSG0x1gTsGzY=
-43,11,iNRHj2BM8/YzbiZ2HHrRIREajP4=,oJANVt+eoXJRI4OkSG0x1gTsGzY=
-39,5,iNRHj2BM8/YzbiZ2HHrRIREajP4=,oJANVt+eoXJRI4OkSG0x1gTsGzY=
-44,11,iNRHj2BM8/YzbiZ2HHrRIREajP4=,oJANVt+eoXJRI4OkSG0x1gTsGzY=
-45,11,iNRHj2BM8/YzbiZ2HHrRIREajP4=,oJANVt+eoXJRI4OkSG0x1gTsGzY=
-38,5,iNRHj2BM8/YzbiZ2HHrRIREajP4=,oJANVt+eoXJRI4OkSG0x1gTsGzY=
-46,11,iNRHj2BM8/YzbiZ2HHrRIREajP4=,oJANVt+eoXJRI4OkSG0x1gTsGzY=
-47,11,iNRHj2BM8/YzbiZ2HHrRIREajP4=,oJANVt+eoXJRI4OkSG0x1gTsGzY=
-33,10,iNRHj2BM8/YzbiZ2HHrRIREajP4=,oJANVt+eoXJRI4OkSG0x1gTsGzY=
-34,10,iNRHj2BM8/YzbiZ2HHrRIREajP4=,oJANVt+eoXJRI4OkSG0x1gTsGzY=
-37,5,iNRHj2BM8/YzbiZ2HHrRIREajP4=,oJANVt+eoXJRI4OkSG0x1gTsGzY=
-48,11,iNRHj2BM8/YzbiZ2HHrRIREajP4=,oJANVt+eoXJRI4OkSG0x1gTsGzY=
-35,10,iNRHj2BM8/YzbiZ2HHrRIREajP4=,oJANVt+eoXJRI4OkSG0x1gTsGzY=
-36,5,iNRHj2BM8/YzbiZ2HHrRIREajP4=,oJANVt+eoXJRI4OkSG0x1gTsGzY=
-37,10,iNRHj2BM8/YzbiZ2HHrRIREajP4=,oJANVt+eoXJRI4OkSG0x1gTsGzY=
-36,10,iNRHj2BM8/YzbiZ2HHrRIREajP4=,oJANVt+eoXJRI4OkSG0x1gTsGzY=
-35,5,iNRHj2BM8/YzbiZ2HHrRIREajP4=,oJANVt+eoXJRI4OkSG0x1gTsGzY=
-34,5,iNRHj2BM8/YzbiZ2HHrRIREajP4=,oJANVt+eoXJRI4OkSG0x1gTsGzY=
-38,10,iNRHj2BM8/YzbiZ2HHrRIREajP4=,oJANVt+eoXJRI4OkSG0x1gTsGzY=
-36,0,iNRHj2BM8/YzbiZ2HHrRIREajP4=,oJANVt+eoXJRI4OkSG0x1gTsGzY=
-33,5,iNRHj2BM8/YzbiZ2HHrRIREajP4=,oJANVt+eoXJRI4OkSG0x1gTsGzY=
-48,6,iNRHj2BM8/YzbiZ2HHrRIREajP4=,oJANVt+eoXJRI4OkSG0x1gTsGzY=
-47,6,iNRHj2BM8/YzbiZ2HHrRIREajP4=,oJANVt+eoXJRI4OkSG0x1gTsGzY=
-46,6,iNRHj2BM8/YzbiZ2HHrRIREajP4=,oJANVt+eoXJRI4OkSG0x1gTsGzY=
-45,6,iNRHj2BM8/YzbiZ2HHrRIREajP4=,oJANVt+eoXJRI4OkSG0x1gTsGzY=
-44,6,iNRHj2BM8/YzbiZ2HHrRIREajP4=,oJANVt+eoXJRI4OkSG0x1gTsGzY=
-40,2,iNRHj2BM8/YzbiZ2HHrRIREajP4=,oJANVt+eoXJRI4OkSG0x1gTsGzY=
-39,10,iNRHj2BM8/YzbiZ2HHrRIREajP4=,oJANVt+eoXJRI4OkSG0x1gTsGzY=
-43,6,iNRHj2BM8/YzbiZ2HHrRIREajP4=,oJANVt+eoXJRI4OkSG0x1gTsGzY=
-40,10,iNRHj2BM8/YzbiZ2HHrRIREajP4=,oJANVt+eoXJRI4OkSG0x1gTsGzY=
-41,10,iNRHj2BM8/YzbiZ2HHrRIREajP4=,oJANVt+eoXJRI4OkSG0x1gTsGzY=
-44,2,iNRHj2BM8/YzbiZ2HHrRIREajP4=,oJANVt+eoXJRI4OkSG0x1gTsGzY=
-42,10,iNRHj2BM8/YzbiZ2HHrRIREajP4=,oJANVt+eoXJRI4OkSG0x1gTsGzY=
-43,10,iNRHj2BM8/YzbiZ2HHrRIREajP4=,oJANVt+eoXJRI4OkSG0x1gTsGzY=
-40,0,iNRHj2BM8/YzbiZ2HHrRIREajP4=,oJANVt+eoXJRI4OkSG0x1gTsGzY=
-44,10,iNRHj2BM8/YzbiZ2HHrRIREajP4=,oJANVt+eoXJRI4OkSG0x1gTsGzY=
-45,10,iNRHj2BM8/YzbiZ2HHrRIREajP4=,oJANVt+eoXJRI4OkSG0x1gTsGzY=
-46,10,iNRHj2BM8/YzbiZ2HHrRIREajP4=,oJANVt+eoXJRI4OkSG0x1gTsGzY=
-42,6,iNRHj2BM8/YzbiZ2HHrRIREajP4=,oJANVt+eoXJRI4OkSG0x1gTsGzY=
-47,10,iNRHj2BM8/YzbiZ2HHrRIREajP4=,oJANVt+eoXJRI4OkSG0x1gTsGzY=
-48,10,iNRHj2BM8/YzbiZ2HHrRIREajP4=,oJANVt+eoXJRI4OkSG0x1gTsGzY=
-34,9,iNRHj2BM8/YzbiZ2HHrRIREajP4=,oJANVt+eoXJRI4OkSG0x1gTsGzY=
-33,9,iNRHj2BM8/YzbiZ2HHrRIREajP4=,oJANVt+eoXJRI4OkSG0x1gTsGzY=
-41,6,iNRHj2BM8/YzbiZ2HHrRIREajP4=,oJANVt+eoXJRI4OkSG0x1gTsGzY=
-35,9,iNRHj2BM8/YzbiZ2HHrRIREajP4=,oJANVt+eoXJRI4OkSG0x1gTsGzY=
-40,6,iNRHj2BM8/YzbiZ2HHrRIREajP4=,oJANVt+eoXJRI4OkSG0x1gTsGzY=
-36,9,iNRHj2BM8/YzbiZ2HHrRIREajP4=,oJANVt+eoXJRI4OkSG0x1gTsGzY=
-38,9,iNRHj2BM8/YzbiZ2HHrRIREajP4=,oJANVt+eoXJRI4OkSG0x1gTsGzY=
-37,9,iNRHj2BM8/YzbiZ2HHrRIREajP4=,oJANVt+eoXJRI4OkSG0x1gTsGzY=
-39,6,iNRHj2BM8/YzbiZ2HHrRIREajP4=,oJANVt+eoXJRI4OkSG0x1gTsGzY=
-37,0,iNRHj2BM8/YzbiZ2HHrRIREajP4=,oJANVt+eoXJRI4OkSG0x1gTsGzY=
-39,9,iNRHj2BM8/YzbiZ2HHrRIREajP4=,oJANVt+eoXJRI4OkSG0x1gTsGzY=
-38,6,iNRHj2BM8/YzbiZ2HHrRIREajP4=,oJANVt+eoXJRI4OkSG0x1gTsGzY=
-41,2,iNRHj2BM8/YzbiZ2HHrRIREajP4=,oJANVt+eoXJRI4OkSG0x1gTsGzY=
-40,9,iNRHj2BM8/YzbiZ2HHrRIREajP4=,oJANVt+eoXJRI4OkSG0x1gTsGzY=
-41,9,iNRHj2BM8/YzbiZ2HHrRIREajP4=,oJANVt+eoXJRI4OkSG0x1gTsGzY=
-37,6,iNRHj2BM8/YzbiZ2HHrRIREajP4=,oJANVt+eoXJRI4OkSG0x1gTsGzY=
-42,9,iNRHj2BM8/YzbiZ2HHrRIREajP4=,oJANVt+eoXJRI4OkSG0x1gTsGzY=
-43,9,iNRHj2BM8/YzbiZ2HHrRIREajP4=,oJANVt+eoXJRI4OkSG0x1gTsGzY=
-36,6,iNRHj2BM8/YzbiZ2HHrRIREajP4=,oJANVt+eoXJRI4OkSG0x1gTsGzY=
-34,6,iNRHj2BM8/YzbiZ2HHrRIREajP4=,oJANVt+eoXJRI4OkSG0x1gTsGzY=
-35,6,iNRHj2BM8/YzbiZ2HHrRIREajP4=,oJANVt+eoXJRI4OkSG0x1gTsGzY=
-44,9,iNRHj2BM8/YzbiZ2HHrRIREajP4=,oJANVt+eoXJRI4OkSG0x1gTsGzY=
-45,9,iNRHj2BM8/YzbiZ2HHrRIREajP4=,oJANVt+eoXJRI4OkSG0x1gTsGzY=
-33,6,iNRHj2BM8/YzbiZ2HHrRIREajP4=,oJANVt+eoXJRI4OkSG0x1gTsGzY=
-46,9,iNRHj2BM8/YzbiZ2HHrRIREajP4=,oJANVt+eoXJRI4OkSG0x1gTsGzY=
-48,7,iNRHj2BM8/YzbiZ2HHrRIREajP4=,oJANVt+eoXJRI4OkSG0x1gTsGzY=
-47,9,iNRHj2BM8/YzbiZ2HHrRIREajP4=,oJANVt+eoXJRI4OkSG0x1gTsGzY=
-33,8,iNRHj2BM8/YzbiZ2HHrRIREajP4=,oJANVt+eoXJRI4OkSG0x1gTsGzY=
-34,8,iNRHj2BM8/YzbiZ2HHrRIREajP4=,oJANVt+eoXJRI4OkSG0x1gTsGzY=
-48,9,iNRHj2BM8/YzbiZ2HHrRIREajP4=,oJANVt+eoXJRI4OkSG0x1gTsGzY=
-35,8,iNRHj2BM8/YzbiZ2HHrRIREajP4=,oJANVt+eoXJRI4OkSG0x1gTsGzY=
-47,7,iNRHj2BM8/YzbiZ2HHrRIREajP4=,oJANVt+eoXJRI4OkSG0x1gTsGzY=
-36,8,iNRHj2BM8/YzbiZ2HHrRIREajP4=,oJANVt+eoXJRI4OkSG0x1gTsGzY=
-37,8,iNRHj2BM8/YzbiZ2HHrRIREajP4=,oJANVt+eoXJRI4OkSG0x1gTsGzY=
-38,8,iNRHj2BM8/YzbiZ2HHrRIREajP4=,oJANVt+eoXJRI4OkSG0x1gTsGzY=
-46,7,iNRHj2BM8/YzbiZ2HHrRIREajP4=,oJANVt+eoXJRI4OkSG0x1gTsGzY=
-45,7,iNRHj2BM8/YzbiZ2HHrRIREajP4=,oJANVt+eoXJRI4OkSG0x1gTsGzY=
-39,8,iNRHj2BM8/YzbiZ2HHrRIREajP4=,oJANVt+eoXJRI4OkSG0x1gTsGzY=
-40,8,iNRHj2BM8/YzbiZ2HHrRIREajP4=,oJANVt+eoXJRI4OkSG0x1gTsGzY=
-42,2,iNRHj2BM8/YzbiZ2HHrRIREajP4=,oJANVt+eoXJRI4OkSG0x1gTsGzY=
-38,0,iNRHj2BM8/YzbiZ2HHrRIREajP4=,oJANVt+eoXJRI4OkSG0x1gTsGzY=
-44,7,iNRHj2BM8/YzbiZ2HHrRIREajP4=,oJANVt+eoXJRI4OkSG0x1gTsGzY=
-41,8,iNRHj2BM8/YzbiZ2HHrRIREajP4=,oJANVt+eoXJRI4OkSG0x1gTsGzY=
-42,8,iNRHj2BM8/YzbiZ2HHrRIREajP4=,oJANVt+eoXJRI4OkSG0x1gTsGzY=
-43,7,iNRHj2BM8/YzbiZ2HHrRIREajP4=,oJANVt+eoXJRI4OkSG0x1gTsGzY=
-43,8,iNRHj2BM8/YzbiZ2HHrRIREajP4=,oJANVt+eoXJRI4OkSG0x1gTsGzY=
-44,8,iNRHj2BM8/YzbiZ2HHrRIREajP4=,oJANVt+eoXJRI4OkSG0x1gTsGzY=
-45,8,iNRHj2BM8/YzbiZ2HHrRIREajP4=,oJANVt+eoXJRI4OkSG0x1gTsGzY=
-42,7,iNRHj2BM8/YzbiZ2HHrRIREajP4=,oJANVt+eoXJRI4OkSG0x1gTsGzY=
-46,8,iNRHj2BM8/YzbiZ2HHrRIREajP4=,oJANVt+eoXJRI4OkSG0x1gTsGzY=
-47,8,iNRHj2BM8/YzbiZ2HHrRIREajP4=,oJANVt+eoXJRI4OkSG0x1gTsGzY=
-33,7,iNRHj2BM8/YzbiZ2HHrRIREajP4=,oJANVt+eoXJRI4OkSG0x1gTsGzY=
-34,7,iNRHj2BM8/YzbiZ2HHrRIREajP4=,oJANVt+eoXJRI4OkSG0x1gTsGzY=
-48,0,iNRHj2BM8/YzbiZ2HHrRIREajP4=,oJANVt+eoXJRI4OkSG0x1gTsGzY=
-35,7,iNRHj2BM8/YzbiZ2HHrRIREajP4=,oJANVt+eoXJRI4OkSG0x1gTsGzY=
-48,8,iNRHj2BM8/YzbiZ2HHrRIREajP4=,oJANVt+eoXJRI4OkSG0x1gTsGzY=
-36,7,iNRHj2BM8/YzbiZ2HHrRIREajP4=,oJANVt+eoXJRI4OkSG0x1gTsGzY=
-43,2,iNRHj2BM8/YzbiZ2HHrRIREajP4=,oJANVt+eoXJRI4OkSG0x1gTsGzY=
-37,7,iNRHj2BM8/YzbiZ2HHrRIREajP4=,oJANVt+eoXJRI4OkSG0x1gTsGzY=
-38,7,iNRHj2BM8/YzbiZ2HHrRIREajP4=,oJANVt+eoXJRI4OkSG0x1gTsGzY=
-39,0,iNRHj2BM8/YzbiZ2HHrRIREajP4=,oJANVt+eoXJRI4OkSG0x1gTsGzY=
-39,7,iNRHj2BM8/YzbiZ2HHrRIREajP4=,oJANVt+eoXJRI4OkSG0x1gTsGzY=
-40,7,iNRHj2BM8/YzbiZ2HHrRIREajP4=,oJANVt+eoXJRI4OkSG0x1gTsGzY=
-41,7,iNRHj2BM8/YzbiZ2HHrRIREajP4=,oJANVt+eoXJRI4OkSG0x1gTsGzY=
-49,15,iNRHj2BM8/YzbiZ2HHrRIREajP4=,oJp7S+spCOAXYgIkmTfGEHNd2hU=
-52,15,iNRHj2BM8/YzbiZ2HHrRIREajP4=,oJp7S+spCOAXYgIkmTfGEHNd2hU=
-50,15,iNRHj2BM8/YzbiZ2HHrRIREajP4=,oJp7S+spCOAXYgIkmTfGEHNd2hU=
-51,2,iNRHj2BM8/YzbiZ2HHrRIREajP4=,oJp7S+spCOAXYgIkmTfGEHNd2hU=
-51,15,iNRHj2BM8/YzbiZ2HHrRIREajP4=,oJp7S+spCOAXYgIkmTfGEHNd2hU=
-53,15,iNRHj2BM8/YzbiZ2HHrRIREajP4=,oJp7S+spCOAXYgIkmTfGEHNd2hU=
-61,0,iNRHj2BM8/YzbiZ2HHrRIREajP4=,oJp7S+spCOAXYgIkmTfGEHNd2hU=
-55,15,iNRHj2BM8/YzbiZ2HHrRIREajP4=,oJp7S+spCOAXYgIkmTfGEHNd2hU=
-54,15,iNRHj2BM8/YzbiZ2HHrRIREajP4=,oJp7S+spCOAXYgIkmTfGEHNd2hU=
-56,15,iNRHj2BM8/YzbiZ2HHrRIREajP4=,oJp7S+spCOAXYgIkmTfGEHNd2hU=
-50,2,iNRHj2BM8/YzbiZ2HHrRIREajP4=,oJp7S+spCOAXYgIkmTfGEHNd2hU=
-57,15,iNRHj2BM8/YzbiZ2HHrRIREajP4=,oJp7S+spCOAXYgIkmTfGEHNd2hU=
-49,2,iNRHj2BM8/YzbiZ2HHrRIREajP4=,oJp7S+spCOAXYgIkmTfGEHNd2hU=
-59,15,iNRHj2BM8/YzbiZ2HHrRIREajP4=,oJp7S+spCOAXYgIkmTfGEHNd2hU=
-58,15,iNRHj2BM8/YzbiZ2HHrRIREajP4=,oJp7S+spCOAXYgIkmTfGEHNd2hU=
-64,3,iNRHj2BM8/YzbiZ2HHrRIREajP4=,oJp7S+spCOAXYgIkmTfGEHNd2hU=
-60,15,iNRHj2BM8/YzbiZ2HHrRIREajP4=,oJp7S+spCOAXYgIkmTfGEHNd2hU=
-63,3,iNRHj2BM8/YzbiZ2HHrRIREajP4=,oJp7S+spCOAXYgIkmTfGEHNd2hU=
-62,3,iNRHj2BM8/YzbiZ2HHrRIREajP4=,oJp7S+spCOAXYgIkmTfGEHNd2hU=
-50,1,iNRHj2BM8/YzbiZ2HHrRIREajP4=,oJp7S+spCOAXYgIkmTfGEHNd2hU=
-61,3,iNRHj2BM8/YzbiZ2HHrRIREajP4=,oJp7S+spCOAXYgIkmTfGEHNd2hU=
-60,3,iNRHj2BM8/YzbiZ2HHrRIREajP4=,oJp7S+spCOAXYgIkmTfGEHNd2hU=
-64,2,iNRHj2BM8/YzbiZ2HHrRIREajP4=,oJp7S+spCOAXYgIkmTfGEHNd2hU=
-52,1,iNRHj2BM8/YzbiZ2HHrRIREajP4=,oJp7S+spCOAXYgIkmTfGEHNd2hU=
-60,0,iNRHj2BM8/YzbiZ2HHrRIREajP4=,oJp7S+spCOAXYgIkmTfGEHNd2hU=
-53,1,iNRHj2BM8/YzbiZ2HHrRIREajP4=,oJp7S+spCOAXYgIkmTfGEHNd2hU=
-51,1,iNRHj2BM8/YzbiZ2HHrRIREajP4=,oJp7S+spCOAXYgIkmTfGEHNd2hU=
-59,3,iNRHj2BM8/YzbiZ2HHrRIREajP4=,oJp7S+spCOAXYgIkmTfGEHNd2hU=
-54,1,iNRHj2BM8/YzbiZ2HHrRIREajP4=,oJp7S+spCOAXYgIkmTfGEHNd2hU=
-58,3,iNRHj2BM8/YzbiZ2HHrRIREajP4=,oJp7S+spCOAXYgIkmTfGEHNd2hU=
-57,3,iNRHj2BM8/YzbiZ2HHrRIREajP4=,oJp7S+spCOAXYgIkmTfGEHNd2hU=
-55,1,iNRHj2BM8/YzbiZ2HHrRIREajP4=,oJp7S+spCOAXYgIkmTfGEHNd2hU=
-56,1,iNRHj2BM8/YzbiZ2HHrRIREajP4=,oJp7S+spCOAXYgIkmTfGEHNd2hU=
-56,3,iNRHj2BM8/YzbiZ2HHrRIREajP4=,oJp7S+spCOAXYgIkmTfGEHNd2hU=
-55,3,iNRHj2BM8/YzbiZ2HHrRIREajP4=,oJp7S+spCOAXYgIkmTfGEHNd2hU=
-61,15,iNRHj2BM8/YzbiZ2HHrRIREajP4=,oJp7S+spCOAXYgIkmTfGEHNd2hU=
-54,3,iNRHj2BM8/YzbiZ2HHrRIREajP4=,oJp7S+spCOAXYgIkmTfGEHNd2hU=
-62,15,iNRHj2BM8/YzbiZ2HHrRIREajP4=,oJp7S+spCOAXYgIkmTfGEHNd2hU=
-53,3,iNRHj2BM8/YzbiZ2HHrRIREajP4=,oJp7S+spCOAXYgIkmTfGEHNd2hU=
-57,1,iNRHj2BM8/YzbiZ2HHrRIREajP4=,oJp7S+spCOAXYgIkmTfGEHNd2hU=
-52,3,iNRHj2BM8/YzbiZ2HHrRIREajP4=,oJp7S+spCOAXYgIkmTfGEHNd2hU=
-51,3,iNRHj2BM8/YzbiZ2HHrRIREajP4=,oJp7S+spCOAXYgIkmTfGEHNd2hU=
-63,15,iNRHj2BM8/YzbiZ2HHrRIREajP4=,oJp7S+spCOAXYgIkmTfGEHNd2hU=
-50,3,iNRHj2BM8/YzbiZ2HHrRIREajP4=,oJp7S+spCOAXYgIkmTfGEHNd2hU=
-63,1,iNRHj2BM8/YzbiZ2HHrRIREajP4=,oJp7S+spCOAXYgIkmTfGEHNd2hU=
-63,2,iNRHj2BM8/YzbiZ2HHrRIREajP4=,oJp7S+spCOAXYgIkmTfGEHNd2hU=
-58,1,iNRHj2BM8/YzbiZ2HHrRIREajP4=,oJp7S+spCOAXYgIkmTfGEHNd2hU=
-49,3,iNRHj2BM8/YzbiZ2HHrRIREajP4=,oJp7S+spCOAXYgIkmTfGEHNd2hU=
-64,4,iNRHj2BM8/YzbiZ2HHrRIREajP4=,oJp7S+spCOAXYgIkmTfGEHNd2hU=
-59,1,iNRHj2BM8/YzbiZ2HHrRIREajP4=,oJp7S+spCOAXYgIkmTfGEHNd2hU=
-63,4,iNRHj2BM8/YzbiZ2HHrRIREajP4=,oJp7S+spCOAXYgIkmTfGEHNd2hU=
-60,1,iNRHj2BM8/YzbiZ2HHrRIREajP4=,oJp7S+spCOAXYgIkmTfGEHNd2hU=
-62,4,iNRHj2BM8/YzbiZ2HHrRIREajP4=,oJp7S+spCOAXYgIkmTfGEHNd2hU=
-64,15,iNRHj2BM8/YzbiZ2HHrRIREajP4=,oJp7S+spCOAXYgIkmTfGEHNd2hU=
-61,4,iNRHj2BM8/YzbiZ2HHrRIREajP4=,oJp7S+spCOAXYgIkmTfGEHNd2hU=
-61,1,iNRHj2BM8/YzbiZ2HHrRIREajP4=,oJp7S+spCOAXYgIkmTfGEHNd2hU=
-62,2,iNRHj2BM8/YzbiZ2HHrRIREajP4=,oJp7S+spCOAXYgIkmTfGEHNd2hU=
-49,14,iNRHj2BM8/YzbiZ2HHrRIREajP4=,oJp7S+spCOAXYgIkmTfGEHNd2hU=
-60,4,iNRHj2BM8/YzbiZ2HHrRIREajP4=,oJp7S+spCOAXYgIkmTfGEHNd2hU=
-62,1,iNRHj2BM8/YzbiZ2HHrRIREajP4=,oJp7S+spCOAXYgIkmTfGEHNd2hU=
-59,0,iNRHj2BM8/YzbiZ2HHrRIREajP4=,oJp7S+spCOAXYgIkmTfGEHNd2hU=
-50,14,iNRHj2BM8/YzbiZ2HHrRIREajP4=,oJp7S+spCOAXYgIkmTfGEHNd2hU=
-59,4,iNRHj2BM8/YzbiZ2HHrRIREajP4=,oJp7S+spCOAXYgIkmTfGEHNd2hU=
-58,4,iNRHj2BM8/YzbiZ2HHrRIREajP4=,oJp7S+spCOAXYgIkmTfGEHNd2hU=
-62,0,iNRHj2BM8/YzbiZ2HHrRIREajP4=,oJp7S+spCOAXYgIkmTfGEHNd2hU=
-57,4,iNRHj2BM8/YzbiZ2HHrRIREajP4=,oJp7S+spCOAXYgIkmTfGEHNd2hU=
-52,2,iNRHj2BM8/YzbiZ2HHrRIREajP4=,oJp7S+spCOAXYgIkmTfGEHNd2hU=
-56,4,iNRHj2BM8/YzbiZ2HHrRIREajP4=,oJp7S+spCOAXYgIkmTfGEHNd2hU=
-51,14,iNRHj2BM8/YzbiZ2HHrRIREajP4=,oJp7S+spCOAXYgIkmTfGEHNd2hU=
-55,4,iNRHj2BM8/YzbiZ2HHrRIREajP4=,oJp7S+spCOAXYgIkmTfGEHNd2hU=
-54,4,iNRHj2BM8/YzbiZ2HHrRIREajP4=,oJp7S+spCOAXYgIkmTfGEHNd2hU=
-52,14,iNRHj2BM8/YzbiZ2HHrRIREajP4=,oJp7S+spCOAXYgIkmTfGEHNd2hU=
-53,4,iNRHj2BM8/YzbiZ2HHrRIREajP4=,oJp7S+spCOAXYgIkmTfGEHNd2hU=
-53,14,iNRHj2BM8/YzbiZ2HHrRIREajP4=,oJp7S+spCOAXYgIkmTfGEHNd2hU=
-52,4,iNRHj2BM8/YzbiZ2HHrRIREajP4=,oJp7S+spCOAXYgIkmTfGEHNd2hU=
-54,14,iNRHj2BM8/YzbiZ2HHrRIREajP4=,oJp7S+spCOAXYgIkmTfGEHNd2hU=
-51,4,iNRHj2BM8/YzbiZ2HHrRIREajP4=,oJp7S+spCOAXYgIkmTfGEHNd2hU=
-50,4,iNRHj2BM8/YzbiZ2HHrRIREajP4=,oJp7S+spCOAXYgIkmTfGEHNd2hU=
-55,14,iNRHj2BM8/YzbiZ2HHrRIREajP4=,oJp7S+spCOAXYgIkmTfGEHNd2hU=
-49,4,iNRHj2BM8/YzbiZ2HHrRIREajP4=,oJp7S+spCOAXYgIkmTfGEHNd2hU=
-56,14,iNRHj2BM8/YzbiZ2HHrRIREajP4=,oJp7S+spCOAXYgIkmTfGEHNd2hU=
-58,0,iNRHj2BM8/YzbiZ2HHrRIREajP4=,oJp7S+spCOAXYgIkmTfGEHNd2hU=
-57,14,iNRHj2BM8/YzbiZ2HHrRIREajP4=,oJp7S+spCOAXYgIkmTfGEHNd2hU=
-64,5,iNRHj2BM8/YzbiZ2HHrRIREajP4=,oJp7S+spCOAXYgIkmTfGEHNd2hU=
-58,14,iNRHj2BM8/YzbiZ2HHrRIREajP4=,oJp7S+spCOAXYgIkmTfGEHNd2hU=
-63,5,iNRHj2BM8/YzbiZ2HHrRIREajP4=,oJp7S+spCOAXYgIkmTfGEHNd2hU=
-59,14,iNRHj2BM8/YzbiZ2HHrRIREajP4=,oJp7S+spCOAXYgIkmTfGEHNd2hU=
-62,5,iNRHj2BM8/YzbiZ2HHrRIREajP4=,oJp7S+spCOAXYgIkmTfGEHNd2hU=
-61,5,iNRHj2BM8/YzbiZ2HHrRIREajP4=,oJp7S+spCOAXYgIkmTfGEHNd2hU=
-60,14,iNRHj2BM8/YzbiZ2HHrRIREajP4=,oJp7S+spCOAXYgIkmTfGEHNd2hU=
-60,5,iNRHj2BM8/YzbiZ2HHrRIREajP4=,oJp7S+spCOAXYgIkmTfGEHNd2hU=
-61,14,iNRHj2BM8/YzbiZ2HHrRIREajP4=,oJp7S+spCOAXYgIkmTfGEHNd2hU=
-61,2,iNRHj2BM8/YzbiZ2HHrRIREajP4=,oJp7S+spCOAXYgIkmTfGEHNd2hU=
-62,14,iNRHj2BM8/YzbiZ2HHrRIREajP4=,oJp7S+spCOAXYgIkmTfGEHNd2hU=
-59,5,iNRHj2BM8/YzbiZ2HHrRIREajP4=,oJp7S+spCOAXYgIkmTfGEHNd2hU=
-63,14,iNRHj2BM8/YzbiZ2HHrRIREajP4=,oJp7S+spCOAXYgIkmTfGEHNd2hU=
-57,0,iNRHj2BM8/YzbiZ2HHrRIREajP4=,oJp7S+spCOAXYgIkmTfGEHNd2hU=
-64,14,iNRHj2BM8/YzbiZ2HHrRIREajP4=,oJp7S+spCOAXYgIkmTfGEHNd2hU=
-58,5,iNRHj2BM8/YzbiZ2HHrRIREajP4=,oJp7S+spCOAXYgIkmTfGEHNd2hU=
-49,13,iNRHj2BM8/YzbiZ2HHrRIREajP4=,oJp7S+spCOAXYgIkmTfGEHNd2hU=
-57,5,iNRHj2BM8/YzbiZ2HHrRIREajP4=,oJp7S+spCOAXYgIkmTfGEHNd2hU=
-50,13,iNRHj2BM8/YzbiZ2HHrRIREajP4=,oJp7S+spCOAXYgIkmTfGEHNd2hU=
-56,5,iNRHj2BM8/YzbiZ2HHrRIREajP4=,oJp7S+spCOAXYgIkmTfGEHNd2hU=
-55,5,iNRHj2BM8/YzbiZ2HHrRIREajP4=,oJp7S+spCOAXYgIkmTfGEHNd2hU=
-64,1,iNRHj2BM8/YzbiZ2HHrRIREajP4=,oJp7S+spCOAXYgIkmTfGEHNd2hU=
-54,5,iNRHj2BM8/YzbiZ2HHrRIREajP4=,oJp7S+spCOAXYgIkmTfGEHNd2hU=
-51,13,iNRHj2BM8/YzbiZ2HHrRIREajP4=,oJp7S+spCOAXYgIkmTfGEHNd2hU=
-53,5,iNRHj2BM8/YzbiZ2HHrRIREajP4=,oJp7S+spCOAXYgIkmTfGEHNd2hU=
-52,5,iNRHj2BM8/YzbiZ2HHrRIREajP4=,oJp7S+spCOAXYgIkmTfGEHNd2hU=
-51,5,iNRHj2BM8/YzbiZ2HHrRIREajP4=,oJp7S+spCOAXYgIkmTfGEHNd2hU=
-50,5,iNRHj2BM8/YzbiZ2HHrRIREajP4=,oJp7S+spCOAXYgIkmTfGEHNd2hU=
-49,5,iNRHj2BM8/YzbiZ2HHrRIREajP4=,oJp7S+spCOAXYgIkmTfGEHNd2hU=
-64,6,iNRHj2BM8/YzbiZ2HHrRIREajP4=,oJp7S+spCOAXYgIkmTfGEHNd2hU=
-63,6,iNRHj2BM8/YzbiZ2HHrRIREajP4=,oJp7S+spCOAXYgIkmTfGEHNd2hU=
-62,6,iNRHj2BM8/YzbiZ2HHrRIREajP4=,oJp7S+spCOAXYgIkmTfGEHNd2hU=
-61,6,iNRHj2BM8/YzbiZ2HHrRIREajP4=,oJp7S+spCOAXYgIkmTfGEHNd2hU=
-60,6,iNRHj2BM8/YzbiZ2HHrRIREajP4=,oJp7S+spCOAXYgIkmTfGEHNd2hU=
-59,6,iNRHj2BM8/YzbiZ2HHrRIREajP4=,oJp7S+spCOAXYgIkmTfGEHNd2hU=
-60,2,iNRHj2BM8/YzbiZ2HHrRIREajP4=,oJp7S+spCOAXYgIkmTfGEHNd2hU=
-58,6,iNRHj2BM8/YzbiZ2HHrRIREajP4=,oJp7S+spCOAXYgIkmTfGEHNd2hU=
-56,0,iNRHj2BM8/YzbiZ2HHrRIREajP4=,oJp7S+spCOAXYgIkmTfGEHNd2hU=
-57,6,iNRHj2BM8/YzbiZ2HHrRIREajP4=,oJp7S+spCOAXYgIkmTfGEHNd2hU=
-56,6,iNRHj2BM8/YzbiZ2HHrRIREajP4=,oJp7S+spCOAXYgIkmTfGEHNd2hU=
-55,6,iNRHj2BM8/YzbiZ2HHrRIREajP4=,oJp7S+spCOAXYgIkmTfGEHNd2hU=
-54,6,iNRHj2BM8/YzbiZ2HHrRIREajP4=,oJp7S+spCOAXYgIkmTfGEHNd2hU=
-53,6,iNRHj2BM8/YzbiZ2HHrRIREajP4=,oJp7S+spCOAXYgIkmTfGEHNd2hU=
-52,6,iNRHj2BM8/YzbiZ2HHrRIREajP4=,oJp7S+spCOAXYgIkmTfGEHNd2hU=
-51,6,iNRHj2BM8/YzbiZ2HHrRIREajP4=,oJp7S+spCOAXYgIkmTfGEHNd2hU=
-50,6,iNRHj2BM8/YzbiZ2HHrRIREajP4=,oJp7S+spCOAXYgIkmTfGEHNd2hU=
-49,6,iNRHj2BM8/YzbiZ2HHrRIREajP4=,oJp7S+spCOAXYgIkmTfGEHNd2hU=
-64,7,iNRHj2BM8/YzbiZ2HHrRIREajP4=,oJp7S+spCOAXYgIkmTfGEHNd2hU=
-63,7,iNRHj2BM8/YzbiZ2HHrRIREajP4=,oJp7S+spCOAXYgIkmTfGEHNd2hU=
-62,7,iNRHj2BM8/YzbiZ2HHrRIREajP4=,oJp7S+spCOAXYgIkmTfGEHNd2hU=
-61,7,iNRHj2BM8/YzbiZ2HHrRIREajP4=,oJp7S+spCOAXYgIkmTfGEHNd2hU=
-60,7,iNRHj2BM8/YzbiZ2HHrRIREajP4=,oJp7S+spCOAXYgIkmTfGEHNd2hU=
-59,7,iNRHj2BM8/YzbiZ2HHrRIREajP4=,oJp7S+spCOAXYgIkmTfGEHNd2hU=
-58,7,iNRHj2BM8/YzbiZ2HHrRIREajP4=,oJp7S+spCOAXYgIkmTfGEHNd2hU=
-64,0,iNRHj2BM8/YzbiZ2HHrRIREajP4=,oJp7S+spCOAXYgIkmTfGEHNd2hU=
-59,2,iNRHj2BM8/YzbiZ2HHrRIREajP4=,oJp7S+spCOAXYgIkmTfGEHNd2hU=
-57,7,iNRHj2BM8/YzbiZ2HHrRIREajP4=,oJp7S+spCOAXYgIkmTfGEHNd2hU=
-55,0,iNRHj2BM8/YzbiZ2HHrRIREajP4=,oJp7S+spCOAXYgIkmTfGEHNd2hU=
-56,7,iNRHj2BM8/YzbiZ2HHrRIREajP4=,oJp7S+spCOAXYgIkmTfGEHNd2hU=
-55,7,iNRHj2BM8/YzbiZ2HHrRIREajP4=,oJp7S+spCOAXYgIkmTfGEHNd2hU=
-54,7,iNRHj2BM8/YzbiZ2HHrRIREajP4=,oJp7S+spCOAXYgIkmTfGEHNd2hU=
-53,7,iNRHj2BM8/YzbiZ2HHrRIREajP4=,oJp7S+spCOAXYgIkmTfGEHNd2hU=
-52,7,iNRHj2BM8/YzbiZ2HHrRIREajP4=,oJp7S+spCOAXYgIkmTfGEHNd2hU=
-51,7,iNRHj2BM8/YzbiZ2HHrRIREajP4=,oJp7S+spCOAXYgIkmTfGEHNd2hU=
-49,1,iNRHj2BM8/YzbiZ2HHrRIREajP4=,oJp7S+spCOAXYgIkmTfGEHNd2hU=
-50,7,iNRHj2BM8/YzbiZ2HHrRIREajP4=,oJp7S+spCOAXYgIkmTfGEHNd2hU=
-53,2,iNRHj2BM8/YzbiZ2HHrRIREajP4=,oJp7S+spCOAXYgIkmTfGEHNd2hU=
-49,7,iNRHj2BM8/YzbiZ2HHrRIREajP4=,oJp7S+spCOAXYgIkmTfGEHNd2hU=
-64,8,iNRHj2BM8/YzbiZ2HHrRIREajP4=,oJp7S+spCOAXYgIkmTfGEHNd2hU=
-52,13,iNRHj2BM8/YzbiZ2HHrRIREajP4=,oJp7S+spCOAXYgIkmTfGEHNd2hU=
-63,8,iNRHj2BM8/YzbiZ2HHrRIREajP4=,oJp7S+spCOAXYgIkmTfGEHNd2hU=
-53,13,iNRHj2BM8/YzbiZ2HHrRIREajP4=,oJp7S+spCOAXYgIkmTfGEHNd2hU=
-62,8,iNRHj2BM8/YzbiZ2HHrRIREajP4=,oJp7S+spCOAXYgIkmTfGEHNd2hU=
-54,13,iNRHj2BM8/YzbiZ2HHrRIREajP4=,oJp7S+spCOAXYgIkmTfGEHNd2hU=
-61,8,iNRHj2BM8/YzbiZ2HHrRIREajP4=,oJp7S+spCOAXYgIkmTfGEHNd2hU=
-60,8,iNRHj2BM8/YzbiZ2HHrRIREajP4=,oJp7S+spCOAXYgIkmTfGEHNd2hU=
-55,13,iNRHj2BM8/YzbiZ2HHrRIREajP4=,oJp7S+spCOAXYgIkmTfGEHNd2hU=
-59,8,iNRHj2BM8/YzbiZ2HHrRIREajP4=,oJp7S+spCOAXYgIkmTfGEHNd2hU=
-56,13,iNRHj2BM8/YzbiZ2HHrRIREajP4=,oJp7S+spCOAXYgIkmTfGEHNd2hU=
-58,8,iNRHj2BM8/YzbiZ2HHrRIREajP4=,oJp7S+spCOAXYgIkmTfGEHNd2hU=
-57,8,iNRHj2BM8/YzbiZ2HHrRIREajP4=,oJp7S+spCOAXYgIkmTfGEHNd2hU=
-57,13,iNRHj2BM8/YzbiZ2HHrRIREajP4=,oJp7S+spCOAXYgIkmTfGEHNd2hU=
-58,2,iNRHj2BM8/YzbiZ2HHrRIREajP4=,oJp7S+spCOAXYgIkmTfGEHNd2hU=
-58,13,iNRHj2BM8/YzbiZ2HHrRIREajP4=,oJp7S+spCOAXYgIkmTfGEHNd2hU=
-56,8,iNRHj2BM8/YzbiZ2HHrRIREajP4=,oJp7S+spCOAXYgIkmTfGEHNd2hU=
-59,13,iNRHj2BM8/YzbiZ2HHrRIREajP4=,oJp7S+spCOAXYgIkmTfGEHNd2hU=
-54,0,iNRHj2BM8/YzbiZ2HHrRIREajP4=,oJp7S+spCOAXYgIkmTfGEHNd2hU=
-60,13,iNRHj2BM8/YzbiZ2HHrRIREajP4=,oJp7S+spCOAXYgIkmTfGEHNd2hU=
-55,8,iNRHj2BM8/YzbiZ2HHrRIREajP4=,oJp7S+spCOAXYgIkmTfGEHNd2hU=
-61,13,iNRHj2BM8/YzbiZ2HHrRIREajP4=,oJp7S+spCOAXYgIkmTfGEHNd2hU=
-54,8,iNRHj2BM8/YzbiZ2HHrRIREajP4=,oJp7S+spCOAXYgIkmTfGEHNd2hU=
-53,8,iNRHj2BM8/YzbiZ2HHrRIREajP4=,oJp7S+spCOAXYgIkmTfGEHNd2hU=
-62,13,iNRHj2BM8/YzbiZ2HHrRIREajP4=,oJp7S+spCOAXYgIkmTfGEHNd2hU=
-63,13,iNRHj2BM8/YzbiZ2HHrRIREajP4=,oJp7S+spCOAXYgIkmTfGEHNd2hU=
-52,8,iNRHj2BM8/YzbiZ2HHrRIREajP4=,oJp7S+spCOAXYgIkmTfGEHNd2hU=
-51,8,iNRHj2BM8/YzbiZ2HHrRIREajP4=,oJp7S+spCOAXYgIkmTfGEHNd2hU=
-64,13,iNRHj2BM8/YzbiZ2HHrRIREajP4=,oJp7S+spCOAXYgIkmTfGEHNd2hU=
-50,8,iNRHj2BM8/YzbiZ2HHrRIREajP4=,oJp7S+spCOAXYgIkmTfGEHNd2hU=
-63,0,iNRHj2BM8/YzbiZ2HHrRIREajP4=,oJp7S+spCOAXYgIkmTfGEHNd2hU=
-49,12,iNRHj2BM8/YzbiZ2HHrRIREajP4=,oJp7S+spCOAXYgIkmTfGEHNd2hU=
-50,12,iNRHj2BM8/YzbiZ2HHrRIREajP4=,oJp7S+spCOAXYgIkmTfGEHNd2hU=
-51,12,iNRHj2BM8/YzbiZ2HHrRIREajP4=,oJp7S+spCOAXYgIkmTfGEHNd2hU=
-50,0,iNRHj2BM8/YzbiZ2HHrRIREajP4=,oJp7S+spCOAXYgIkmTfGEHNd2hU=
-52,12,iNRHj2BM8/YzbiZ2HHrRIREajP4=,oJp7S+spCOAXYgIkmTfGEHNd2hU=
-54,2,iNRHj2BM8/YzbiZ2HHrRIREajP4=,oJp7S+spCOAXYgIkmTfGEHNd2hU=
-53,12,iNRHj2BM8/YzbiZ2HHrRIREajP4=,oJp7S+spCOAXYgIkmTfGEHNd2hU=
-54,12,iNRHj2BM8/YzbiZ2HHrRIREajP4=,oJp7S+spCOAXYgIkmTfGEHNd2hU=
-55,12,iNRHj2BM8/YzbiZ2HHrRIREajP4=,oJp7S+spCOAXYgIkmTfGEHNd2hU=
-56,12,iNRHj2BM8/YzbiZ2HHrRIREajP4=,oJp7S+spCOAXYgIkmTfGEHNd2hU=
-57,12,iNRHj2BM8/YzbiZ2HHrRIREajP4=,oJp7S+spCOAXYgIkmTfGEHNd2hU=
-58,12,iNRHj2BM8/YzbiZ2HHrRIREajP4=,oJp7S+spCOAXYgIkmTfGEHNd2hU=
-59,12,iNRHj2BM8/YzbiZ2HHrRIREajP4=,oJp7S+spCOAXYgIkmTfGEHNd2hU=
-60,12,iNRHj2BM8/YzbiZ2HHrRIREajP4=,oJp7S+spCOAXYgIkmTfGEHNd2hU=
-61,12,iNRHj2BM8/YzbiZ2HHrRIREajP4=,oJp7S+spCOAXYgIkmTfGEHNd2hU=
-62,12,iNRHj2BM8/YzbiZ2HHrRIREajP4=,oJp7S+spCOAXYgIkmTfGEHNd2hU=
-63,12,iNRHj2BM8/YzbiZ2HHrRIREajP4=,oJp7S+spCOAXYgIkmTfGEHNd2hU=
-64,12,iNRHj2BM8/YzbiZ2HHrRIREajP4=,oJp7S+spCOAXYgIkmTfGEHNd2hU=
-49,0,iNRHj2BM8/YzbiZ2HHrRIREajP4=,oJp7S+spCOAXYgIkmTfGEHNd2hU=
-49,8,iNRHj2BM8/YzbiZ2HHrRIREajP4=,oJp7S+spCOAXYgIkmTfGEHNd2hU=
-50,11,iNRHj2BM8/YzbiZ2HHrRIREajP4=,oJp7S+spCOAXYgIkmTfGEHNd2hU=
-64,9,iNRHj2BM8/YzbiZ2HHrRIREajP4=,oJp7S+spCOAXYgIkmTfGEHNd2hU=
-63,9,iNRHj2BM8/YzbiZ2HHrRIREajP4=,oJp7S+spCOAXYgIkmTfGEHNd2hU=
-51,11,iNRHj2BM8/YzbiZ2HHrRIREajP4=,oJp7S+spCOAXYgIkmTfGEHNd2hU=
-62,9,iNRHj2BM8/YzbiZ2HHrRIREajP4=,oJp7S+spCOAXYgIkmTfGEHNd2hU=
-52,11,iNRHj2BM8/YzbiZ2HHrRIREajP4=,oJp7S+spCOAXYgIkmTfGEHNd2hU=
-61,9,iNRHj2BM8/YzbiZ2HHrRIREajP4=,oJp7S+spCOAXYgIkmTfGEHNd2hU=
-51,0,iNRHj2BM8/YzbiZ2HHrRIREajP4=,oJp7S+spCOAXYgIkmTfGEHNd2hU=
-53,11,iNRHj2BM8/YzbiZ2HHrRIREajP4=,oJp7S+spCOAXYgIkmTfGEHNd2hU=
-60,9,iNRHj2BM8/YzbiZ2HHrRIREajP4=,oJp7S+spCOAXYgIkmTfGEHNd2hU=
-59,9,iNRHj2BM8/YzbiZ2HHrRIREajP4=,oJp7S+spCOAXYgIkmTfGEHNd2hU=
-55,2,iNRHj2BM8/YzbiZ2HHrRIREajP4=,oJp7S+spCOAXYgIkmTfGEHNd2hU=
-58,9,iNRHj2BM8/YzbiZ2HHrRIREajP4=,oJp7S+spCOAXYgIkmTfGEHNd2hU=
-54,11,iNRHj2BM8/YzbiZ2HHrRIREajP4=,oJp7S+spCOAXYgIkmTfGEHNd2hU=
-57,9,iNRHj2BM8/YzbiZ2HHrRIREajP4=,oJp7S+spCOAXYgIkmTfGEHNd2hU=
-55,11,iNRHj2BM8/YzbiZ2HHrRIREajP4=,oJp7S+spCOAXYgIkmTfGEHNd2hU=
-56,9,iNRHj2BM8/YzbiZ2HHrRIREajP4=,oJp7S+spCOAXYgIkmTfGEHNd2hU=
-56,11,iNRHj2BM8/YzbiZ2HHrRIREajP4=,oJp7S+spCOAXYgIkmTfGEHNd2hU=
-57,2,iNRHj2BM8/YzbiZ2HHrRIREajP4=,oJp7S+spCOAXYgIkmTfGEHNd2hU=
-57,11,iNRHj2BM8/YzbiZ2HHrRIREajP4=,oJp7S+spCOAXYgIkmTfGEHNd2hU=
-53,0,iNRHj2BM8/YzbiZ2HHrRIREajP4=,oJp7S+spCOAXYgIkmTfGEHNd2hU=
-58,11,iNRHj2BM8/YzbiZ2HHrRIREajP4=,oJp7S+spCOAXYgIkmTfGEHNd2hU=
-55,9,iNRHj2BM8/YzbiZ2HHrRIREajP4=,oJp7S+spCOAXYgIkmTfGEHNd2hU=
-59,11,iNRHj2BM8/YzbiZ2HHrRIREajP4=,oJp7S+spCOAXYgIkmTfGEHNd2hU=
-54,9,iNRHj2BM8/YzbiZ2HHrRIREajP4=,oJp7S+spCOAXYgIkmTfGEHNd2hU=
-60,11,iNRHj2BM8/YzbiZ2HHrRIREajP4=,oJp7S+spCOAXYgIkmTfGEHNd2hU=
-53,9,iNRHj2BM8/YzbiZ2HHrRIREajP4=,oJp7S+spCOAXYgIkmTfGEHNd2hU=
-61,11,iNRHj2BM8/YzbiZ2HHrRIREajP4=,oJp7S+spCOAXYgIkmTfGEHNd2hU=
-52,9,iNRHj2BM8/YzbiZ2HHrRIREajP4=,oJp7S+spCOAXYgIkmTfGEHNd2hU=
-62,11,iNRHj2BM8/YzbiZ2HHrRIREajP4=,oJp7S+spCOAXYgIkmTfGEHNd2hU=
-51,9,iNRHj2BM8/YzbiZ2HHrRIREajP4=,oJp7S+spCOAXYgIkmTfGEHNd2hU=
-63,11,iNRHj2BM8/YzbiZ2HHrRIREajP4=,oJp7S+spCOAXYgIkmTfGEHNd2hU=
-64,11,iNRHj2BM8/YzbiZ2HHrRIREajP4=,oJp7S+spCOAXYgIkmTfGEHNd2hU=
-50,9,iNRHj2BM8/YzbiZ2HHrRIREajP4=,oJp7S+spCOAXYgIkmTfGEHNd2hU=
-49,11,iNRHj2BM8/YzbiZ2HHrRIREajP4=,oJp7S+spCOAXYgIkmTfGEHNd2hU=
-49,10,iNRHj2BM8/YzbiZ2HHrRIREajP4=,oJp7S+spCOAXYgIkmTfGEHNd2hU=
-51,10,iNRHj2BM8/YzbiZ2HHrRIREajP4=,oJp7S+spCOAXYgIkmTfGEHNd2hU=
-52,10,iNRHj2BM8/YzbiZ2HHrRIREajP4=,oJp7S+spCOAXYgIkmTfGEHNd2hU=
-53,10,iNRHj2BM8/YzbiZ2HHrRIREajP4=,oJp7S+spCOAXYgIkmTfGEHNd2hU=
-54,10,iNRHj2BM8/YzbiZ2HHrRIREajP4=,oJp7S+spCOAXYgIkmTfGEHNd2hU=
-52,0,iNRHj2BM8/YzbiZ2HHrRIREajP4=,oJp7S+spCOAXYgIkmTfGEHNd2hU=
-56,2,iNRHj2BM8/YzbiZ2HHrRIREajP4=,oJp7S+spCOAXYgIkmTfGEHNd2hU=
-55,10,iNRHj2BM8/YzbiZ2HHrRIREajP4=,oJp7S+spCOAXYgIkmTfGEHNd2hU=
-56,10,iNRHj2BM8/YzbiZ2HHrRIREajP4=,oJp7S+spCOAXYgIkmTfGEHNd2hU=
-57,10,iNRHj2BM8/YzbiZ2HHrRIREajP4=,oJp7S+spCOAXYgIkmTfGEHNd2hU=
-58,10,iNRHj2BM8/YzbiZ2HHrRIREajP4=,oJp7S+spCOAXYgIkmTfGEHNd2hU=
-59,10,iNRHj2BM8/YzbiZ2HHrRIREajP4=,oJp7S+spCOAXYgIkmTfGEHNd2hU=
-60,10,iNRHj2BM8/YzbiZ2HHrRIREajP4=,oJp7S+spCOAXYgIkmTfGEHNd2hU=
-61,10,iNRHj2BM8/YzbiZ2HHrRIREajP4=,oJp7S+spCOAXYgIkmTfGEHNd2hU=
-62,10,iNRHj2BM8/YzbiZ2HHrRIREajP4=,oJp7S+spCOAXYgIkmTfGEHNd2hU=
-63,10,iNRHj2BM8/YzbiZ2HHrRIREajP4=,oJp7S+spCOAXYgIkmTfGEHNd2hU=
-64,10,iNRHj2BM8/YzbiZ2HHrRIREajP4=,oJp7S+spCOAXYgIkmTfGEHNd2hU=
-50,10,iNRHj2BM8/YzbiZ2HHrRIREajP4=,oJp7S+spCOAXYgIkmTfGEHNd2hU=
-49,9,iNRHj2BM8/YzbiZ2HHrRIREajP4=,oJp7S+spCOAXYgIkmTfGEHNd2hU=
