-51,-14,TafZdUDIyj3+DWfIsmgw+OrSL0E=,uGDNsQ3o494icDbyqOKB0mTiRM4=
-50,-14,TafZdUDIyj3+DWfIsmgw+OrSL0E=,uGDNsQ3o494icDbyqOKB0mTiRM4=
-49,-1,TafZdUDIyj3+DWfIsmgw+OrSL0E=,uGDNsQ3o494icDbyqOKB0mTiRM4=
-51,-1,TafZdUDIyj3+DWfIsmgw+OrSL0E=,uGDNsQ3o494icDbyqOKB0mTiRM4=
-52,-1,TafZdUDIyj3+DWfIsmgw+OrSL0E=,uGDNsQ3o494icDbyqOKB0mTiRM4=
-53,-1,TafZdUDIyj3+DWfIsmgw+OrSL0E=,uGDNsQ3o494icDbyqOKB0mTiRM4=
-54,-1,TafZdUDIyj3+DWfIsmgw+OrSL0E=,uGDNsQ3o494icDbyqOKB0mTiRM4=
-56,-1,TafZdUDIyj3+DWfIsmgw+OrSL0E=,uGDNsQ3o494icDbyqOKB0mTiRM4=
-49,-14,TafZdUDIyj3+DWfIsmgw+OrSL0E=,uGDNsQ3o494icDbyqOKB0mTiRM4=
-55,-1,TafZdUDIyj3+DWfIsmgw+OrSL0E=,uGDNsQ3o494icDbyqOKB0mTiRM4=
-57,-1,TafZdUDIyj3+DWfIsmgw+OrSL0E=,uGDNsQ3o494icDbyqOKB0mTiRM4=
-63,-13,TafZdUDIyj3+DWfIsmgw+OrSL0E=,uGDNsQ3o494icDbyqOKB0mTiRM4=
-58,-1,TafZdUDIyj3+DWfIsmgw+OrSL0E=,uGDNsQ3o494icDbyqOKB0mTiRM4=
-62,-13,TafZdUDIyj3+DWfIsmgw+OrSL0E=,uGDNsQ3o494icDbyqOKB0mTiRM4=
-61,-13,TafZdUDIyj3+DWfIsmgw+OrSL0E=,uGDNsQ3o494icDbyqOKB0mTiRM4=
-60,-13,TafZdUDIyj3+DWfIsmgw+OrSL0E=,uGDNsQ3o494icDbyqOKB0mTiRM4=
-59,-1,TafZdUDIyj3+DWfIsmgw+OrSL0E=,uGDNsQ3o494icDbyqOKB0mTiRM4=
-60,-1,TafZdUDIyj3+DWfIsmgw+OrSL0E=,uGDNsQ3o494icDbyqOKB0mTiRM4=
-64,-14,TafZdUDIyj3+DWfIsmgw+OrSL0E=,uGDNsQ3o494icDbyqOKB0mTiRM4=
-61,-1,TafZdUDIyj3+DWfIsmgw+OrSL0E=,uGDNsQ3o494icDbyqOKB0mTiRM4=
-60,-16,TafZdUDIyj3+DWfIsmgw+OrSL0E=,uGDNsQ3o494icDbyqOKB0mTiRM4=
-59,-13,TafZdUDIyj3+DWfIsmgw+OrSL0E=,uGDNsQ3o494icDbyqOKB0mTiRM4=
-62,-1,TafZdUDIyj3+DWfIsmgw+OrSL0E=,uGDNsQ3o494icDbyqOKB0mTiRM4=
-58,-13,TafZdUDIyj3+DWfIsmgw+OrSL0E=,uGDNsQ3o494icDbyqOKB0mTiRM4=
-57,-13,TafZdUDIyj3+DWfIsmgw+OrSL0E=,uGDNsQ3o494icDbyqOKB0mTiRM4=
-61,-16,TafZdUDIyj3+DWfIsmgw+OrSL0E=,uGDNsQ3o494icDbyqOKB0mTiRM4=
-63,-15,TafZdUDIyj3+DWfIsmgw+OrSL0E=,uGDNsQ3o494icDbyqOKB0mTiRM4=
-56,-13,TafZdUDIyj3+DWfIsmgw+OrSL0E=,uGDNsQ3o494icDbyqOKB0mTiRM4=
-49,-15,TafZdUDIyj3+DWfIsmgw+OrSL0E=,uGDNsQ3o494icDbyqOKB0mTiRM4=
-55,-13,TafZdUDIyj3+DWfIsmgw+OrSL0E=,uGDNsQ3o494icDbyqOKB0mTiRM4=
-63,-1,TafZdUDIyj3+DWfIsmgw+OrSL0E=,uGDNsQ3o494icDbyqOKB0mTiRM4=
-54,-13,TafZdUDIyj3+DWfIsmgw+OrSL0E=,uGDNsQ3o494icDbyqOKB0mTiRM4=
-64,-1,TafZdUDIyj3+DWfIsmgw+OrSL0E=,uGDNsQ3o494icDbyqOKB0mTiRM4=
-53,-13,TafZdUDIyj3+DWfIsmgw+OrSL0E=,uGDNsQ3o494icDbyqOKB0mTiRM4=
-50,-15,TafZdUDIyj3+DWfIsmgw+OrSL0E=,uGDNsQ3o494icDbyqOKB0mTiRM4=
-52,-13,TafZdUDIyj3+DWfIsmgw+OrSL0E=,uGDNsQ3o494icDbyqOKB0mTiRM4=
-51,-13,TafZdUDIyj3+DWfIsmgw+OrSL0E=,uGDNsQ3o494icDbyqOKB0mTiRM4=
-52,-15,TafZdUDIyj3+DWfIsmgw+OrSL0E=,uGDNsQ3o494icDbyqOKB0mTiRM4=
-53,-15,TafZdUDIyj3+DWfIsmgw+OrSL0E=,uGDNsQ3o494icDbyqOKB0mTiRM4=
-55,-15,TafZdUDIyj3+DWfIsmgw+OrSL0E=,uGDNsQ3o494icDbyqOKB0mTiRM4=
-56,-15,TafZdUDIyj3+DWfIsmgw+OrSL0E=,uGDNsQ3o494icDbyqOKB0mTiRM4=
-51,-15,TafZdUDIyj3+DWfIsmgw+OrSL0E=,uGDNsQ3o494icDbyqOKB0mTiRM4=
-57,-15,TafZdUDIyj3+DWfIsmgw+OrSL0E=,uGDNsQ3o494icDbyqOKB0mTiRM4=
-58,-15,TafZdUDIyj3+DWfIsmgw+OrSL0E=,uGDNsQ3o494icDbyqOKB0mTiRM4=
-59,-15,TafZdUDIyj3+DWfIsmgw+OrSL0E=,uGDNsQ3o494icDbyqOKB0mTiRM4=
-60,-15,TafZdUDIyj3+DWfIsmgw+OrSL0E=,uGDNsQ3o494icDbyqOKB0mTiRM4=
-50,-1,TafZdUDIyj3+DWfIsmgw+OrSL0E=,uGDNsQ3o494icDbyqOKB0mTiRM4=
-61,-15,TafZdUDIyj3+DWfIsmgw+OrSL0E=,uGDNsQ3o494icDbyqOKB0mTiRM4=
-62,-15,TafZdUDIyj3+DWfIsmgw+OrSL0E=,uGDNsQ3o494icDbyqOKB0mTiRM4=
-50,-13,TafZdUDIyj3+DWfIsmgw+OrSL0E=,uGDNsQ3o494icDbyqOKB0mTiRM4=
-49,-2,TafZdUDIyj3+DWfIsmgw+OrSL0E=,uGDNsQ3o494icDbyqOKB0mTiRM4=
-62,-16,TafZdUDIyj3+DWfIsmgw+OrSL0E=,uGDNsQ3o494icDbyqOKB0mTiRM4=
-52,-14,TafZdUDIyj3+DWfIsmgw+OrSL0E=,uGDNsQ3o494icDbyqOKB0mTiRM4=
-51,-2,TafZdUDIyj3+DWfIsmgw+OrSL0E=,uGDNsQ3o494icDbyqOKB0mTiRM4=
-52,-2,TafZdUDIyj3+DWfIsmgw+OrSL0E=,uGDNsQ3o494icDbyqOKB0mTiRM4=
-53,-2,TafZdUDIyj3+DWfIsmgw+OrSL0E=,uGDNsQ3o494icDbyqOKB0mTiRM4=
-54,-2,TafZdUDIyj3+DWfIsmgw+OrSL0E=,uGDNsQ3o494icDbyqOKB0mTiRM4=
-55,-2,TafZdUDIyj3+DWfIsmgw+OrSL0E=,uGDNsQ3o494icDbyqOKB0mTiRM4=
-56,-2,TafZdUDIyj3+DWfIsmgw+OrSL0E=,uGDNsQ3o494icDbyqOKB0mTiRM4=
-57,-2,TafZdUDIyj3+DWfIsmgw+OrSL0E=,uGDNsQ3o494icDbyqOKB0mTiRM4=
-58,-2,TafZdUDIyj3+DWfIsmgw+OrSL0E=,uGDNsQ3o494icDbyqOKB0mTiRM4=
-59,-2,TafZdUDIyj3+DWfIsmgw+OrSL0E=,uGDNsQ3o494icDbyqOKB0mTiRM4=
-60,-2,TafZdUDIyj3+DWfIsmgw+OrSL0E=,uGDNsQ3o494icDbyqOKB0mTiRM4=
-61,-2,TafZdUDIyj3+DWfIsmgw+OrSL0E=,uGDNsQ3o494icDbyqOKB0mTiRM4=
-62,-2,TafZdUDIyj3+DWfIsmgw+OrSL0E=,uGDNsQ3o494icDbyqOKB0mTiRM4=
-63,-2,TafZdUDIyj3+DWfIsmgw+OrSL0E=,uGDNsQ3o494icDbyqOKB0mTiRM4=
-64,-2,TafZdUDIyj3+DWfIsmgw+OrSL0E=,uGDNsQ3o494icDbyqOKB0mTiRM4=
-50,-2,TafZdUDIyj3+DWfIsmgw+OrSL0E=,uGDNsQ3o494icDbyqOKB0mTiRM4=
-64,-15,TafZdUDIyj3+DWfIsmgw+OrSL0E=,uGDNsQ3o494icDbyqOKB0mTiRM4=
-49,-13,TafZdUDIyj3+DWfIsmgw+OrSL0E=,uGDNsQ3o494icDbyqOKB0mTiRM4=
-63,-14,TafZdUDIyj3+DWfIsmgw+OrSL0E=,uGDNsQ3o494icDbyqOKB0mTiRM4=
-64,-12,TafZdUDIyj3+DWfIsmgw+OrSL0E=,uGDNsQ3o494icDbyqOKB0mTiRM4=
-63,-12,TafZdUDIyj3+DWfIsmgw+OrSL0E=,uGDNsQ3o494icDbyqOKB0mTiRM4=
-62,-12,TafZdUDIyj3+DWfIsmgw+OrSL0E=,uGDNsQ3o494icDbyqOKB0mTiRM4=
-61,-12,TafZdUDIyj3+DWfIsmgw+OrSL0E=,uGDNsQ3o494icDbyqOKB0mTiRM4=
-62,-14,TafZdUDIyj3+DWfIsmgw+OrSL0E=,uGDNsQ3o494icDbyqOKB0mTiRM4=
-60,-12,TafZdUDIyj3+DWfIsmgw+OrSL0E=,uGDNsQ3o494icDbyqOKB0mTiRM4=
-59,-16,TafZdUDIyj3+DWfIsmgw+OrSL0E=,uGDNsQ3o494icDbyqOKB0mTiRM4=
-59,-12,TafZdUDIyj3+DWfIsmgw+OrSL0E=,uGDNsQ3o494icDbyqOKB0mTiRM4=
-54,-15,TafZdUDIyj3+DWfIsmgw+OrSL0E=,uGDNsQ3o494icDbyqOKB0mTiRM4=
-58,-12,TafZdUDIyj3+DWfIsmgw+OrSL0E=,uGDNsQ3o494icDbyqOKB0mTiRM4=
-57,-12,TafZdUDIyj3+DWfIsmgw+OrSL0E=,uGDNsQ3o494icDbyqOKB0mTiRM4=
-56,-12,TafZdUDIyj3+DWfIsmgw+OrSL0E=,uGDNsQ3o494icDbyqOKB0mTiRM4=
-55,-12,TafZdUDIyj3+DWfIsmgw+OrSL0E=,uGDNsQ3o494icDbyqOKB0mTiRM4=
-54,-12,TafZdUDIyj3+DWfIsmgw+OrSL0E=,uGDNsQ3o494icDbyqOKB0mTiRM4=
-53,-12,TafZdUDIyj3+DWfIsmgw+OrSL0E=,uGDNsQ3o494icDbyqOKB0mTiRM4=
-52,-12,TafZdUDIyj3+DWfIsmgw+OrSL0E=,uGDNsQ3o494icDbyqOKB0mTiRM4=
-49,-3,TafZdUDIyj3+DWfIsmgw+OrSL0E=,uGDNsQ3o494icDbyqOKB0mTiRM4=
-49,-16,TafZdUDIyj3+DWfIsmgw+OrSL0E=,uGDNsQ3o494icDbyqOKB0mTiRM4=
-51,-3,TafZdUDIyj3+DWfIsmgw+OrSL0E=,uGDNsQ3o494icDbyqOKB0mTiRM4=
-53,-14,TafZdUDIyj3+DWfIsmgw+OrSL0E=,uGDNsQ3o494icDbyqOKB0mTiRM4=
-52,-3,TafZdUDIyj3+DWfIsmgw+OrSL0E=,uGDNsQ3o494icDbyqOKB0mTiRM4=
-53,-3,TafZdUDIyj3+DWfIsmgw+OrSL0E=,uGDNsQ3o494icDbyqOKB0mTiRM4=
-54,-3,TafZdUDIyj3+DWfIsmgw+OrSL0E=,uGDNsQ3o494icDbyqOKB0mTiRM4=
-55,-3,TafZdUDIyj3+DWfIsmgw+OrSL0E=,uGDNsQ3o494icDbyqOKB0mTiRM4=
-56,-3,TafZdUDIyj3+DWfIsmgw+OrSL0E=,uGDNsQ3o494icDbyqOKB0mTiRM4=
-57,-3,TafZdUDIyj3+DWfIsmgw+OrSL0E=,uGDNsQ3o494icDbyqOKB0mTiRM4=
-58,-3,TafZdUDIyj3+DWfIsmgw+OrSL0E=,uGDNsQ3o494icDbyqOKB0mTiRM4=
-59,-3,TafZdUDIyj3+DWfIsmgw+OrSL0E=,uGDNsQ3o494icDbyqOKB0mTiRM4=
-60,-3,TafZdUDIyj3+DWfIsmgw+OrSL0E=,uGDNsQ3o494icDbyqOKB0mTiRM4=
-61,-3,TafZdUDIyj3+DWfIsmgw+OrSL0E=,uGDNsQ3o494icDbyqOKB0mTiRM4=
-62,-3,TafZdUDIyj3+DWfIsmgw+OrSL0E=,uGDNsQ3o494icDbyqOKB0mTiRM4=
-63,-3,TafZdUDIyj3+DWfIsmgw+OrSL0E=,uGDNsQ3o494icDbyqOKB0mTiRM4=
-63,-16,TafZdUDIyj3+DWfIsmgw+OrSL0E=,uGDNsQ3o494icDbyqOKB0mTiRM4=
-64,-3,TafZdUDIyj3+DWfIsmgw+OrSL0E=,uGDNsQ3o494icDbyqOKB0mTiRM4=
-50,-3,TafZdUDIyj3+DWfIsmgw+OrSL0E=,uGDNsQ3o494icDbyqOKB0mTiRM4=
-51,-12,TafZdUDIyj3+DWfIsmgw+OrSL0E=,uGDNsQ3o494icDbyqOKB0mTiRM4=
-49,-4,TafZdUDIyj3+DWfIsmgw+OrSL0E=,uGDNsQ3o494icDbyqOKB0mTiRM4=
-51,-4,TafZdUDIyj3+DWfIsmgw+OrSL0E=,uGDNsQ3o494icDbyqOKB0mTiRM4=
-50,-16,TafZdUDIyj3+DWfIsmgw+OrSL0E=,uGDNsQ3o494icDbyqOKB0mTiRM4=
-52,-4,TafZdUDIyj3+DWfIsmgw+OrSL0E=,uGDNsQ3o494icDbyqOKB0mTiRM4=
-54,-14,TafZdUDIyj3+DWfIsmgw+OrSL0E=,uGDNsQ3o494icDbyqOKB0mTiRM4=
-53,-4,TafZdUDIyj3+DWfIsmgw+OrSL0E=,uGDNsQ3o494icDbyqOKB0mTiRM4=
-54,-4,TafZdUDIyj3+DWfIsmgw+OrSL0E=,uGDNsQ3o494icDbyqOKB0mTiRM4=
-55,-4,TafZdUDIyj3+DWfIsmgw+OrSL0E=,uGDNsQ3o494icDbyqOKB0mTiRM4=
-56,-4,TafZdUDIyj3+DWfIsmgw+OrSL0E=,uGDNsQ3o494icDbyqOKB0mTiRM4=
-57,-4,TafZdUDIyj3+DWfIsmgw+OrSL0E=,uGDNsQ3o494icDbyqOKB0mTiRM4=
-58,-4,TafZdUDIyj3+DWfIsmgw+OrSL0E=,uGDNsQ3o494icDbyqOKB0mTiRM4=
-59,-4,TafZdUDIyj3+DWfIsmgw+OrSL0E=,uGDNsQ3o494icDbyqOKB0mTiRM4=
-60,-4,TafZdUDIyj3+DWfIsmgw+OrSL0E=,uGDNsQ3o494icDbyqOKB0mTiRM4=
-61,-4,TafZdUDIyj3+DWfIsmgw+OrSL0E=,uGDNsQ3o494icDbyqOKB0mTiRM4=
-62,-4,TafZdUDIyj3+DWfIsmgw+OrSL0E=,uGDNsQ3o494icDbyqOKB0mTiRM4=
-63,-4,TafZdUDIyj3+DWfIsmgw+OrSL0E=,uGDNsQ3o494icDbyqOKB0mTiRM4=
-64,-4,TafZdUDIyj3+DWfIsmgw+OrSL0E=,uGDNsQ3o494icDbyqOKB0mTiRM4=
-50,-4,TafZdUDIyj3+DWfIsmgw+OrSL0E=,uGDNsQ3o494icDbyqOKB0mTiRM4=
-50,-12,TafZdUDIyj3+DWfIsmgw+OrSL0E=,uGDNsQ3o494icDbyqOKB0mTiRM4=
-49,-5,TafZdUDIyj3+DWfIsmgw+OrSL0E=,uGDNsQ3o494icDbyqOKB0mTiRM4=
-51,-5,TafZdUDIyj3+DWfIsmgw+OrSL0E=,uGDNsQ3o494icDbyqOKB0mTiRM4=
-52,-5,TafZdUDIyj3+DWfIsmgw+OrSL0E=,uGDNsQ3o494icDbyqOKB0mTiRM4=
-51,-16,TafZdUDIyj3+DWfIsmgw+OrSL0E=,uGDNsQ3o494icDbyqOKB0mTiRM4=
-53,-5,TafZdUDIyj3+DWfIsmgw+OrSL0E=,uGDNsQ3o494icDbyqOKB0mTiRM4=
-55,-14,TafZdUDIyj3+DWfIsmgw+OrSL0E=,uGDNsQ3o494icDbyqOKB0mTiRM4=
-54,-5,TafZdUDIyj3+DWfIsmgw+OrSL0E=,uGDNsQ3o494icDbyqOKB0mTiRM4=
-55,-5,TafZdUDIyj3+DWfIsmgw+OrSL0E=,uGDNsQ3o494icDbyqOKB0mTiRM4=
-56,-5,TafZdUDIyj3+DWfIsmgw+OrSL0E=,uGDNsQ3o494icDbyqOKB0mTiRM4=
-57,-5,TafZdUDIyj3+DWfIsmgw+OrSL0E=,uGDNsQ3o494icDbyqOKB0mTiRM4=
-58,-5,TafZdUDIyj3+DWfIsmgw+OrSL0E=,uGDNsQ3o494icDbyqOKB0mTiRM4=
-59,-5,TafZdUDIyj3+DWfIsmgw+OrSL0E=,uGDNsQ3o494icDbyqOKB0mTiRM4=
-60,-5,TafZdUDIyj3+DWfIsmgw+OrSL0E=,uGDNsQ3o494icDbyqOKB0mTiRM4=
-61,-5,TafZdUDIyj3+DWfIsmgw+OrSL0E=,uGDNsQ3o494icDbyqOKB0mTiRM4=
-62,-5,TafZdUDIyj3+DWfIsmgw+OrSL0E=,uGDNsQ3o494icDbyqOKB0mTiRM4=
-50,-5,TafZdUDIyj3+DWfIsmgw+OrSL0E=,uGDNsQ3o494icDbyqOKB0mTiRM4=
-63,-5,TafZdUDIyj3+DWfIsmgw+OrSL0E=,uGDNsQ3o494icDbyqOKB0mTiRM4=
-64,-5,TafZdUDIyj3+DWfIsmgw+OrSL0E=,uGDNsQ3o494icDbyqOKB0mTiRM4=
-49,-12,TafZdUDIyj3+DWfIsmgw+OrSL0E=,uGDNsQ3o494icDbyqOKB0mTiRM4=
-58,-16,TafZdUDIyj3+DWfIsmgw+OrSL0E=,uGDNsQ3o494icDbyqOKB0mTiRM4=
-64,-11,TafZdUDIyj3+DWfIsmgw+OrSL0E=,uGDNsQ3o494icDbyqOKB0mTiRM4=
-63,-11,TafZdUDIyj3+DWfIsmgw+OrSL0E=,uGDNsQ3o494icDbyqOKB0mTiRM4=
-62,-11,TafZdUDIyj3+DWfIsmgw+OrSL0E=,uGDNsQ3o494icDbyqOKB0mTiRM4=
-61,-11,TafZdUDIyj3+DWfIsmgw+OrSL0E=,uGDNsQ3o494icDbyqOKB0mTiRM4=
-60,-11,TafZdUDIyj3+DWfIsmgw+OrSL0E=,uGDNsQ3o494icDbyqOKB0mTiRM4=
-61,-14,TafZdUDIyj3+DWfIsmgw+OrSL0E=,uGDNsQ3o494icDbyqOKB0mTiRM4=
-59,-11,TafZdUDIyj3+DWfIsmgw+OrSL0E=,uGDNsQ3o494icDbyqOKB0mTiRM4=
-57,-16,TafZdUDIyj3+DWfIsmgw+OrSL0E=,uGDNsQ3o494icDbyqOKB0mTiRM4=
-58,-11,TafZdUDIyj3+DWfIsmgw+OrSL0E=,uGDNsQ3o494icDbyqOKB0mTiRM4=
-57,-11,TafZdUDIyj3+DWfIsmgw+OrSL0E=,uGDNsQ3o494icDbyqOKB0mTiRM4=
-56,-11,TafZdUDIyj3+DWfIsmgw+OrSL0E=,uGDNsQ3o494icDbyqOKB0mTiRM4=
-55,-11,TafZdUDIyj3+DWfIsmgw+OrSL0E=,uGDNsQ3o494icDbyqOKB0mTiRM4=
-54,-11,TafZdUDIyj3+DWfIsmgw+OrSL0E=,uGDNsQ3o494icDbyqOKB0mTiRM4=
-53,-11,TafZdUDIyj3+DWfIsmgw+OrSL0E=,uGDNsQ3o494icDbyqOKB0mTiRM4=
-52,-11,TafZdUDIyj3+DWfIsmgw+OrSL0E=,uGDNsQ3o494icDbyqOKB0mTiRM4=
-50,-6,TafZdUDIyj3+DWfIsmgw+OrSL0E=,uGDNsQ3o494icDbyqOKB0mTiRM4=
-49,-6,TafZdUDIyj3+DWfIsmgw+OrSL0E=,uGDNsQ3o494icDbyqOKB0mTiRM4=
-52,-6,TafZdUDIyj3+DWfIsmgw+OrSL0E=,uGDNsQ3o494icDbyqOKB0mTiRM4=
-53,-6,TafZdUDIyj3+DWfIsmgw+OrSL0E=,uGDNsQ3o494icDbyqOKB0mTiRM4=
-52,-16,TafZdUDIyj3+DWfIsmgw+OrSL0E=,uGDNsQ3o494icDbyqOKB0mTiRM4=
-54,-6,TafZdUDIyj3+DWfIsmgw+OrSL0E=,uGDNsQ3o494icDbyqOKB0mTiRM4=
-56,-14,TafZdUDIyj3+DWfIsmgw+OrSL0E=,uGDNsQ3o494icDbyqOKB0mTiRM4=
-55,-6,TafZdUDIyj3+DWfIsmgw+OrSL0E=,uGDNsQ3o494icDbyqOKB0mTiRM4=
-56,-6,TafZdUDIyj3+DWfIsmgw+OrSL0E=,uGDNsQ3o494icDbyqOKB0mTiRM4=
-57,-6,TafZdUDIyj3+DWfIsmgw+OrSL0E=,uGDNsQ3o494icDbyqOKB0mTiRM4=
-58,-6,TafZdUDIyj3+DWfIsmgw+OrSL0E=,uGDNsQ3o494icDbyqOKB0mTiRM4=
-59,-6,TafZdUDIyj3+DWfIsmgw+OrSL0E=,uGDNsQ3o494icDbyqOKB0mTiRM4=
-60,-6,TafZdUDIyj3+DWfIsmgw+OrSL0E=,uGDNsQ3o494icDbyqOKB0mTiRM4=
-61,-6,TafZdUDIyj3+DWfIsmgw+OrSL0E=,uGDNsQ3o494icDbyqOKB0mTiRM4=
-62,-6,TafZdUDIyj3+DWfIsmgw+OrSL0E=,uGDNsQ3o494icDbyqOKB0mTiRM4=
-63,-6,TafZdUDIyj3+DWfIsmgw+OrSL0E=,uGDNsQ3o494icDbyqOKB0mTiRM4=
-64,-6,TafZdUDIyj3+DWfIsmgw+OrSL0E=,uGDNsQ3o494icDbyqOKB0mTiRM4=
-51,-11,TafZdUDIyj3+DWfIsmgw+OrSL0E=,uGDNsQ3o494icDbyqOKB0mTiRM4=
-49,-7,TafZdUDIyj3+DWfIsmgw+OrSL0E=,uGDNsQ3o494icDbyqOKB0mTiRM4=
-51,-6,TafZdUDIyj3+DWfIsmgw+OrSL0E=,uGDNsQ3o494icDbyqOKB0mTiRM4=
-50,-11,TafZdUDIyj3+DWfIsmgw+OrSL0E=,uGDNsQ3o494icDbyqOKB0mTiRM4=
-50,-7,TafZdUDIyj3+DWfIsmgw+OrSL0E=,uGDNsQ3o494icDbyqOKB0mTiRM4=
-53,-7,TafZdUDIyj3+DWfIsmgw+OrSL0E=,uGDNsQ3o494icDbyqOKB0mTiRM4=
-51,-7,TafZdUDIyj3+DWfIsmgw+OrSL0E=,uGDNsQ3o494icDbyqOKB0mTiRM4=
-54,-7,TafZdUDIyj3+DWfIsmgw+OrSL0E=,uGDNsQ3o494icDbyqOKB0mTiRM4=
-53,-16,TafZdUDIyj3+DWfIsmgw+OrSL0E=,uGDNsQ3o494icDbyqOKB0mTiRM4=
-55,-7,TafZdUDIyj3+DWfIsmgw+OrSL0E=,uGDNsQ3o494icDbyqOKB0mTiRM4=
-57,-14,TafZdUDIyj3+DWfIsmgw+OrSL0E=,uGDNsQ3o494icDbyqOKB0mTiRM4=
-56,-7,TafZdUDIyj3+DWfIsmgw+OrSL0E=,uGDNsQ3o494icDbyqOKB0mTiRM4=
-57,-7,TafZdUDIyj3+DWfIsmgw+OrSL0E=,uGDNsQ3o494icDbyqOKB0mTiRM4=
-58,-7,TafZdUDIyj3+DWfIsmgw+OrSL0E=,uGDNsQ3o494icDbyqOKB0mTiRM4=
-59,-7,TafZdUDIyj3+DWfIsmgw+OrSL0E=,uGDNsQ3o494icDbyqOKB0mTiRM4=
-60,-7,TafZdUDIyj3+DWfIsmgw+OrSL0E=,uGDNsQ3o494icDbyqOKB0mTiRM4=
-61,-7,TafZdUDIyj3+DWfIsmgw+OrSL0E=,uGDNsQ3o494icDbyqOKB0mTiRM4=
-62,-7,TafZdUDIyj3+DWfIsmgw+OrSL0E=,uGDNsQ3o494icDbyqOKB0mTiRM4=
-63,-7,TafZdUDIyj3+DWfIsmgw+OrSL0E=,uGDNsQ3o494icDbyqOKB0mTiRM4=
-64,-7,TafZdUDIyj3+DWfIsmgw+OrSL0E=,uGDNsQ3o494icDbyqOKB0mTiRM4=
-49,-11,TafZdUDIyj3+DWfIsmgw+OrSL0E=,uGDNsQ3o494icDbyqOKB0mTiRM4=
-64,-10,TafZdUDIyj3+DWfIsmgw+OrSL0E=,uGDNsQ3o494icDbyqOKB0mTiRM4=
-63,-10,TafZdUDIyj3+DWfIsmgw+OrSL0E=,uGDNsQ3o494icDbyqOKB0mTiRM4=
-62,-10,TafZdUDIyj3+DWfIsmgw+OrSL0E=,uGDNsQ3o494icDbyqOKB0mTiRM4=
-61,-10,TafZdUDIyj3+DWfIsmgw+OrSL0E=,uGDNsQ3o494icDbyqOKB0mTiRM4=
-60,-10,TafZdUDIyj3+DWfIsmgw+OrSL0E=,uGDNsQ3o494icDbyqOKB0mTiRM4=
-59,-10,TafZdUDIyj3+DWfIsmgw+OrSL0E=,uGDNsQ3o494icDbyqOKB0mTiRM4=
-60,-14,TafZdUDIyj3+DWfIsmgw+OrSL0E=,uGDNsQ3o494icDbyqOKB0mTiRM4=
-58,-10,TafZdUDIyj3+DWfIsmgw+OrSL0E=,uGDNsQ3o494icDbyqOKB0mTiRM4=
-56,-16,TafZdUDIyj3+DWfIsmgw+OrSL0E=,uGDNsQ3o494icDbyqOKB0mTiRM4=
-57,-10,TafZdUDIyj3+DWfIsmgw+OrSL0E=,uGDNsQ3o494icDbyqOKB0mTiRM4=
-56,-10,TafZdUDIyj3+DWfIsmgw+OrSL0E=,uGDNsQ3o494icDbyqOKB0mTiRM4=
-55,-10,TafZdUDIyj3+DWfIsmgw+OrSL0E=,uGDNsQ3o494icDbyqOKB0mTiRM4=
-54,-10,TafZdUDIyj3+DWfIsmgw+OrSL0E=,uGDNsQ3o494icDbyqOKB0mTiRM4=
-64,-16,TafZdUDIyj3+DWfIsmgw+OrSL0E=,uGDNsQ3o494icDbyqOKB0mTiRM4=
-53,-10,TafZdUDIyj3+DWfIsmgw+OrSL0E=,uGDNsQ3o494icDbyqOKB0mTiRM4=
-52,-10,TafZdUDIyj3+DWfIsmgw+OrSL0E=,uGDNsQ3o494icDbyqOKB0mTiRM4=
-52,-7,TafZdUDIyj3+DWfIsmgw+OrSL0E=,uGDNsQ3o494icDbyqOKB0mTiRM4=
-49,-8,TafZdUDIyj3+DWfIsmgw+OrSL0E=,uGDNsQ3o494icDbyqOKB0mTiRM4=
-51,-10,TafZdUDIyj3+DWfIsmgw+OrSL0E=,uGDNsQ3o494icDbyqOKB0mTiRM4=
-50,-8,TafZdUDIyj3+DWfIsmgw+OrSL0E=,uGDNsQ3o494icDbyqOKB0mTiRM4=
-52,-8,TafZdUDIyj3+DWfIsmgw+OrSL0E=,uGDNsQ3o494icDbyqOKB0mTiRM4=
-53,-8,TafZdUDIyj3+DWfIsmgw+OrSL0E=,uGDNsQ3o494icDbyqOKB0mTiRM4=
-54,-8,TafZdUDIyj3+DWfIsmgw+OrSL0E=,uGDNsQ3o494icDbyqOKB0mTiRM4=
-56,-8,TafZdUDIyj3+DWfIsmgw+OrSL0E=,uGDNsQ3o494icDbyqOKB0mTiRM4=
-54,-16,TafZdUDIyj3+DWfIsmgw+OrSL0E=,uGDNsQ3o494icDbyqOKB0mTiRM4=
-55,-8,TafZdUDIyj3+DWfIsmgw+OrSL0E=,uGDNsQ3o494icDbyqOKB0mTiRM4=
-58,-14,TafZdUDIyj3+DWfIsmgw+OrSL0E=,uGDNsQ3o494icDbyqOKB0mTiRM4=
-57,-8,TafZdUDIyj3+DWfIsmgw+OrSL0E=,uGDNsQ3o494icDbyqOKB0mTiRM4=
-58,-8,TafZdUDIyj3+DWfIsmgw+OrSL0E=,uGDNsQ3o494icDbyqOKB0mTiRM4=
-59,-8,TafZdUDIyj3+DWfIsmgw+OrSL0E=,uGDNsQ3o494icDbyqOKB0mTiRM4=
-60,-8,TafZdUDIyj3+DWfIsmgw+OrSL0E=,uGDNsQ3o494icDbyqOKB0mTiRM4=
-61,-8,TafZdUDIyj3+DWfIsmgw+OrSL0E=,uGDNsQ3o494icDbyqOKB0mTiRM4=
-62,-8,TafZdUDIyj3+DWfIsmgw+OrSL0E=,uGDNsQ3o494icDbyqOKB0mTiRM4=
-63,-8,TafZdUDIyj3+DWfIsmgw+OrSL0E=,uGDNsQ3o494icDbyqOKB0mTiRM4=
-64,-8,TafZdUDIyj3+DWfIsmgw+OrSL0E=,uGDNsQ3o494icDbyqOKB0mTiRM4=
-50,-10,TafZdUDIyj3+DWfIsmgw+OrSL0E=,uGDNsQ3o494icDbyqOKB0mTiRM4=
-51,-8,TafZdUDIyj3+DWfIsmgw+OrSL0E=,uGDNsQ3o494icDbyqOKB0mTiRM4=
-49,-9,TafZdUDIyj3+DWfIsmgw+OrSL0E=,uGDNsQ3o494icDbyqOKB0mTiRM4=
-50,-9,TafZdUDIyj3+DWfIsmgw+OrSL0E=,uGDNsQ3o494icDbyqOKB0mTiRM4=
-52,-9,TafZdUDIyj3+DWfIsmgw+OrSL0E=,uGDNsQ3o494icDbyqOKB0mTiRM4=
-53,-9,TafZdUDIyj3+DWfIsmgw+OrSL0E=,uGDNsQ3o494icDbyqOKB0mTiRM4=
-54,-9,TafZdUDIyj3+DWfIsmgw+OrSL0E=,uGDNsQ3o494icDbyqOKB0mTiRM4=
-55,-9,TafZdUDIyj3+DWfIsmgw+OrSL0E=,uGDNsQ3o494icDbyqOKB0mTiRM4=
-56,-9,TafZdUDIyj3+DWfIsmgw+OrSL0E=,uGDNsQ3o494icDbyqOKB0mTiRM4=
-57,-9,TafZdUDIyj3+DWfIsmgw+OrSL0E=,uGDNsQ3o494icDbyqOKB0mTiRM4=
-55,-16,TafZdUDIyj3+DWfIsmgw+OrSL0E=,uGDNsQ3o494icDbyqOKB0mTiRM4=
-59,-14,TafZdUDIyj3+DWfIsmgw+OrSL0E=,uGDNsQ3o494icDbyqOKB0mTiRM4=
-58,-9,TafZdUDIyj3+DWfIsmgw+OrSL0E=,uGDNsQ3o494icDbyqOKB0mTiRM4=
-59,-9,TafZdUDIyj3+DWfIsmgw+OrSL0E=,uGDNsQ3o494icDbyqOKB0mTiRM4=
-60,-9,TafZdUDIyj3+DWfIsmgw+OrSL0E=,uGDNsQ3o494icDbyqOKB0mTiRM4=
-61,-9,TafZdUDIyj3+DWfIsmgw+OrSL0E=,uGDNsQ3o494icDbyqOKB0mTiRM4=
-62,-9,TafZdUDIyj3+DWfIsmgw+OrSL0E=,uGDNsQ3o494icDbyqOKB0mTiRM4=
-63,-9,TafZdUDIyj3+DWfIsmgw+OrSL0E=,uGDNsQ3o494icDbyqOKB0mTiRM4=
-64,-9,TafZdUDIyj3+DWfIsmgw+OrSL0E=,uGDNsQ3o494icDbyqOKB0mTiRM4=
-49,-10,TafZdUDIyj3+DWfIsmgw+OrSL0E=,uGDNsQ3o494icDbyqOKB0mTiRM4=
-51,-9,TafZdUDIyj3+DWfIsmgw+OrSL0E=,uGDNsQ3o494icDbyqOKB0mTiRM4=
-64,-13,TafZdUDIyj3+DWfIsmgw+OrSL0E=,uGDNsQ3o494icDbyqOKB0mTiRM4=
-45,-16,TafZdUDIyj3+DWfIsmgw+OrSL0E=,lipdk35BV67e+W4pyo54i4f5aqc=
-34,-14,TafZdUDIyj3+DWfIsmgw+OrSL0E=,lipdk35BV67e+W4pyo54i4f5aqc=
-33,-14,TafZdUDIyj3+DWfIsmgw+OrSL0E=,lipdk35BV67e+W4pyo54i4f5aqc=
-33,-1,TafZdUDIyj3+DWfIsmgw+OrSL0E=,lipdk35BV67e+W4pyo54i4f5aqc=
-35,-1,TafZdUDIyj3+DWfIsmgw+OrSL0E=,lipdk35BV67e+W4pyo54i4f5aqc=
-48,-13,TafZdUDIyj3+DWfIsmgw+OrSL0E=,lipdk35BV67e+W4pyo54i4f5aqc=
-34,-1,hugOpUcw1M0oh/BiRbK3jF4lNUc=,lipdk35BV67e+W4pyo54i4f5aqc=
-36,-1,hugOpUcw1M0oh/BiRbK3jF4lNUc=,lipdk35BV67e+W4pyo54i4f5aqc=
-47,-13,hugOpUcw1M0oh/BiRbK3jF4lNUc=,lipdk35BV67e+W4pyo54i4f5aqc=
-37,-1,hugOpUcw1M0oh/BiRbK3jF4lNUc=,lipdk35BV67e+W4pyo54i4f5aqc=
-38,-1,hugOpUcw1M0oh/BiRbK3jF4lNUc=,lipdk35BV67e+W4pyo54i4f5aqc=
-46,-13,hugOpUcw1M0oh/BiRbK3jF4lNUc=,lipdk35BV67e+W4pyo54i4f5aqc=
-39,-1,hugOpUcw1M0oh/BiRbK3jF4lNUc=,lipdk35BV67e+W4pyo54i4f5aqc=
-40,-1,hugOpUcw1M0oh/BiRbK3jF4lNUc=,lipdk35BV67e+W4pyo54i4f5aqc=
-48,-14,hugOpUcw1M0oh/BiRbK3jF4lNUc=,lipdk35BV67e+W4pyo54i4f5aqc=
-44,-16,hugOpUcw1M0oh/BiRbK3jF4lNUc=,lipdk35BV67e+W4pyo54i4f5aqc=
-45,-13,hugOpUcw1M0oh/BiRbK3jF4lNUc=,lipdk35BV67e+W4pyo54i4f5aqc=
-44,-13,hugOpUcw1M0oh/BiRbK3jF4lNUc=,lipdk35BV67e+W4pyo54i4f5aqc=
-42,-13,hugOpUcw1M0oh/BiRbK3jF4lNUc=,lipdk35BV67e+W4pyo54i4f5aqc=
-41,-13,hugOpUcw1M0oh/BiRbK3jF4lNUc=,lipdk35BV67e+W4pyo54i4f5aqc=
-40,-13,hugOpUcw1M0oh/BiRbK3jF4lNUc=,lipdk35BV67e+W4pyo54i4f5aqc=
-39,-13,hugOpUcw1M0oh/BiRbK3jF4lNUc=,lipdk35BV67e+W4pyo54i4f5aqc=
-43,-13,hugOpUcw1M0oh/BiRbK3jF4lNUc=,lipdk35BV67e+W4pyo54i4f5aqc=
-37,-13,hugOpUcw1M0oh/BiRbK3jF4lNUc=,lipdk35BV67e+W4pyo54i4f5aqc=
-36,-13,hugOpUcw1M0oh/BiRbK3jF4lNUc=,lipdk35BV67e+W4pyo54i4f5aqc=
-38,-13,hugOpUcw1M0oh/BiRbK3jF4lNUc=,lipdk35BV67e+W4pyo54i4f5aqc=
-35,-13,hugOpUcw1M0oh/BiRbK3jF4lNUc=,lipdk35BV67e+W4pyo54i4f5aqc=
-34,-13,hugOpUcw1M0oh/BiRbK3jF4lNUc=,lipdk35BV67e+W4pyo54i4f5aqc=
-41,-1,hugOpUcw1M0oh/BiRbK3jF4lNUc=,lipdk35BV67e+W4pyo54i4f5aqc=
-47,-14,hugOpUcw1M0oh/BiRbK3jF4lNUc=,lipdk35BV67e+W4pyo54i4f5aqc=
-33,-13,hugOpUcw1M0oh/BiRbK3jF4lNUc=,lipdk35BV67e+W4pyo54i4f5aqc=
-42,-1,hugOpUcw1M0oh/BiRbK3jF4lNUc=,lipdk35BV67e+W4pyo54i4f5aqc=
-43,-1,hugOpUcw1M0oh/BiRbK3jF4lNUc=,lipdk35BV67e+W4pyo54i4f5aqc=
-48,-12,hugOpUcw1M0oh/BiRbK3jF4lNUc=,lipdk35BV67e+W4pyo54i4f5aqc=
-44,-1,hugOpUcw1M0oh/BiRbK3jF4lNUc=,lipdk35BV67e+W4pyo54i4f5aqc=
-45,-1,hugOpUcw1M0oh/BiRbK3jF4lNUc=,lipdk35BV67e+W4pyo54i4f5aqc=
-35,-14,hugOpUcw1M0oh/BiRbK3jF4lNUc=,lipdk35BV67e+W4pyo54i4f5aqc=
-33,-15,hugOpUcw1M0oh/BiRbK3jF4lNUc=,lipdk35BV67e+W4pyo54i4f5aqc=
-47,-12,hugOpUcw1M0oh/BiRbK3jF4lNUc=,lipdk35BV67e+W4pyo54i4f5aqc=
-46,-1,hugOpUcw1M0oh/BiRbK3jF4lNUc=,lipdk35BV67e+W4pyo54i4f5aqc=
-47,-15,hugOpUcw1M0oh/BiRbK3jF4lNUc=,lipdk35BV67e+W4pyo54i4f5aqc=
-47,-1,hugOpUcw1M0oh/BiRbK3jF4lNUc=,lipdk35BV67e+W4pyo54i4f5aqc=
-34,-15,hugOpUcw1M0oh/BiRbK3jF4lNUc=,lipdk35BV67e+W4pyo54i4f5aqc=
-35,-15,hugOpUcw1M0oh/BiRbK3jF4lNUc=,lipdk35BV67e+W4pyo54i4f5aqc=
-36,-15,hugOpUcw1M0oh/BiRbK3jF4lNUc=,lipdk35BV67e+W4pyo54i4f5aqc=
-37,-15,hugOpUcw1M0oh/BiRbK3jF4lNUc=,lipdk35BV67e+W4pyo54i4f5aqc=
-38,-15,hugOpUcw1M0oh/BiRbK3jF4lNUc=,lipdk35BV67e+W4pyo54i4f5aqc=
-39,-15,hugOpUcw1M0oh/BiRbK3jF4lNUc=,lipdk35BV67e+W4pyo54i4f5aqc=
-40,-15,hugOpUcw1M0oh/BiRbK3jF4lNUc=,lipdk35BV67e+W4pyo54i4f5aqc=
-41,-15,hugOpUcw1M0oh/BiRbK3jF4lNUc=,lipdk35BV67e+W4pyo54i4f5aqc=
-42,-15,hugOpUcw1M0oh/BiRbK3jF4lNUc=,lipdk35BV67e+W4pyo54i4f5aqc=
-43,-15,hugOpUcw1M0oh/BiRbK3jF4lNUc=,lipdk35BV67e+W4pyo54i4f5aqc=
-44,-15,hugOpUcw1M0oh/BiRbK3jF4lNUc=,lipdk35BV67e+W4pyo54i4f5aqc=
-48,-1,hugOpUcw1M0oh/BiRbK3jF4lNUc=,lipdk35BV67e+W4pyo54i4f5aqc=
-45,-15,hugOpUcw1M0oh/BiRbK3jF4lNUc=,lipdk35BV67e+W4pyo54i4f5aqc=
-46,-15,hugOpUcw1M0oh/BiRbK3jF4lNUc=,lipdk35BV67e+W4pyo54i4f5aqc=
-46,-16,hugOpUcw1M0oh/BiRbK3jF4lNUc=,lipdk35BV67e+W4pyo54i4f5aqc=
-34,-2,hugOpUcw1M0oh/BiRbK3jF4lNUc=,lipdk35BV67e+W4pyo54i4f5aqc=
-46,-12,hugOpUcw1M0oh/BiRbK3jF4lNUc=,lipdk35BV67e+W4pyo54i4f5aqc=
-36,-14,hugOpUcw1M0oh/BiRbK3jF4lNUc=,lipdk35BV67e+W4pyo54i4f5aqc=
-35,-2,hugOpUcw1M0oh/BiRbK3jF4lNUc=,lipdk35BV67e+W4pyo54i4f5aqc=
-36,-2,hugOpUcw1M0oh/BiRbK3jF4lNUc=,lipdk35BV67e+W4pyo54i4f5aqc=
-33,-2,hugOpUcw1M0oh/BiRbK3jF4lNUc=,lipdk35BV67e+W4pyo54i4f5aqc=
-37,-2,hugOpUcw1M0oh/BiRbK3jF4lNUc=,lipdk35BV67e+W4pyo54i4f5aqc=
-45,-12,hugOpUcw1M0oh/BiRbK3jF4lNUc=,lipdk35BV67e+W4pyo54i4f5aqc=
-46,-14,hugOpUcw1M0oh/BiRbK3jF4lNUc=,lipdk35BV67e+W4pyo54i4f5aqc=
-43,-16,hugOpUcw1M0oh/BiRbK3jF4lNUc=,lipdk35BV67e+W4pyo54i4f5aqc=
-44,-12,hugOpUcw1M0oh/BiRbK3jF4lNUc=,lipdk35BV67e+W4pyo54i4f5aqc=
-43,-12,hugOpUcw1M0oh/BiRbK3jF4lNUc=,lipdk35BV67e+W4pyo54i4f5aqc=
-42,-12,hugOpUcw1M0oh/BiRbK3jF4lNUc=,lipdk35BV67e+W4pyo54i4f5aqc=
-41,-12,hugOpUcw1M0oh/BiRbK3jF4lNUc=,lipdk35BV67e+W4pyo54i4f5aqc=
-40,-12,hugOpUcw1M0oh/BiRbK3jF4lNUc=,lipdk35BV67e+W4pyo54i4f5aqc=
-39,-12,hugOpUcw1M0oh/BiRbK3jF4lNUc=,lipdk35BV67e+W4pyo54i4f5aqc=
-38,-12,hugOpUcw1M0oh/BiRbK3jF4lNUc=,lipdk35BV67e+W4pyo54i4f5aqc=
-37,-12,hugOpUcw1M0oh/BiRbK3jF4lNUc=,lipdk35BV67e+W4pyo54i4f5aqc=
-36,-12,hugOpUcw1M0oh/BiRbK3jF4lNUc=,lipdk35BV67e+W4pyo54i4f5aqc=
-35,-12,hugOpUcw1M0oh/BiRbK3jF4lNUc=,lipdk35BV67e+W4pyo54i4f5aqc=
-34,-12,hugOpUcw1M0oh/BiRbK3jF4lNUc=,lipdk35BV67e+W4pyo54i4f5aqc=
-42,-16,hugOpUcw1M0oh/BiRbK3jF4lNUc=,lipdk35BV67e+W4pyo54i4f5aqc=
-33,-12,hugOpUcw1M0oh/BiRbK3jF4lNUc=,lipdk35BV67e+W4pyo54i4f5aqc=
-38,-2,hugOpUcw1M0oh/BiRbK3jF4lNUc=,lipdk35BV67e+W4pyo54i4f5aqc=
-39,-2,hugOpUcw1M0oh/BiRbK3jF4lNUc=,lipdk35BV67e+W4pyo54i4f5aqc=
-48,-11,hugOpUcw1M0oh/BiRbK3jF4lNUc=,lipdk35BV67e+W4pyo54i4f5aqc=
-40,-2,hugOpUcw1M0oh/BiRbK3jF4lNUc=,lipdk35BV67e+W4pyo54i4f5aqc=
-41,-2,hugOpUcw1M0oh/BiRbK3jF4lNUc=,lipdk35BV67e+W4pyo54i4f5aqc=
-47,-11,hugOpUcw1M0oh/BiRbK3jF4lNUc=,lipdk35BV67e+W4pyo54i4f5aqc=
-42,-2,hugOpUcw1M0oh/BiRbK3jF4lNUc=,lipdk35BV67e+W4pyo54i4f5aqc=
-43,-2,hugOpUcw1M0oh/BiRbK3jF4lNUc=,lipdk35BV67e+W4pyo54i4f5aqc=
-46,-11,hugOpUcw1M0oh/BiRbK3jF4lNUc=,lipdk35BV67e+W4pyo54i4f5aqc=
-44,-2,hugOpUcw1M0oh/BiRbK3jF4lNUc=,lipdk35BV67e+W4pyo54i4f5aqc=
-45,-2,hugOpUcw1M0oh/BiRbK3jF4lNUc=,lipdk35BV67e+W4pyo54i4f5aqc=
-45,-11,hugOpUcw1M0oh/BiRbK3jF4lNUc=,lipdk35BV67e+W4pyo54i4f5aqc=
-44,-11,hugOpUcw1M0oh/BiRbK3jF4lNUc=,lipdk35BV67e+W4pyo54i4f5aqc=
-45,-14,hugOpUcw1M0oh/BiRbK3jF4lNUc=,lipdk35BV67e+W4pyo54i4f5aqc=
-41,-16,hugOpUcw1M0oh/BiRbK3jF4lNUc=,lipdk35BV67e+W4pyo54i4f5aqc=
-43,-11,hugOpUcw1M0oh/BiRbK3jF4lNUc=,lipdk35BV67e+W4pyo54i4f5aqc=
-42,-11,hugOpUcw1M0oh/BiRbK3jF4lNUc=,lipdk35BV67e+W4pyo54i4f5aqc=
-41,-11,hugOpUcw1M0oh/BiRbK3jF4lNUc=,lipdk35BV67e+W4pyo54i4f5aqc=
-40,-11,hugOpUcw1M0oh/BiRbK3jF4lNUc=,lipdk35BV67e+W4pyo54i4f5aqc=
-39,-11,hugOpUcw1M0oh/BiRbK3jF4lNUc=,lipdk35BV67e+W4pyo54i4f5aqc=
-38,-11,hugOpUcw1M0oh/BiRbK3jF4lNUc=,lipdk35BV67e+W4pyo54i4f5aqc=
-37,-11,hugOpUcw1M0oh/BiRbK3jF4lNUc=,lipdk35BV67e+W4pyo54i4f5aqc=
-36,-11,hugOpUcw1M0oh/BiRbK3jF4lNUc=,lipdk35BV67e+W4pyo54i4f5aqc=
-35,-11,hugOpUcw1M0oh/BiRbK3jF4lNUc=,lipdk35BV67e+W4pyo54i4f5aqc=
-34,-11,hugOpUcw1M0oh/BiRbK3jF4lNUc=,lipdk35BV67e+W4pyo54i4f5aqc=
-46,-2,hugOpUcw1M0oh/BiRbK3jF4lNUc=,lipdk35BV67e+W4pyo54i4f5aqc=
-33,-11,hugOpUcw1M0oh/BiRbK3jF4lNUc=,lipdk35BV67e+W4pyo54i4f5aqc=
-47,-2,hugOpUcw1M0oh/BiRbK3jF4lNUc=,lipdk35BV67e+W4pyo54i4f5aqc=
-48,-2,hugOpUcw1M0oh/BiRbK3jF4lNUc=,lipdk35BV67e+W4pyo54i4f5aqc=
-48,-15,hugOpUcw1M0oh/BiRbK3jF4lNUc=,lipdk35BV67e+W4pyo54i4f5aqc=
-48,-10,hugOpUcw1M0oh/BiRbK3jF4lNUc=,lipdk35BV67e+W4pyo54i4f5aqc=
-33,-3,hugOpUcw1M0oh/BiRbK3jF4lNUc=,lipdk35BV67e+W4pyo54i4f5aqc=
-35,-3,hugOpUcw1M0oh/BiRbK3jF4lNUc=,lipdk35BV67e+W4pyo54i4f5aqc=
-33,-16,hugOpUcw1M0oh/BiRbK3jF4lNUc=,lipdk35BV67e+W4pyo54i4f5aqc=
-37,-14,hugOpUcw1M0oh/BiRbK3jF4lNUc=,lipdk35BV67e+W4pyo54i4f5aqc=
-36,-3,hugOpUcw1M0oh/BiRbK3jF4lNUc=,lipdk35BV67e+W4pyo54i4f5aqc=
-37,-3,hugOpUcw1M0oh/BiRbK3jF4lNUc=,lipdk35BV67e+W4pyo54i4f5aqc=
-38,-3,hugOpUcw1M0oh/BiRbK3jF4lNUc=,lipdk35BV67e+W4pyo54i4f5aqc=
-47,-10,hugOpUcw1M0oh/BiRbK3jF4lNUc=,lipdk35BV67e+W4pyo54i4f5aqc=
-39,-3,hugOpUcw1M0oh/BiRbK3jF4lNUc=,lipdk35BV67e+W4pyo54i4f5aqc=
-34,-3,hugOpUcw1M0oh/BiRbK3jF4lNUc=,lipdk35BV67e+W4pyo54i4f5aqc=
-46,-10,hugOpUcw1M0oh/BiRbK3jF4lNUc=,lipdk35BV67e+W4pyo54i4f5aqc=
-40,-3,hugOpUcw1M0oh/BiRbK3jF4lNUc=,lipdk35BV67e+W4pyo54i4f5aqc=
-41,-3,hugOpUcw1M0oh/BiRbK3jF4lNUc=,lipdk35BV67e+W4pyo54i4f5aqc=
-45,-10,hugOpUcw1M0oh/BiRbK3jF4lNUc=,lipdk35BV67e+W4pyo54i4f5aqc=
-42,-3,hugOpUcw1M0oh/BiRbK3jF4lNUc=,lipdk35BV67e+W4pyo54i4f5aqc=
-43,-3,hugOpUcw1M0oh/BiRbK3jF4lNUc=,lipdk35BV67e+W4pyo54i4f5aqc=
-44,-10,hugOpUcw1M0oh/BiRbK3jF4lNUc=,lipdk35BV67e+W4pyo54i4f5aqc=
-43,-10,hugOpUcw1M0oh/BiRbK3jF4lNUc=,lipdk35BV67e+W4pyo54i4f5aqc=
-44,-14,hugOpUcw1M0oh/BiRbK3jF4lNUc=,lipdk35BV67e+W4pyo54i4f5aqc=
-40,-16,hugOpUcw1M0oh/BiRbK3jF4lNUc=,lipdk35BV67e+W4pyo54i4f5aqc=
-42,-10,hugOpUcw1M0oh/BiRbK3jF4lNUc=,lipdk35BV67e+W4pyo54i4f5aqc=
-41,-10,hugOpUcw1M0oh/BiRbK3jF4lNUc=,lipdk35BV67e+W4pyo54i4f5aqc=
-40,-10,hugOpUcw1M0oh/BiRbK3jF4lNUc=,lipdk35BV67e+W4pyo54i4f5aqc=
-39,-10,hugOpUcw1M0oh/BiRbK3jF4lNUc=,lipdk35BV67e+W4pyo54i4f5aqc=
-38,-10,hugOpUcw1M0oh/BiRbK3jF4lNUc=,lipdk35BV67e+W4pyo54i4f5aqc=
-48,-16,hugOpUcw1M0oh/BiRbK3jF4lNUc=,lipdk35BV67e+W4pyo54i4f5aqc=
-37,-10,hugOpUcw1M0oh/BiRbK3jF4lNUc=,lipdk35BV67e+W4pyo54i4f5aqc=
-36,-10,hugOpUcw1M0oh/BiRbK3jF4lNUc=,lipdk35BV67e+W4pyo54i4f5aqc=
-35,-10,hugOpUcw1M0oh/BiRbK3jF4lNUc=,lipdk35BV67e+W4pyo54i4f5aqc=
-34,-10,hugOpUcw1M0oh/BiRbK3jF4lNUc=,lipdk35BV67e+W4pyo54i4f5aqc=
-33,-10,hugOpUcw1M0oh/BiRbK3jF4lNUc=,lipdk35BV67e+W4pyo54i4f5aqc=
-45,-3,hugOpUcw1M0oh/BiRbK3jF4lNUc=,lipdk35BV67e+W4pyo54i4f5aqc=
-44,-3,hugOpUcw1M0oh/BiRbK3jF4lNUc=,lipdk35BV67e+W4pyo54i4f5aqc=
-48,-9,hugOpUcw1M0oh/BiRbK3jF4lNUc=,lipdk35BV67e+W4pyo54i4f5aqc=
-46,-3,hugOpUcw1M0oh/BiRbK3jF4lNUc=,lipdk35BV67e+W4pyo54i4f5aqc=
-47,-3,hugOpUcw1M0oh/BiRbK3jF4lNUc=,lipdk35BV67e+W4pyo54i4f5aqc=
-47,-16,hugOpUcw1M0oh/BiRbK3jF4lNUc=,lipdk35BV67e+W4pyo54i4f5aqc=
-47,-9,hugOpUcw1M0oh/BiRbK3jF4lNUc=,lipdk35BV67e+W4pyo54i4f5aqc=
-48,-3,hugOpUcw1M0oh/BiRbK3jF4lNUc=,lipdk35BV67e+W4pyo54i4f5aqc=
-33,-4,hugOpUcw1M0oh/BiRbK3jF4lNUc=,lipdk35BV67e+W4pyo54i4f5aqc=
-34,-4,hugOpUcw1M0oh/BiRbK3jF4lNUc=,lipdk35BV67e+W4pyo54i4f5aqc=
-46,-9,hugOpUcw1M0oh/BiRbK3jF4lNUc=,lipdk35BV67e+W4pyo54i4f5aqc=
-36,-4,hugOpUcw1M0oh/BiRbK3jF4lNUc=,lipdk35BV67e+W4pyo54i4f5aqc=
-34,-16,hugOpUcw1M0oh/BiRbK3jF4lNUc=,lipdk35BV67e+W4pyo54i4f5aqc=
-38,-14,hugOpUcw1M0oh/BiRbK3jF4lNUc=,lipdk35BV67e+W4pyo54i4f5aqc=
-37,-4,hugOpUcw1M0oh/BiRbK3jF4lNUc=,lipdk35BV67e+W4pyo54i4f5aqc=
-38,-4,hugOpUcw1M0oh/BiRbK3jF4lNUc=,lipdk35BV67e+W4pyo54i4f5aqc=
-39,-4,hugOpUcw1M0oh/BiRbK3jF4lNUc=,lipdk35BV67e+W4pyo54i4f5aqc=
-35,-4,hugOpUcw1M0oh/BiRbK3jF4lNUc=,lipdk35BV67e+W4pyo54i4f5aqc=
-45,-9,hugOpUcw1M0oh/BiRbK3jF4lNUc=,lipdk35BV67e+W4pyo54i4f5aqc=
-40,-4,hugOpUcw1M0oh/BiRbK3jF4lNUc=,lipdk35BV67e+W4pyo54i4f5aqc=
-41,-4,hugOpUcw1M0oh/BiRbK3jF4lNUc=,lipdk35BV67e+W4pyo54i4f5aqc=
-44,-9,hugOpUcw1M0oh/BiRbK3jF4lNUc=,lipdk35BV67e+W4pyo54i4f5aqc=
-43,-9,hugOpUcw1M0oh/BiRbK3jF4lNUc=,lipdk35BV67e+W4pyo54i4f5aqc=
-42,-9,hugOpUcw1M0oh/BiRbK3jF4lNUc=,lipdk35BV67e+W4pyo54i4f5aqc=
-43,-14,hugOpUcw1M0oh/BiRbK3jF4lNUc=,lipdk35BV67e+W4pyo54i4f5aqc=
-41,-9,hugOpUcw1M0oh/BiRbK3jF4lNUc=,lipdk35BV67e+W4pyo54i4f5aqc=
-39,-16,hugOpUcw1M0oh/BiRbK3jF4lNUc=,lipdk35BV67e+W4pyo54i4f5aqc=
-40,-9,hugOpUcw1M0oh/BiRbK3jF4lNUc=,lipdk35BV67e+W4pyo54i4f5aqc=
-39,-9,hugOpUcw1M0oh/BiRbK3jF4lNUc=,lipdk35BV67e+W4pyo54i4f5aqc=
-38,-9,hugOpUcw1M0oh/BiRbK3jF4lNUc=,lipdk35BV67e+W4pyo54i4f5aqc=
-37,-9,hugOpUcw1M0oh/BiRbK3jF4lNUc=,lipdk35BV67e+W4pyo54i4f5aqc=
-36,-9,hugOpUcw1M0oh/BiRbK3jF4lNUc=,lipdk35BV67e+W4pyo54i4f5aqc=
-42,-4,hugOpUcw1M0oh/BiRbK3jF4lNUc=,lipdk35BV67e+W4pyo54i4f5aqc=
-43,-4,hugOpUcw1M0oh/BiRbK3jF4lNUc=,lipdk35BV67e+W4pyo54i4f5aqc=
-45,-4,hugOpUcw1M0oh/BiRbK3jF4lNUc=,lipdk35BV67e+W4pyo54i4f5aqc=
-35,-9,hugOpUcw1M0oh/BiRbK3jF4lNUc=,lipdk35BV67e+W4pyo54i4f5aqc=
-44,-4,hugOpUcw1M0oh/BiRbK3jF4lNUc=,lipdk35BV67e+W4pyo54i4f5aqc=
-34,-9,hugOpUcw1M0oh/BiRbK3jF4lNUc=,lipdk35BV67e+W4pyo54i4f5aqc=
-46,-4,hugOpUcw1M0oh/BiRbK3jF4lNUc=,lipdk35BV67e+W4pyo54i4f5aqc=
-47,-4,hugOpUcw1M0oh/BiRbK3jF4lNUc=,lipdk35BV67e+W4pyo54i4f5aqc=
-33,-9,hugOpUcw1M0oh/BiRbK3jF4lNUc=,lipdk35BV67e+W4pyo54i4f5aqc=
-48,-4,hugOpUcw1M0oh/BiRbK3jF4lNUc=,lipdk35BV67e+W4pyo54i4f5aqc=
-48,-8,hugOpUcw1M0oh/BiRbK3jF4lNUc=,lipdk35BV67e+W4pyo54i4f5aqc=
-33,-5,hugOpUcw1M0oh/BiRbK3jF4lNUc=,lipdk35BV67e+W4pyo54i4f5aqc=
-34,-5,hugOpUcw1M0oh/BiRbK3jF4lNUc=,lipdk35BV67e+W4pyo54i4f5aqc=
-35,-5,hugOpUcw1M0oh/BiRbK3jF4lNUc=,lipdk35BV67e+W4pyo54i4f5aqc=
-37,-5,hugOpUcw1M0oh/BiRbK3jF4lNUc=,lipdk35BV67e+W4pyo54i4f5aqc=
-35,-16,hugOpUcw1M0oh/BiRbK3jF4lNUc=,lipdk35BV67e+W4pyo54i4f5aqc=
-39,-14,hugOpUcw1M0oh/BiRbK3jF4lNUc=,lipdk35BV67e+W4pyo54i4f5aqc=
-38,-5,hugOpUcw1M0oh/BiRbK3jF4lNUc=,lipdk35BV67e+W4pyo54i4f5aqc=
-39,-5,hugOpUcw1M0oh/BiRbK3jF4lNUc=,lipdk35BV67e+W4pyo54i4f5aqc=
-40,-5,hugOpUcw1M0oh/BiRbK3jF4lNUc=,lipdk35BV67e+W4pyo54i4f5aqc=
-47,-8,hugOpUcw1M0oh/BiRbK3jF4lNUc=,lipdk35BV67e+W4pyo54i4f5aqc=
-36,-5,hugOpUcw1M0oh/BiRbK3jF4lNUc=,lipdk35BV67e+W4pyo54i4f5aqc=
-41,-5,hugOpUcw1M0oh/BiRbK3jF4lNUc=,lipdk35BV67e+W4pyo54i4f5aqc=
-43,-5,hugOpUcw1M0oh/BiRbK3jF4lNUc=,lipdk35BV67e+W4pyo54i4f5aqc=
-44,-5,hugOpUcw1M0oh/BiRbK3jF4lNUc=,lipdk35BV67e+W4pyo54i4f5aqc=
-45,-5,hugOpUcw1M0oh/BiRbK3jF4lNUc=,lipdk35BV67e+W4pyo54i4f5aqc=
-46,-8,hugOpUcw1M0oh/BiRbK3jF4lNUc=,lipdk35BV67e+W4pyo54i4f5aqc=
-42,-5,hugOpUcw1M0oh/BiRbK3jF4lNUc=,lipdk35BV67e+W4pyo54i4f5aqc=
-46,-5,hugOpUcw1M0oh/BiRbK3jF4lNUc=,lipdk35BV67e+W4pyo54i4f5aqc=
-47,-5,hugOpUcw1M0oh/BiRbK3jF4lNUc=,lipdk35BV67e+W4pyo54i4f5aqc=
-45,-8,hugOpUcw1M0oh/BiRbK3jF4lNUc=,lipdk35BV67e+W4pyo54i4f5aqc=
-48,-5,hugOpUcw1M0oh/BiRbK3jF4lNUc=,lipdk35BV67e+W4pyo54i4f5aqc=
-44,-8,hugOpUcw1M0oh/BiRbK3jF4lNUc=,lipdk35BV67e+W4pyo54i4f5aqc=
-43,-8,hugOpUcw1M0oh/BiRbK3jF4lNUc=,lipdk35BV67e+W4pyo54i4f5aqc=
-33,-6,hugOpUcw1M0oh/BiRbK3jF4lNUc=,lipdk35BV67e+W4pyo54i4f5aqc=
-42,-8,hugOpUcw1M0oh/BiRbK3jF4lNUc=,lipdk35BV67e+W4pyo54i4f5aqc=
-41,-8,hugOpUcw1M0oh/BiRbK3jF4lNUc=,lipdk35BV67e+W4pyo54i4f5aqc=
-42,-14,hugOpUcw1M0oh/BiRbK3jF4lNUc=,lipdk35BV67e+W4pyo54i4f5aqc=
-40,-8,hugOpUcw1M0oh/BiRbK3jF4lNUc=,lipdk35BV67e+W4pyo54i4f5aqc=
-38,-16,hugOpUcw1M0oh/BiRbK3jF4lNUc=,lipdk35BV67e+W4pyo54i4f5aqc=
-39,-8,hugOpUcw1M0oh/BiRbK3jF4lNUc=,lipdk35BV67e+W4pyo54i4f5aqc=
-38,-8,hugOpUcw1M0oh/BiRbK3jF4lNUc=,lipdk35BV67e+W4pyo54i4f5aqc=
-37,-8,hugOpUcw1M0oh/BiRbK3jF4lNUc=,lipdk35BV67e+W4pyo54i4f5aqc=
-34,-6,hugOpUcw1M0oh/BiRbK3jF4lNUc=,lipdk35BV67e+W4pyo54i4f5aqc=
-35,-6,hugOpUcw1M0oh/BiRbK3jF4lNUc=,lipdk35BV67e+W4pyo54i4f5aqc=
-37,-6,hugOpUcw1M0oh/BiRbK3jF4lNUc=,lipdk35BV67e+W4pyo54i4f5aqc=
-38,-6,hugOpUcw1M0oh/BiRbK3jF4lNUc=,lipdk35BV67e+W4pyo54i4f5aqc=
-36,-16,hugOpUcw1M0oh/BiRbK3jF4lNUc=,lipdk35BV67e+W4pyo54i4f5aqc=
-40,-14,hugOpUcw1M0oh/BiRbK3jF4lNUc=,lipdk35BV67e+W4pyo54i4f5aqc=
-39,-6,hugOpUcw1M0oh/BiRbK3jF4lNUc=,lipdk35BV67e+W4pyo54i4f5aqc=
-40,-6,hugOpUcw1M0oh/BiRbK3jF4lNUc=,lipdk35BV67e+W4pyo54i4f5aqc=
-41,-6,hugOpUcw1M0oh/BiRbK3jF4lNUc=,lipdk35BV67e+W4pyo54i4f5aqc=
-42,-6,hugOpUcw1M0oh/BiRbK3jF4lNUc=,lipdk35BV67e+W4pyo54i4f5aqc=
-43,-6,hugOpUcw1M0oh/BiRbK3jF4lNUc=,lipdk35BV67e+W4pyo54i4f5aqc=
-44,-6,hugOpUcw1M0oh/BiRbK3jF4lNUc=,lipdk35BV67e+W4pyo54i4f5aqc=
-36,-8,hugOpUcw1M0oh/BiRbK3jF4lNUc=,lipdk35BV67e+W4pyo54i4f5aqc=
-36,-6,hugOpUcw1M0oh/BiRbK3jF4lNUc=,lipdk35BV67e+W4pyo54i4f5aqc=
-45,-6,hugOpUcw1M0oh/BiRbK3jF4lNUc=,lipdk35BV67e+W4pyo54i4f5aqc=
-35,-8,hugOpUcw1M0oh/BiRbK3jF4lNUc=,lipdk35BV67e+W4pyo54i4f5aqc=
-46,-6,hugOpUcw1M0oh/BiRbK3jF4lNUc=,lipdk35BV67e+W4pyo54i4f5aqc=
-47,-6,hugOpUcw1M0oh/BiRbK3jF4lNUc=,lipdk35BV67e+W4pyo54i4f5aqc=
-34,-8,hugOpUcw1M0oh/BiRbK3jF4lNUc=,lipdk35BV67e+W4pyo54i4f5aqc=
-48,-6,hugOpUcw1M0oh/BiRbK3jF4lNUc=,lipdk35BV67e+W4pyo54i4f5aqc=
-33,-8,hugOpUcw1M0oh/BiRbK3jF4lNUc=,lipdk35BV67e+W4pyo54i4f5aqc=
-33,-7,hugOpUcw1M0oh/BiRbK3jF4lNUc=,lipdk35BV67e+W4pyo54i4f5aqc=
-34,-7,hugOpUcw1M0oh/BiRbK3jF4lNUc=,lipdk35BV67e+W4pyo54i4f5aqc=
-35,-7,hugOpUcw1M0oh/BiRbK3jF4lNUc=,lipdk35BV67e+W4pyo54i4f5aqc=
-37,-7,hugOpUcw1M0oh/BiRbK3jF4lNUc=,lipdk35BV67e+W4pyo54i4f5aqc=
-38,-7,hugOpUcw1M0oh/BiRbK3jF4lNUc=,lipdk35BV67e+W4pyo54i4f5aqc=
-39,-7,hugOpUcw1M0oh/BiRbK3jF4lNUc=,lipdk35BV67e+W4pyo54i4f5aqc=
-37,-16,hugOpUcw1M0oh/BiRbK3jF4lNUc=,lipdk35BV67e+W4pyo54i4f5aqc=
-41,-14,hugOpUcw1M0oh/BiRbK3jF4lNUc=,lipdk35BV67e+W4pyo54i4f5aqc=
-40,-7,hugOpUcw1M0oh/BiRbK3jF4lNUc=,lipdk35BV67e+W4pyo54i4f5aqc=
-41,-7,hugOpUcw1M0oh/BiRbK3jF4lNUc=,lipdk35BV67e+W4pyo54i4f5aqc=
-42,-7,hugOpUcw1M0oh/BiRbK3jF4lNUc=,lipdk35BV67e+W4pyo54i4f5aqc=
-48,-7,hugOpUcw1M0oh/BiRbK3jF4lNUc=,lipdk35BV67e+W4pyo54i4f5aqc=
-43,-7,hugOpUcw1M0oh/BiRbK3jF4lNUc=,lipdk35BV67e+W4pyo54i4f5aqc=
-36,-7,hugOpUcw1M0oh/BiRbK3jF4lNUc=,lipdk35BV67e+W4pyo54i4f5aqc=
-44,-7,hugOpUcw1M0oh/BiRbK3jF4lNUc=,lipdk35BV67e+W4pyo54i4f5aqc=
-47,-7,hugOpUcw1M0oh/BiRbK3jF4lNUc=,lipdk35BV67e+W4pyo54i4f5aqc=
-46,-7,hugOpUcw1M0oh/BiRbK3jF4lNUc=,lipdk35BV67e+W4pyo54i4f5aqc=
-45,-7,hugOpUcw1M0oh/BiRbK3jF4lNUc=,lipdk35BV67e+W4pyo54i4f5aqc=
