3,-32,kBf58wcZ5NhHfZONvnMCvxTNPOw=,zNroNzDsTjK5OJY222Bqq5lES5s=
15,-31,kBf58wcZ5NhHfZONvnMCvxTNPOw=,zNroNzDsTjK5OJY222Bqq5lES5s=
13,-30,kBf58wcZ5NhHfZONvnMCvxTNPOw=,zNroNzDsTjK5OJY222Bqq5lES5s=
12,-30,kBf58wcZ5NhHfZONvnMCvxTNPOw=,zNroNzDsTjK5OJY222Bqq5lES5s=
11,-30,kBf58wcZ5NhHfZONvnMCvxTNPOw=,zNroNzDsTjK5OJY222Bqq5lES5s=
9,-30,kBf58wcZ5NhHfZONvnMCvxTNPOw=,zNroNzDsTjK5OJY222Bqq5lES5s=
10,-30,kBf58wcZ5NhHfZONvnMCvxTNPOw=,zNroNzDsTjK5OJY222Bqq5lES5s=
7,-30,kBf58wcZ5NhHfZONvnMCvxTNPOw=,zNroNzDsTjK5OJY222Bqq5lES5s=
12,-29,kBf58wcZ5NhHfZONvnMCvxTNPOw=,zNroNzDsTjK5OJY222Bqq5lES5s=
11,-29,kBf58wcZ5NhHfZONvnMCvxTNPOw=,zNroNzDsTjK5OJY222Bqq5lES5s=
6,-30,kBf58wcZ5NhHfZONvnMCvxTNPOw=,zNroNzDsTjK5OJY222Bqq5lES5s=
14,-30,kBf58wcZ5NhHfZONvnMCvxTNPOw=,zNroNzDsTjK5OJY222Bqq5lES5s=
8,-30,kBf58wcZ5NhHfZONvnMCvxTNPOw=,zNroNzDsTjK5OJY222Bqq5lES5s=
4,-32,kBf58wcZ5NhHfZONvnMCvxTNPOw=,zNroNzDsTjK5OJY222Bqq5lES5s=
5,-30,kBf58wcZ5NhHfZONvnMCvxTNPOw=,zNroNzDsTjK5OJY222Bqq5lES5s=
4,-30,kBf58wcZ5NhHfZONvnMCvxTNPOw=,zNroNzDsTjK5OJY222Bqq5lES5s=
5,-32,kBf58wcZ5NhHfZONvnMCvxTNPOw=,zNroNzDsTjK5OJY222Bqq5lES5s=
3,-30,kBf58wcZ5NhHfZONvnMCvxTNPOw=,zNroNzDsTjK5OJY222Bqq5lES5s=
13,-29,kBf58wcZ5NhHfZONvnMCvxTNPOw=,zNroNzDsTjK5OJY222Bqq5lES5s=
2,-30,kBf58wcZ5NhHfZONvnMCvxTNPOw=,zNroNzDsTjK5OJY222Bqq5lES5s=
14,-29,kBf58wcZ5NhHfZONvnMCvxTNPOw=,zNroNzDsTjK5OJY222Bqq5lES5s=
15,-17,kBf58wcZ5NhHfZONvnMCvxTNPOw=,zNroNzDsTjK5OJY222Bqq5lES5s=
2,-31,kBf58wcZ5NhHfZONvnMCvxTNPOw=,zNroNzDsTjK5OJY222Bqq5lES5s=
15,-29,kBf58wcZ5NhHfZONvnMCvxTNPOw=,zNroNzDsTjK5OJY222Bqq5lES5s=
0,-28,kBf58wcZ5NhHfZONvnMCvxTNPOw=,zNroNzDsTjK5OJY222Bqq5lES5s=
1,-28,kBf58wcZ5NhHfZONvnMCvxTNPOw=,zNroNzDsTjK5OJY222Bqq5lES5s=
2,-28,kBf58wcZ5NhHfZONvnMCvxTNPOw=,zNroNzDsTjK5OJY222Bqq5lES5s=
3,-28,kBf58wcZ5NhHfZONvnMCvxTNPOw=,zNroNzDsTjK5OJY222Bqq5lES5s=
4,-28,kBf58wcZ5NhHfZONvnMCvxTNPOw=,zNroNzDsTjK5OJY222Bqq5lES5s=
5,-28,kBf58wcZ5NhHfZONvnMCvxTNPOw=,zNroNzDsTjK5OJY222Bqq5lES5s=
6,-28,kBf58wcZ5NhHfZONvnMCvxTNPOw=,zNroNzDsTjK5OJY222Bqq5lES5s=
7,-28,kBf58wcZ5NhHfZONvnMCvxTNPOw=,zNroNzDsTjK5OJY222Bqq5lES5s=
8,-28,kBf58wcZ5NhHfZONvnMCvxTNPOw=,zNroNzDsTjK5OJY222Bqq5lES5s=
9,-28,kBf58wcZ5NhHfZONvnMCvxTNPOw=,zNroNzDsTjK5OJY222Bqq5lES5s=
10,-28,kBf58wcZ5NhHfZONvnMCvxTNPOw=,zNroNzDsTjK5OJY222Bqq5lES5s=
11,-28,kBf58wcZ5NhHfZONvnMCvxTNPOw=,zNroNzDsTjK5OJY222Bqq5lES5s=
15,-30,kBf58wcZ5NhHfZONvnMCvxTNPOw=,zNroNzDsTjK5OJY222Bqq5lES5s=
6,-32,kBf58wcZ5NhHfZONvnMCvxTNPOw=,zNroNzDsTjK5OJY222Bqq5lES5s=
12,-28,kBf58wcZ5NhHfZONvnMCvxTNPOw=,zNroNzDsTjK5OJY222Bqq5lES5s=
3,-31,kBf58wcZ5NhHfZONvnMCvxTNPOw=,zNroNzDsTjK5OJY222Bqq5lES5s=
13,-28,kBf58wcZ5NhHfZONvnMCvxTNPOw=,zNroNzDsTjK5OJY222Bqq5lES5s=
4,-31,kBf58wcZ5NhHfZONvnMCvxTNPOw=,zNroNzDsTjK5OJY222Bqq5lES5s=
14,-28,kBf58wcZ5NhHfZONvnMCvxTNPOw=,zNroNzDsTjK5OJY222Bqq5lES5s=
15,-28,kBf58wcZ5NhHfZONvnMCvxTNPOw=,zNroNzDsTjK5OJY222Bqq5lES5s=
0,-27,kBf58wcZ5NhHfZONvnMCvxTNPOw=,zNroNzDsTjK5OJY222Bqq5lES5s=
1,-27,kBf58wcZ5NhHfZONvnMCvxTNPOw=,zNroNzDsTjK5OJY222Bqq5lES5s=
2,-27,kBf58wcZ5NhHfZONvnMCvxTNPOw=,zNroNzDsTjK5OJY222Bqq5lES5s=
3,-27,kBf58wcZ5NhHfZONvnMCvxTNPOw=,zNroNzDsTjK5OJY222Bqq5lES5s=
4,-27,kBf58wcZ5NhHfZONvnMCvxTNPOw=,zNroNzDsTjK5OJY222Bqq5lES5s=
5,-27,kBf58wcZ5NhHfZONvnMCvxTNPOw=,zNroNzDsTjK5OJY222Bqq5lES5s=
6,-27,kBf58wcZ5NhHfZONvnMCvxTNPOw=,zNroNzDsTjK5OJY222Bqq5lES5s=
7,-27,kBf58wcZ5NhHfZONvnMCvxTNPOw=,zNroNzDsTjK5OJY222Bqq5lES5s=
8,-27,kBf58wcZ5NhHfZONvnMCvxTNPOw=,zNroNzDsTjK5OJY222Bqq5lES5s=
9,-27,kBf58wcZ5NhHfZONvnMCvxTNPOw=,zNroNzDsTjK5OJY222Bqq5lES5s=
10,-27,kBf58wcZ5NhHfZONvnMCvxTNPOw=,zNroNzDsTjK5OJY222Bqq5lES5s=
1,-30,kBf58wcZ5NhHfZONvnMCvxTNPOw=,zNroNzDsTjK5OJY222Bqq5lES5s=
2,-32,kBf58wcZ5NhHfZONvnMCvxTNPOw=,zNroNzDsTjK5OJY222Bqq5lES5s=
14,-17,kBf58wcZ5NhHfZONvnMCvxTNPOw=,zNroNzDsTjK5OJY222Bqq5lES5s=
13,-17,kBf58wcZ5NhHfZONvnMCvxTNPOw=,zNroNzDsTjK5OJY222Bqq5lES5s=
12,-17,kBf58wcZ5NhHfZONvnMCvxTNPOw=,zNroNzDsTjK5OJY222Bqq5lES5s=
11,-17,kBf58wcZ5NhHfZONvnMCvxTNPOw=,zNroNzDsTjK5OJY222Bqq5lES5s=
10,-17,kBf58wcZ5NhHfZONvnMCvxTNPOw=,zNroNzDsTjK5OJY222Bqq5lES5s=
9,-17,kBf58wcZ5NhHfZONvnMCvxTNPOw=,zNroNzDsTjK5OJY222Bqq5lES5s=
8,-17,kBf58wcZ5NhHfZONvnMCvxTNPOw=,zNroNzDsTjK5OJY222Bqq5lES5s=
7,-17,kBf58wcZ5NhHfZONvnMCvxTNPOw=,zNroNzDsTjK5OJY222Bqq5lES5s=
0,-30,kBf58wcZ5NhHfZONvnMCvxTNPOw=,zNroNzDsTjK5OJY222Bqq5lES5s=
6,-17,kBf58wcZ5NhHfZONvnMCvxTNPOw=,zNroNzDsTjK5OJY222Bqq5lES5s=
0,-29,kBf58wcZ5NhHfZONvnMCvxTNPOw=,zNroNzDsTjK5OJY222Bqq5lES5s=
7,-32,kBf58wcZ5NhHfZONvnMCvxTNPOw=,zNroNzDsTjK5OJY222Bqq5lES5s=
11,-27,kBf58wcZ5NhHfZONvnMCvxTNPOw=,zNroNzDsTjK5OJY222Bqq5lES5s=
5,-31,kBf58wcZ5NhHfZONvnMCvxTNPOw=,zNroNzDsTjK5OJY222Bqq5lES5s=
12,-27,kBf58wcZ5NhHfZONvnMCvxTNPOw=,zNroNzDsTjK5OJY222Bqq5lES5s=
13,-27,kBf58wcZ5NhHfZONvnMCvxTNPOw=,zNroNzDsTjK5OJY222Bqq5lES5s=
14,-27,kBf58wcZ5NhHfZONvnMCvxTNPOw=,zNroNzDsTjK5OJY222Bqq5lES5s=
15,-27,kBf58wcZ5NhHfZONvnMCvxTNPOw=,zNroNzDsTjK5OJY222Bqq5lES5s=
0,-26,kBf58wcZ5NhHfZONvnMCvxTNPOw=,zNroNzDsTjK5OJY222Bqq5lES5s=
1,-26,kBf58wcZ5NhHfZONvnMCvxTNPOw=,zNroNzDsTjK5OJY222Bqq5lES5s=
2,-26,kBf58wcZ5NhHfZONvnMCvxTNPOw=,zNroNzDsTjK5OJY222Bqq5lES5s=
3,-26,kBf58wcZ5NhHfZONvnMCvxTNPOw=,zNroNzDsTjK5OJY222Bqq5lES5s=
4,-26,kBf58wcZ5NhHfZONvnMCvxTNPOw=,zNroNzDsTjK5OJY222Bqq5lES5s=
5,-26,kBf58wcZ5NhHfZONvnMCvxTNPOw=,zNroNzDsTjK5OJY222Bqq5lES5s=
6,-26,kBf58wcZ5NhHfZONvnMCvxTNPOw=,zNroNzDsTjK5OJY222Bqq5lES5s=
7,-26,kBf58wcZ5NhHfZONvnMCvxTNPOw=,zNroNzDsTjK5OJY222Bqq5lES5s=
9,-26,kBf58wcZ5NhHfZONvnMCvxTNPOw=,zNroNzDsTjK5OJY222Bqq5lES5s=
8,-26,kBf58wcZ5NhHfZONvnMCvxTNPOw=,zNroNzDsTjK5OJY222Bqq5lES5s=
1,-29,kBf58wcZ5NhHfZONvnMCvxTNPOw=,zNroNzDsTjK5OJY222Bqq5lES5s=
8,-32,kBf58wcZ5NhHfZONvnMCvxTNPOw=,zNroNzDsTjK5OJY222Bqq5lES5s=
10,-26,kBf58wcZ5NhHfZONvnMCvxTNPOw=,zNroNzDsTjK5OJY222Bqq5lES5s=
11,-26,kBf58wcZ5NhHfZONvnMCvxTNPOw=,zNroNzDsTjK5OJY222Bqq5lES5s=
6,-31,kBf58wcZ5NhHfZONvnMCvxTNPOw=,zNroNzDsTjK5OJY222Bqq5lES5s=
12,-26,kBf58wcZ5NhHfZONvnMCvxTNPOw=,zNroNzDsTjK5OJY222Bqq5lES5s=
13,-26,kBf58wcZ5NhHfZONvnMCvxTNPOw=,zNroNzDsTjK5OJY222Bqq5lES5s=
14,-26,kBf58wcZ5NhHfZONvnMCvxTNPOw=,zNroNzDsTjK5OJY222Bqq5lES5s=
15,-26,kBf58wcZ5NhHfZONvnMCvxTNPOw=,zNroNzDsTjK5OJY222Bqq5lES5s=
0,-25,kBf58wcZ5NhHfZONvnMCvxTNPOw=,zNroNzDsTjK5OJY222Bqq5lES5s=
1,-25,kBf58wcZ5NhHfZONvnMCvxTNPOw=,zNroNzDsTjK5OJY222Bqq5lES5s=
2,-25,kBf58wcZ5NhHfZONvnMCvxTNPOw=,zNroNzDsTjK5OJY222Bqq5lES5s=
4,-25,kBf58wcZ5NhHfZONvnMCvxTNPOw=,zNroNzDsTjK5OJY222Bqq5lES5s=
3,-25,kBf58wcZ5NhHfZONvnMCvxTNPOw=,zNroNzDsTjK5OJY222Bqq5lES5s=
5,-17,kBf58wcZ5NhHfZONvnMCvxTNPOw=,zNroNzDsTjK5OJY222Bqq5lES5s=
4,-17,kBf58wcZ5NhHfZONvnMCvxTNPOw=,zNroNzDsTjK5OJY222Bqq5lES5s=
10,-29,kBf58wcZ5NhHfZONvnMCvxTNPOw=,zNroNzDsTjK5OJY222Bqq5lES5s=
3,-17,kBf58wcZ5NhHfZONvnMCvxTNPOw=,zNroNzDsTjK5OJY222Bqq5lES5s=
14,-31,kBf58wcZ5NhHfZONvnMCvxTNPOw=,zNroNzDsTjK5OJY222Bqq5lES5s=
0,-32,kBf58wcZ5NhHfZONvnMCvxTNPOw=,zNroNzDsTjK5OJY222Bqq5lES5s=
5,-25,kBf58wcZ5NhHfZONvnMCvxTNPOw=,zNroNzDsTjK5OJY222Bqq5lES5s=
6,-25,kBf58wcZ5NhHfZONvnMCvxTNPOw=,zNroNzDsTjK5OJY222Bqq5lES5s=
7,-25,kBf58wcZ5NhHfZONvnMCvxTNPOw=,zNroNzDsTjK5OJY222Bqq5lES5s=
8,-25,kBf58wcZ5NhHfZONvnMCvxTNPOw=,zNroNzDsTjK5OJY222Bqq5lES5s=
2,-29,kBf58wcZ5NhHfZONvnMCvxTNPOw=,zNroNzDsTjK5OJY222Bqq5lES5s=
9,-32,kBf58wcZ5NhHfZONvnMCvxTNPOw=,zNroNzDsTjK5OJY222Bqq5lES5s=
9,-25,kBf58wcZ5NhHfZONvnMCvxTNPOw=,zNroNzDsTjK5OJY222Bqq5lES5s=
10,-25,kBf58wcZ5NhHfZONvnMCvxTNPOw=,zNroNzDsTjK5OJY222Bqq5lES5s=
11,-25,kBf58wcZ5NhHfZONvnMCvxTNPOw=,zNroNzDsTjK5OJY222Bqq5lES5s=
12,-25,kBf58wcZ5NhHfZONvnMCvxTNPOw=,zNroNzDsTjK5OJY222Bqq5lES5s=
13,-25,kBf58wcZ5NhHfZONvnMCvxTNPOw=,zNroNzDsTjK5OJY222Bqq5lES5s=
14,-25,kBf58wcZ5NhHfZONvnMCvxTNPOw=,zNroNzDsTjK5OJY222Bqq5lES5s=
15,-25,kBf58wcZ5NhHfZONvnMCvxTNPOw=,zNroNzDsTjK5OJY222Bqq5lES5s=
0,-24,kBf58wcZ5NhHfZONvnMCvxTNPOw=,zNroNzDsTjK5OJY222Bqq5lES5s=
1,-24,kBf58wcZ5NhHfZONvnMCvxTNPOw=,zNroNzDsTjK5OJY222Bqq5lES5s=
7,-31,kBf58wcZ5NhHfZONvnMCvxTNPOw=,zNroNzDsTjK5OJY222Bqq5lES5s=
2,-24,kBf58wcZ5NhHfZONvnMCvxTNPOw=,zNroNzDsTjK5OJY222Bqq5lES5s=
3,-24,kBf58wcZ5NhHfZONvnMCvxTNPOw=,zNroNzDsTjK5OJY222Bqq5lES5s=
4,-24,kBf58wcZ5NhHfZONvnMCvxTNPOw=,zNroNzDsTjK5OJY222Bqq5lES5s=
5,-24,kBf58wcZ5NhHfZONvnMCvxTNPOw=,zNroNzDsTjK5OJY222Bqq5lES5s=
6,-24,kBf58wcZ5NhHfZONvnMCvxTNPOw=,zNroNzDsTjK5OJY222Bqq5lES5s=
7,-24,kBf58wcZ5NhHfZONvnMCvxTNPOw=,zNroNzDsTjK5OJY222Bqq5lES5s=
3,-29,kBf58wcZ5NhHfZONvnMCvxTNPOw=,zNroNzDsTjK5OJY222Bqq5lES5s=
10,-32,kBf58wcZ5NhHfZONvnMCvxTNPOw=,zNroNzDsTjK5OJY222Bqq5lES5s=
8,-24,kBf58wcZ5NhHfZONvnMCvxTNPOw=,zNroNzDsTjK5OJY222Bqq5lES5s=
9,-24,kBf58wcZ5NhHfZONvnMCvxTNPOw=,zNroNzDsTjK5OJY222Bqq5lES5s=
10,-24,kBf58wcZ5NhHfZONvnMCvxTNPOw=,zNroNzDsTjK5OJY222Bqq5lES5s=
11,-24,kBf58wcZ5NhHfZONvnMCvxTNPOw=,zNroNzDsTjK5OJY222Bqq5lES5s=
12,-24,kBf58wcZ5NhHfZONvnMCvxTNPOw=,zNroNzDsTjK5OJY222Bqq5lES5s=
2,-17,kBf58wcZ5NhHfZONvnMCvxTNPOw=,zNroNzDsTjK5OJY222Bqq5lES5s=
13,-24,kBf58wcZ5NhHfZONvnMCvxTNPOw=,zNroNzDsTjK5OJY222Bqq5lES5s=
14,-24,kBf58wcZ5NhHfZONvnMCvxTNPOw=,zNroNzDsTjK5OJY222Bqq5lES5s=
15,-24,kBf58wcZ5NhHfZONvnMCvxTNPOw=,zNroNzDsTjK5OJY222Bqq5lES5s=
0,-23,kBf58wcZ5NhHfZONvnMCvxTNPOw=,zNroNzDsTjK5OJY222Bqq5lES5s=
1,-23,kBf58wcZ5NhHfZONvnMCvxTNPOw=,zNroNzDsTjK5OJY222Bqq5lES5s=
2,-23,kBf58wcZ5NhHfZONvnMCvxTNPOw=,zNroNzDsTjK5OJY222Bqq5lES5s=
3,-23,kBf58wcZ5NhHfZONvnMCvxTNPOw=,zNroNzDsTjK5OJY222Bqq5lES5s=
8,-31,kBf58wcZ5NhHfZONvnMCvxTNPOw=,zNroNzDsTjK5OJY222Bqq5lES5s=
4,-23,kBf58wcZ5NhHfZONvnMCvxTNPOw=,zNroNzDsTjK5OJY222Bqq5lES5s=
5,-23,kBf58wcZ5NhHfZONvnMCvxTNPOw=,zNroNzDsTjK5OJY222Bqq5lES5s=
6,-23,kBf58wcZ5NhHfZONvnMCvxTNPOw=,zNroNzDsTjK5OJY222Bqq5lES5s=
4,-29,kBf58wcZ5NhHfZONvnMCvxTNPOw=,zNroNzDsTjK5OJY222Bqq5lES5s=
11,-32,kBf58wcZ5NhHfZONvnMCvxTNPOw=,zNroNzDsTjK5OJY222Bqq5lES5s=
7,-23,kBf58wcZ5NhHfZONvnMCvxTNPOw=,zNroNzDsTjK5OJY222Bqq5lES5s=
8,-23,kBf58wcZ5NhHfZONvnMCvxTNPOw=,zNroNzDsTjK5OJY222Bqq5lES5s=
9,-23,kBf58wcZ5NhHfZONvnMCvxTNPOw=,zNroNzDsTjK5OJY222Bqq5lES5s=
10,-23,kBf58wcZ5NhHfZONvnMCvxTNPOw=,zNroNzDsTjK5OJY222Bqq5lES5s=
11,-23,kBf58wcZ5NhHfZONvnMCvxTNPOw=,zNroNzDsTjK5OJY222Bqq5lES5s=
12,-23,kBf58wcZ5NhHfZONvnMCvxTNPOw=,zNroNzDsTjK5OJY222Bqq5lES5s=
13,-23,kBf58wcZ5NhHfZONvnMCvxTNPOw=,zNroNzDsTjK5OJY222Bqq5lES5s=
9,-31,kBf58wcZ5NhHfZONvnMCvxTNPOw=,zNroNzDsTjK5OJY222Bqq5lES5s=
14,-23,kBf58wcZ5NhHfZONvnMCvxTNPOw=,zNroNzDsTjK5OJY222Bqq5lES5s=
15,-23,kBf58wcZ5NhHfZONvnMCvxTNPOw=,zNroNzDsTjK5OJY222Bqq5lES5s=
0,-22,kBf58wcZ5NhHfZONvnMCvxTNPOw=,zNroNzDsTjK5OJY222Bqq5lES5s=
1,-22,kBf58wcZ5NhHfZONvnMCvxTNPOw=,zNroNzDsTjK5OJY222Bqq5lES5s=
10,-31,kBf58wcZ5NhHfZONvnMCvxTNPOw=,zNroNzDsTjK5OJY222Bqq5lES5s=
2,-22,kBf58wcZ5NhHfZONvnMCvxTNPOw=,zNroNzDsTjK5OJY222Bqq5lES5s=
3,-22,kBf58wcZ5NhHfZONvnMCvxTNPOw=,zNroNzDsTjK5OJY222Bqq5lES5s=
4,-22,kBf58wcZ5NhHfZONvnMCvxTNPOw=,zNroNzDsTjK5OJY222Bqq5lES5s=
5,-22,kBf58wcZ5NhHfZONvnMCvxTNPOw=,zNroNzDsTjK5OJY222Bqq5lES5s=
11,-31,kBf58wcZ5NhHfZONvnMCvxTNPOw=,zNroNzDsTjK5OJY222Bqq5lES5s=
5,-29,kBf58wcZ5NhHfZONvnMCvxTNPOw=,zNroNzDsTjK5OJY222Bqq5lES5s=
12,-32,kBf58wcZ5NhHfZONvnMCvxTNPOw=,zNroNzDsTjK5OJY222Bqq5lES5s=
6,-22,kBf58wcZ5NhHfZONvnMCvxTNPOw=,zNroNzDsTjK5OJY222Bqq5lES5s=
7,-22,kBf58wcZ5NhHfZONvnMCvxTNPOw=,zNroNzDsTjK5OJY222Bqq5lES5s=
8,-22,kBf58wcZ5NhHfZONvnMCvxTNPOw=,zNroNzDsTjK5OJY222Bqq5lES5s=
9,-22,kBf58wcZ5NhHfZONvnMCvxTNPOw=,zNroNzDsTjK5OJY222Bqq5lES5s=
10,-22,kBf58wcZ5NhHfZONvnMCvxTNPOw=,zNroNzDsTjK5OJY222Bqq5lES5s=
11,-22,kBf58wcZ5NhHfZONvnMCvxTNPOw=,zNroNzDsTjK5OJY222Bqq5lES5s=
12,-22,kBf58wcZ5NhHfZONvnMCvxTNPOw=,zNroNzDsTjK5OJY222Bqq5lES5s=
14,-22,kBf58wcZ5NhHfZONvnMCvxTNPOw=,zNroNzDsTjK5OJY222Bqq5lES5s=
13,-22,kBf58wcZ5NhHfZONvnMCvxTNPOw=,zNroNzDsTjK5OJY222Bqq5lES5s=
15,-22,kBf58wcZ5NhHfZONvnMCvxTNPOw=,zNroNzDsTjK5OJY222Bqq5lES5s=
0,-21,kBf58wcZ5NhHfZONvnMCvxTNPOw=,zNroNzDsTjK5OJY222Bqq5lES5s=
1,-21,kBf58wcZ5NhHfZONvnMCvxTNPOw=,zNroNzDsTjK5OJY222Bqq5lES5s=
2,-21,kBf58wcZ5NhHfZONvnMCvxTNPOw=,zNroNzDsTjK5OJY222Bqq5lES5s=
3,-21,kBf58wcZ5NhHfZONvnMCvxTNPOw=,zNroNzDsTjK5OJY222Bqq5lES5s=
4,-21,kBf58wcZ5NhHfZONvnMCvxTNPOw=,zNroNzDsTjK5OJY222Bqq5lES5s=
12,-31,kBf58wcZ5NhHfZONvnMCvxTNPOw=,zNroNzDsTjK5OJY222Bqq5lES5s=
6,-29,kBf58wcZ5NhHfZONvnMCvxTNPOw=,zNroNzDsTjK5OJY222Bqq5lES5s=
13,-32,kBf58wcZ5NhHfZONvnMCvxTNPOw=,zNroNzDsTjK5OJY222Bqq5lES5s=
5,-21,kBf58wcZ5NhHfZONvnMCvxTNPOw=,zNroNzDsTjK5OJY222Bqq5lES5s=
6,-21,kBf58wcZ5NhHfZONvnMCvxTNPOw=,zNroNzDsTjK5OJY222Bqq5lES5s=
7,-21,kBf58wcZ5NhHfZONvnMCvxTNPOw=,zNroNzDsTjK5OJY222Bqq5lES5s=
8,-21,kBf58wcZ5NhHfZONvnMCvxTNPOw=,zNroNzDsTjK5OJY222Bqq5lES5s=
9,-21,kBf58wcZ5NhHfZONvnMCvxTNPOw=,zNroNzDsTjK5OJY222Bqq5lES5s=
10,-21,kBf58wcZ5NhHfZONvnMCvxTNPOw=,zNroNzDsTjK5OJY222Bqq5lES5s=
11,-21,kBf58wcZ5NhHfZONvnMCvxTNPOw=,zNroNzDsTjK5OJY222Bqq5lES5s=
12,-21,kBf58wcZ5NhHfZONvnMCvxTNPOw=,zNroNzDsTjK5OJY222Bqq5lES5s=
13,-21,kBf58wcZ5NhHfZONvnMCvxTNPOw=,zNroNzDsTjK5OJY222Bqq5lES5s=
14,-21,kBf58wcZ5NhHfZONvnMCvxTNPOw=,zNroNzDsTjK5OJY222Bqq5lES5s=
15,-21,kBf58wcZ5NhHfZONvnMCvxTNPOw=,zNroNzDsTjK5OJY222Bqq5lES5s=
0,-20,kBf58wcZ5NhHfZONvnMCvxTNPOw=,zNroNzDsTjK5OJY222Bqq5lES5s=
1,-20,kBf58wcZ5NhHfZONvnMCvxTNPOw=,zNroNzDsTjK5OJY222Bqq5lES5s=
1,-17,kBf58wcZ5NhHfZONvnMCvxTNPOw=,zNroNzDsTjK5OJY222Bqq5lES5s=
15,-18,kBf58wcZ5NhHfZONvnMCvxTNPOw=,zNroNzDsTjK5OJY222Bqq5lES5s=
14,-18,kBf58wcZ5NhHfZONvnMCvxTNPOw=,zNroNzDsTjK5OJY222Bqq5lES5s=
13,-18,kBf58wcZ5NhHfZONvnMCvxTNPOw=,zNroNzDsTjK5OJY222Bqq5lES5s=
12,-18,kBf58wcZ5NhHfZONvnMCvxTNPOw=,zNroNzDsTjK5OJY222Bqq5lES5s=
11,-18,kBf58wcZ5NhHfZONvnMCvxTNPOw=,zNroNzDsTjK5OJY222Bqq5lES5s=
10,-18,kBf58wcZ5NhHfZONvnMCvxTNPOw=,zNroNzDsTjK5OJY222Bqq5lES5s=
9,-18,kBf58wcZ5NhHfZONvnMCvxTNPOw=,zNroNzDsTjK5OJY222Bqq5lES5s=
8,-18,kBf58wcZ5NhHfZONvnMCvxTNPOw=,zNroNzDsTjK5OJY222Bqq5lES5s=
7,-18,kBf58wcZ5NhHfZONvnMCvxTNPOw=,zNroNzDsTjK5OJY222Bqq5lES5s=
6,-18,kBf58wcZ5NhHfZONvnMCvxTNPOw=,zNroNzDsTjK5OJY222Bqq5lES5s=
0,-17,kBf58wcZ5NhHfZONvnMCvxTNPOw=,zNroNzDsTjK5OJY222Bqq5lES5s=
5,-18,kBf58wcZ5NhHfZONvnMCvxTNPOw=,zNroNzDsTjK5OJY222Bqq5lES5s=
2,-20,kBf58wcZ5NhHfZONvnMCvxTNPOw=,zNroNzDsTjK5OJY222Bqq5lES5s=
3,-20,kBf58wcZ5NhHfZONvnMCvxTNPOw=,zNroNzDsTjK5OJY222Bqq5lES5s=
4,-18,kBf58wcZ5NhHfZONvnMCvxTNPOw=,zNroNzDsTjK5OJY222Bqq5lES5s=
13,-31,kBf58wcZ5NhHfZONvnMCvxTNPOw=,zNroNzDsTjK5OJY222Bqq5lES5s=
7,-29,kBf58wcZ5NhHfZONvnMCvxTNPOw=,zNroNzDsTjK5OJY222Bqq5lES5s=
14,-32,kBf58wcZ5NhHfZONvnMCvxTNPOw=,zNroNzDsTjK5OJY222Bqq5lES5s=
4,-20,kBf58wcZ5NhHfZONvnMCvxTNPOw=,zNroNzDsTjK5OJY222Bqq5lES5s=
5,-20,kBf58wcZ5NhHfZONvnMCvxTNPOw=,zNroNzDsTjK5OJY222Bqq5lES5s=
6,-20,kBf58wcZ5NhHfZONvnMCvxTNPOw=,zNroNzDsTjK5OJY222Bqq5lES5s=
7,-20,kBf58wcZ5NhHfZONvnMCvxTNPOw=,zNroNzDsTjK5OJY222Bqq5lES5s=
8,-20,kBf58wcZ5NhHfZONvnMCvxTNPOw=,zNroNzDsTjK5OJY222Bqq5lES5s=
9,-20,kBf58wcZ5NhHfZONvnMCvxTNPOw=,zNroNzDsTjK5OJY222Bqq5lES5s=
10,-20,kBf58wcZ5NhHfZONvnMCvxTNPOw=,zNroNzDsTjK5OJY222Bqq5lES5s=
11,-20,kBf58wcZ5NhHfZONvnMCvxTNPOw=,zNroNzDsTjK5OJY222Bqq5lES5s=
12,-20,kBf58wcZ5NhHfZONvnMCvxTNPOw=,zNroNzDsTjK5OJY222Bqq5lES5s=
13,-20,kBf58wcZ5NhHfZONvnMCvxTNPOw=,zNroNzDsTjK5OJY222Bqq5lES5s=
14,-20,kBf58wcZ5NhHfZONvnMCvxTNPOw=,zNroNzDsTjK5OJY222Bqq5lES5s=
15,-20,kBf58wcZ5NhHfZONvnMCvxTNPOw=,zNroNzDsTjK5OJY222Bqq5lES5s=
3,-18,kBf58wcZ5NhHfZONvnMCvxTNPOw=,zNroNzDsTjK5OJY222Bqq5lES5s=
0,-19,kBf58wcZ5NhHfZONvnMCvxTNPOw=,zNroNzDsTjK5OJY222Bqq5lES5s=
1,-31,kBf58wcZ5NhHfZONvnMCvxTNPOw=,zNroNzDsTjK5OJY222Bqq5lES5s=
9,-29,kBf58wcZ5NhHfZONvnMCvxTNPOw=,zNroNzDsTjK5OJY222Bqq5lES5s=
2,-18,kBf58wcZ5NhHfZONvnMCvxTNPOw=,zNroNzDsTjK5OJY222Bqq5lES5s=
1,-18,kBf58wcZ5NhHfZONvnMCvxTNPOw=,zNroNzDsTjK5OJY222Bqq5lES5s=
0,-31,kBf58wcZ5NhHfZONvnMCvxTNPOw=,zNroNzDsTjK5OJY222Bqq5lES5s=
15,-19,kBf58wcZ5NhHfZONvnMCvxTNPOw=,zNroNzDsTjK5OJY222Bqq5lES5s=
14,-19,kBf58wcZ5NhHfZONvnMCvxTNPOw=,zNroNzDsTjK5OJY222Bqq5lES5s=
13,-19,kBf58wcZ5NhHfZONvnMCvxTNPOw=,zNroNzDsTjK5OJY222Bqq5lES5s=
12,-19,kBf58wcZ5NhHfZONvnMCvxTNPOw=,zNroNzDsTjK5OJY222Bqq5lES5s=
11,-19,kBf58wcZ5NhHfZONvnMCvxTNPOw=,zNroNzDsTjK5OJY222Bqq5lES5s=
10,-19,kBf58wcZ5NhHfZONvnMCvxTNPOw=,zNroNzDsTjK5OJY222Bqq5lES5s=
9,-19,kBf58wcZ5NhHfZONvnMCvxTNPOw=,zNroNzDsTjK5OJY222Bqq5lES5s=
8,-19,kBf58wcZ5NhHfZONvnMCvxTNPOw=,zNroNzDsTjK5OJY222Bqq5lES5s=
7,-19,kBf58wcZ5NhHfZONvnMCvxTNPOw=,zNroNzDsTjK5OJY222Bqq5lES5s=
1,-19,kBf58wcZ5NhHfZONvnMCvxTNPOw=,zNroNzDsTjK5OJY222Bqq5lES5s=
6,-19,kBf58wcZ5NhHfZONvnMCvxTNPOw=,zNroNzDsTjK5OJY222Bqq5lES5s=
5,-19,kBf58wcZ5NhHfZONvnMCvxTNPOw=,zNroNzDsTjK5OJY222Bqq5lES5s=
4,-19,kBf58wcZ5NhHfZONvnMCvxTNPOw=,zNroNzDsTjK5OJY222Bqq5lES5s=
0,-18,kBf58wcZ5NhHfZONvnMCvxTNPOw=,zNroNzDsTjK5OJY222Bqq5lES5s=
15,-32,kBf58wcZ5NhHfZONvnMCvxTNPOw=,zNroNzDsTjK5OJY222Bqq5lES5s=
8,-29,kBf58wcZ5NhHfZONvnMCvxTNPOw=,zNroNzDsTjK5OJY222Bqq5lES5s=
1,-32,kBf58wcZ5NhHfZONvnMCvxTNPOw=,zNroNzDsTjK5OJY222Bqq5lES5s=
2,-19,kBf58wcZ5NhHfZONvnMCvxTNPOw=,zNroNzDsTjK5OJY222Bqq5lES5s=
3,-19,kBf58wcZ5NhHfZONvnMCvxTNPOw=,zNroNzDsTjK5OJY222Bqq5lES5s=
15,-1,kBf58wcZ5NhHfZONvnMCvxTNPOw=,O+AYX3km0gdWSO8XtB8kXOEohcA=
14,-14,kBf58wcZ5NhHfZONvnMCvxTNPOw=,O+AYX3km0gdWSO8XtB8kXOEohcA=
14,-1,kBf58wcZ5NhHfZONvnMCvxTNPOw=,O+AYX3km0gdWSO8XtB8kXOEohcA=
13,-14,kBf58wcZ5NhHfZONvnMCvxTNPOw=,O+AYX3km0gdWSO8XtB8kXOEohcA=
15,-14,kBf58wcZ5NhHfZONvnMCvxTNPOw=,O+AYX3km0gdWSO8XtB8kXOEohcA=
0,-13,kBf58wcZ5NhHfZONvnMCvxTNPOw=,O+AYX3km0gdWSO8XtB8kXOEohcA=
13,-1,kBf58wcZ5NhHfZONvnMCvxTNPOw=,O+AYX3km0gdWSO8XtB8kXOEohcA=
12,-1,kBf58wcZ5NhHfZONvnMCvxTNPOw=,O+AYX3km0gdWSO8XtB8kXOEohcA=
1,-13,kBf58wcZ5NhHfZONvnMCvxTNPOw=,O+AYX3km0gdWSO8XtB8kXOEohcA=
10,-1,kBf58wcZ5NhHfZONvnMCvxTNPOw=,O+AYX3km0gdWSO8XtB8kXOEohcA=
2,-13,kBf58wcZ5NhHfZONvnMCvxTNPOw=,O+AYX3km0gdWSO8XtB8kXOEohcA=
11,-1,kBf58wcZ5NhHfZONvnMCvxTNPOw=,O+AYX3km0gdWSO8XtB8kXOEohcA=
3,-13,kBf58wcZ5NhHfZONvnMCvxTNPOw=,O+AYX3km0gdWSO8XtB8kXOEohcA=
9,-1,kBf58wcZ5NhHfZONvnMCvxTNPOw=,O+AYX3km0gdWSO8XtB8kXOEohcA=
8,-1,kBf58wcZ5NhHfZONvnMCvxTNPOw=,O+AYX3km0gdWSO8XtB8kXOEohcA=
4,-13,kBf58wcZ5NhHfZONvnMCvxTNPOw=,O+AYX3km0gdWSO8XtB8kXOEohcA=
7,-1,kBf58wcZ5NhHfZONvnMCvxTNPOw=,O+AYX3km0gdWSO8XtB8kXOEohcA=
6,-1,kBf58wcZ5NhHfZONvnMCvxTNPOw=,O+AYX3km0gdWSO8XtB8kXOEohcA=
0,-14,kBf58wcZ5NhHfZONvnMCvxTNPOw=,O+AYX3km0gdWSO8XtB8kXOEohcA=
5,-1,kBf58wcZ5NhHfZONvnMCvxTNPOw=,O+AYX3km0gdWSO8XtB8kXOEohcA=
4,-1,kBf58wcZ5NhHfZONvnMCvxTNPOw=,O+AYX3km0gdWSO8XtB8kXOEohcA=
4,-16,kBf58wcZ5NhHfZONvnMCvxTNPOw=,O+AYX3km0gdWSO8XtB8kXOEohcA=
3,-1,kBf58wcZ5NhHfZONvnMCvxTNPOw=,O+AYX3km0gdWSO8XtB8kXOEohcA=
2,-1,kBf58wcZ5NhHfZONvnMCvxTNPOw=,O+AYX3km0gdWSO8XtB8kXOEohcA=
1,-1,kBf58wcZ5NhHfZONvnMCvxTNPOw=,O+AYX3km0gdWSO8XtB8kXOEohcA=
5,-13,kBf58wcZ5NhHfZONvnMCvxTNPOw=,O+AYX3km0gdWSO8XtB8kXOEohcA=
6,-13,kBf58wcZ5NhHfZONvnMCvxTNPOw=,O+AYX3km0gdWSO8XtB8kXOEohcA=
1,-15,kBf58wcZ5NhHfZONvnMCvxTNPOw=,O+AYX3km0gdWSO8XtB8kXOEohcA=
3,-16,kBf58wcZ5NhHfZONvnMCvxTNPOw=,O+AYX3km0gdWSO8XtB8kXOEohcA=
14,-15,kBf58wcZ5NhHfZONvnMCvxTNPOw=,O+AYX3km0gdWSO8XtB8kXOEohcA=
13,-15,kBf58wcZ5NhHfZONvnMCvxTNPOw=,O+AYX3km0gdWSO8XtB8kXOEohcA=
0,-1,kBf58wcZ5NhHfZONvnMCvxTNPOw=,O+AYX3km0gdWSO8XtB8kXOEohcA=
12,-15,kBf58wcZ5NhHfZONvnMCvxTNPOw=,O+AYX3km0gdWSO8XtB8kXOEohcA=
15,-15,kBf58wcZ5NhHfZONvnMCvxTNPOw=,O+AYX3km0gdWSO8XtB8kXOEohcA=
7,-13,kBf58wcZ5NhHfZONvnMCvxTNPOw=,O+AYX3km0gdWSO8XtB8kXOEohcA=
11,-15,kBf58wcZ5NhHfZONvnMCvxTNPOw=,O+AYX3km0gdWSO8XtB8kXOEohcA=
10,-15,kBf58wcZ5NhHfZONvnMCvxTNPOw=,O+AYX3km0gdWSO8XtB8kXOEohcA=
8,-13,kBf58wcZ5NhHfZONvnMCvxTNPOw=,O+AYX3km0gdWSO8XtB8kXOEohcA=
9,-15,kBf58wcZ5NhHfZONvnMCvxTNPOw=,O+AYX3km0gdWSO8XtB8kXOEohcA=
8,-15,kBf58wcZ5NhHfZONvnMCvxTNPOw=,O+AYX3km0gdWSO8XtB8kXOEohcA=
7,-15,kBf58wcZ5NhHfZONvnMCvxTNPOw=,O+AYX3km0gdWSO8XtB8kXOEohcA=
9,-13,kBf58wcZ5NhHfZONvnMCvxTNPOw=,O+AYX3km0gdWSO8XtB8kXOEohcA=
6,-15,kBf58wcZ5NhHfZONvnMCvxTNPOw=,O+AYX3km0gdWSO8XtB8kXOEohcA=
5,-15,kBf58wcZ5NhHfZONvnMCvxTNPOw=,O+AYX3km0gdWSO8XtB8kXOEohcA=
10,-13,kBf58wcZ5NhHfZONvnMCvxTNPOw=,O+AYX3km0gdWSO8XtB8kXOEohcA=
15,-2,kBf58wcZ5NhHfZONvnMCvxTNPOw=,O+AYX3km0gdWSO8XtB8kXOEohcA=
4,-15,kBf58wcZ5NhHfZONvnMCvxTNPOw=,O+AYX3km0gdWSO8XtB8kXOEohcA=
11,-13,kBf58wcZ5NhHfZONvnMCvxTNPOw=,O+AYX3km0gdWSO8XtB8kXOEohcA=
14,-2,kBf58wcZ5NhHfZONvnMCvxTNPOw=,O+AYX3km0gdWSO8XtB8kXOEohcA=
3,-15,kBf58wcZ5NhHfZONvnMCvxTNPOw=,O+AYX3km0gdWSO8XtB8kXOEohcA=
12,-13,kBf58wcZ5NhHfZONvnMCvxTNPOw=,O+AYX3km0gdWSO8XtB8kXOEohcA=
2,-15,kBf58wcZ5NhHfZONvnMCvxTNPOw=,O+AYX3km0gdWSO8XtB8kXOEohcA=
2,-16,kBf58wcZ5NhHfZONvnMCvxTNPOw=,O+AYX3km0gdWSO8XtB8kXOEohcA=
13,-2,kBf58wcZ5NhHfZONvnMCvxTNPOw=,O+AYX3km0gdWSO8XtB8kXOEohcA=
12,-2,kBf58wcZ5NhHfZONvnMCvxTNPOw=,O+AYX3km0gdWSO8XtB8kXOEohcA=
13,-13,kBf58wcZ5NhHfZONvnMCvxTNPOw=,O+AYX3km0gdWSO8XtB8kXOEohcA=
12,-14,kBf58wcZ5NhHfZONvnMCvxTNPOw=,O+AYX3km0gdWSO8XtB8kXOEohcA=
11,-2,kBf58wcZ5NhHfZONvnMCvxTNPOw=,O+AYX3km0gdWSO8XtB8kXOEohcA=
9,-2,kBf58wcZ5NhHfZONvnMCvxTNPOw=,O+AYX3km0gdWSO8XtB8kXOEohcA=
8,-2,kBf58wcZ5NhHfZONvnMCvxTNPOw=,O+AYX3km0gdWSO8XtB8kXOEohcA=
10,-2,kBf58wcZ5NhHfZONvnMCvxTNPOw=,O+AYX3km0gdWSO8XtB8kXOEohcA=
14,-13,kBf58wcZ5NhHfZONvnMCvxTNPOw=,O+AYX3km0gdWSO8XtB8kXOEohcA=
7,-2,kBf58wcZ5NhHfZONvnMCvxTNPOw=,O+AYX3km0gdWSO8XtB8kXOEohcA=
15,-13,kBf58wcZ5NhHfZONvnMCvxTNPOw=,O+AYX3km0gdWSO8XtB8kXOEohcA=
6,-2,kBf58wcZ5NhHfZONvnMCvxTNPOw=,O+AYX3km0gdWSO8XtB8kXOEohcA=
4,-2,kBf58wcZ5NhHfZONvnMCvxTNPOw=,O+AYX3km0gdWSO8XtB8kXOEohcA=
5,-2,kBf58wcZ5NhHfZONvnMCvxTNPOw=,O+AYX3km0gdWSO8XtB8kXOEohcA=
1,-14,kBf58wcZ5NhHfZONvnMCvxTNPOw=,O+AYX3km0gdWSO8XtB8kXOEohcA=
0,-12,kBf58wcZ5NhHfZONvnMCvxTNPOw=,O+AYX3km0gdWSO8XtB8kXOEohcA=
1,-12,kBf58wcZ5NhHfZONvnMCvxTNPOw=,O+AYX3km0gdWSO8XtB8kXOEohcA=
3,-2,kBf58wcZ5NhHfZONvnMCvxTNPOw=,O+AYX3km0gdWSO8XtB8kXOEohcA=
2,-2,kBf58wcZ5NhHfZONvnMCvxTNPOw=,O+AYX3km0gdWSO8XtB8kXOEohcA=
2,-12,kBf58wcZ5NhHfZONvnMCvxTNPOw=,O+AYX3km0gdWSO8XtB8kXOEohcA=
1,-2,kBf58wcZ5NhHfZONvnMCvxTNPOw=,O+AYX3km0gdWSO8XtB8kXOEohcA=
0,-2,kBf58wcZ5NhHfZONvnMCvxTNPOw=,O+AYX3km0gdWSO8XtB8kXOEohcA=
15,-3,kBf58wcZ5NhHfZONvnMCvxTNPOw=,O+AYX3km0gdWSO8XtB8kXOEohcA=
3,-12,kBf58wcZ5NhHfZONvnMCvxTNPOw=,O+AYX3km0gdWSO8XtB8kXOEohcA=
0,-15,kBf58wcZ5NhHfZONvnMCvxTNPOw=,O+AYX3km0gdWSO8XtB8kXOEohcA=
15,-16,kBf58wcZ5NhHfZONvnMCvxTNPOw=,O+AYX3km0gdWSO8XtB8kXOEohcA=
14,-3,kBf58wcZ5NhHfZONvnMCvxTNPOw=,O+AYX3km0gdWSO8XtB8kXOEohcA=
13,-3,kBf58wcZ5NhHfZONvnMCvxTNPOw=,O+AYX3km0gdWSO8XtB8kXOEohcA=
12,-3,kBf58wcZ5NhHfZONvnMCvxTNPOw=,O+AYX3km0gdWSO8XtB8kXOEohcA=
11,-3,kBf58wcZ5NhHfZONvnMCvxTNPOw=,O+AYX3km0gdWSO8XtB8kXOEohcA=
10,-3,kBf58wcZ5NhHfZONvnMCvxTNPOw=,O+AYX3km0gdWSO8XtB8kXOEohcA=
4,-12,kBf58wcZ5NhHfZONvnMCvxTNPOw=,O+AYX3km0gdWSO8XtB8kXOEohcA=
9,-3,kBf58wcZ5NhHfZONvnMCvxTNPOw=,O+AYX3km0gdWSO8XtB8kXOEohcA=
8,-3,kBf58wcZ5NhHfZONvnMCvxTNPOw=,O+AYX3km0gdWSO8XtB8kXOEohcA=
11,-14,kBf58wcZ5NhHfZONvnMCvxTNPOw=,O+AYX3km0gdWSO8XtB8kXOEohcA=
5,-12,kBf58wcZ5NhHfZONvnMCvxTNPOw=,O+AYX3km0gdWSO8XtB8kXOEohcA=
6,-3,kBf58wcZ5NhHfZONvnMCvxTNPOw=,O+AYX3km0gdWSO8XtB8kXOEohcA=
7,-3,kBf58wcZ5NhHfZONvnMCvxTNPOw=,O+AYX3km0gdWSO8XtB8kXOEohcA=
2,-14,kBf58wcZ5NhHfZONvnMCvxTNPOw=,O+AYX3km0gdWSO8XtB8kXOEohcA=
5,-3,kBf58wcZ5NhHfZONvnMCvxTNPOw=,O+AYX3km0gdWSO8XtB8kXOEohcA=
4,-3,kBf58wcZ5NhHfZONvnMCvxTNPOw=,O+AYX3km0gdWSO8XtB8kXOEohcA=
5,-16,kBf58wcZ5NhHfZONvnMCvxTNPOw=,O+AYX3km0gdWSO8XtB8kXOEohcA=
3,-3,kBf58wcZ5NhHfZONvnMCvxTNPOw=,O+AYX3km0gdWSO8XtB8kXOEohcA=
2,-3,kBf58wcZ5NhHfZONvnMCvxTNPOw=,O+AYX3km0gdWSO8XtB8kXOEohcA=
6,-12,kBf58wcZ5NhHfZONvnMCvxTNPOw=,O+AYX3km0gdWSO8XtB8kXOEohcA=
1,-16,kBf58wcZ5NhHfZONvnMCvxTNPOw=,O+AYX3km0gdWSO8XtB8kXOEohcA=
1,-3,kBf58wcZ5NhHfZONvnMCvxTNPOw=,O+AYX3km0gdWSO8XtB8kXOEohcA=
15,-4,kBf58wcZ5NhHfZONvnMCvxTNPOw=,O+AYX3km0gdWSO8XtB8kXOEohcA=
14,-4,kBf58wcZ5NhHfZONvnMCvxTNPOw=,O+AYX3km0gdWSO8XtB8kXOEohcA=
14,-16,kBf58wcZ5NhHfZONvnMCvxTNPOw=,O+AYX3km0gdWSO8XtB8kXOEohcA=
7,-12,kBf58wcZ5NhHfZONvnMCvxTNPOw=,O+AYX3km0gdWSO8XtB8kXOEohcA=
0,-3,kBf58wcZ5NhHfZONvnMCvxTNPOw=,O+AYX3km0gdWSO8XtB8kXOEohcA=
13,-4,kBf58wcZ5NhHfZONvnMCvxTNPOw=,O+AYX3km0gdWSO8XtB8kXOEohcA=
12,-4,kBf58wcZ5NhHfZONvnMCvxTNPOw=,O+AYX3km0gdWSO8XtB8kXOEohcA=
11,-4,kBf58wcZ5NhHfZONvnMCvxTNPOw=,O+AYX3km0gdWSO8XtB8kXOEohcA=
10,-4,kBf58wcZ5NhHfZONvnMCvxTNPOw=,O+AYX3km0gdWSO8XtB8kXOEohcA=
9,-4,kBf58wcZ5NhHfZONvnMCvxTNPOw=,O+AYX3km0gdWSO8XtB8kXOEohcA=
10,-14,kBf58wcZ5NhHfZONvnMCvxTNPOw=,O+AYX3km0gdWSO8XtB8kXOEohcA=
8,-4,kBf58wcZ5NhHfZONvnMCvxTNPOw=,O+AYX3km0gdWSO8XtB8kXOEohcA=
8,-12,kBf58wcZ5NhHfZONvnMCvxTNPOw=,O+AYX3km0gdWSO8XtB8kXOEohcA=
7,-4,kBf58wcZ5NhHfZONvnMCvxTNPOw=,O+AYX3km0gdWSO8XtB8kXOEohcA=
6,-4,kBf58wcZ5NhHfZONvnMCvxTNPOw=,O+AYX3km0gdWSO8XtB8kXOEohcA=
9,-12,kBf58wcZ5NhHfZONvnMCvxTNPOw=,O+AYX3km0gdWSO8XtB8kXOEohcA=
5,-4,kBf58wcZ5NhHfZONvnMCvxTNPOw=,O+AYX3km0gdWSO8XtB8kXOEohcA=
4,-4,kBf58wcZ5NhHfZONvnMCvxTNPOw=,O+AYX3km0gdWSO8XtB8kXOEohcA=
10,-12,kBf58wcZ5NhHfZONvnMCvxTNPOw=,O+AYX3km0gdWSO8XtB8kXOEohcA=
3,-4,kBf58wcZ5NhHfZONvnMCvxTNPOw=,O+AYX3km0gdWSO8XtB8kXOEohcA=
2,-4,kBf58wcZ5NhHfZONvnMCvxTNPOw=,O+AYX3km0gdWSO8XtB8kXOEohcA=
11,-12,kBf58wcZ5NhHfZONvnMCvxTNPOw=,O+AYX3km0gdWSO8XtB8kXOEohcA=
1,-4,kBf58wcZ5NhHfZONvnMCvxTNPOw=,O+AYX3km0gdWSO8XtB8kXOEohcA=
15,-5,kBf58wcZ5NhHfZONvnMCvxTNPOw=,O+AYX3km0gdWSO8XtB8kXOEohcA=
14,-5,kBf58wcZ5NhHfZONvnMCvxTNPOw=,O+AYX3km0gdWSO8XtB8kXOEohcA=
13,-5,kBf58wcZ5NhHfZONvnMCvxTNPOw=,O+AYX3km0gdWSO8XtB8kXOEohcA=
13,-16,kBf58wcZ5NhHfZONvnMCvxTNPOw=,O+AYX3km0gdWSO8XtB8kXOEohcA=
0,-4,kBf58wcZ5NhHfZONvnMCvxTNPOw=,O+AYX3km0gdWSO8XtB8kXOEohcA=
12,-5,kBf58wcZ5NhHfZONvnMCvxTNPOw=,O+AYX3km0gdWSO8XtB8kXOEohcA=
11,-5,kBf58wcZ5NhHfZONvnMCvxTNPOw=,O+AYX3km0gdWSO8XtB8kXOEohcA=
10,-5,kBf58wcZ5NhHfZONvnMCvxTNPOw=,O+AYX3km0gdWSO8XtB8kXOEohcA=
9,-5,kBf58wcZ5NhHfZONvnMCvxTNPOw=,O+AYX3km0gdWSO8XtB8kXOEohcA=
12,-12,kBf58wcZ5NhHfZONvnMCvxTNPOw=,O+AYX3km0gdWSO8XtB8kXOEohcA=
9,-14,kBf58wcZ5NhHfZONvnMCvxTNPOw=,O+AYX3km0gdWSO8XtB8kXOEohcA=
8,-5,kBf58wcZ5NhHfZONvnMCvxTNPOw=,O+AYX3km0gdWSO8XtB8kXOEohcA=
7,-5,kBf58wcZ5NhHfZONvnMCvxTNPOw=,O+AYX3km0gdWSO8XtB8kXOEohcA=
5,-5,kBf58wcZ5NhHfZONvnMCvxTNPOw=,O+AYX3km0gdWSO8XtB8kXOEohcA=
6,-5,kBf58wcZ5NhHfZONvnMCvxTNPOw=,O+AYX3km0gdWSO8XtB8kXOEohcA=
4,-5,kBf58wcZ5NhHfZONvnMCvxTNPOw=,O+AYX3km0gdWSO8XtB8kXOEohcA=
3,-5,kBf58wcZ5NhHfZONvnMCvxTNPOw=,O+AYX3km0gdWSO8XtB8kXOEohcA=
2,-5,kBf58wcZ5NhHfZONvnMCvxTNPOw=,O+AYX3km0gdWSO8XtB8kXOEohcA=
1,-5,kBf58wcZ5NhHfZONvnMCvxTNPOw=,O+AYX3km0gdWSO8XtB8kXOEohcA=
15,-6,kBf58wcZ5NhHfZONvnMCvxTNPOw=,O+AYX3km0gdWSO8XtB8kXOEohcA=
14,-6,kBf58wcZ5NhHfZONvnMCvxTNPOw=,O+AYX3km0gdWSO8XtB8kXOEohcA=
13,-6,kBf58wcZ5NhHfZONvnMCvxTNPOw=,O+AYX3km0gdWSO8XtB8kXOEohcA=
12,-6,kBf58wcZ5NhHfZONvnMCvxTNPOw=,O+AYX3km0gdWSO8XtB8kXOEohcA=
12,-16,kBf58wcZ5NhHfZONvnMCvxTNPOw=,O+AYX3km0gdWSO8XtB8kXOEohcA=
0,-5,kBf58wcZ5NhHfZONvnMCvxTNPOw=,O+AYX3km0gdWSO8XtB8kXOEohcA=
11,-6,kBf58wcZ5NhHfZONvnMCvxTNPOw=,O+AYX3km0gdWSO8XtB8kXOEohcA=
10,-6,kBf58wcZ5NhHfZONvnMCvxTNPOw=,O+AYX3km0gdWSO8XtB8kXOEohcA=
9,-6,kBf58wcZ5NhHfZONvnMCvxTNPOw=,O+AYX3km0gdWSO8XtB8kXOEohcA=
8,-6,kBf58wcZ5NhHfZONvnMCvxTNPOw=,O+AYX3km0gdWSO8XtB8kXOEohcA=
8,-14,kBf58wcZ5NhHfZONvnMCvxTNPOw=,O+AYX3km0gdWSO8XtB8kXOEohcA=
7,-6,kBf58wcZ5NhHfZONvnMCvxTNPOw=,O+AYX3km0gdWSO8XtB8kXOEohcA=
13,-12,kBf58wcZ5NhHfZONvnMCvxTNPOw=,O+AYX3km0gdWSO8XtB8kXOEohcA=
6,-6,kBf58wcZ5NhHfZONvnMCvxTNPOw=,O+AYX3km0gdWSO8XtB8kXOEohcA=
5,-6,kBf58wcZ5NhHfZONvnMCvxTNPOw=,O+AYX3km0gdWSO8XtB8kXOEohcA=
14,-12,kBf58wcZ5NhHfZONvnMCvxTNPOw=,O+AYX3km0gdWSO8XtB8kXOEohcA=
4,-6,kBf58wcZ5NhHfZONvnMCvxTNPOw=,O+AYX3km0gdWSO8XtB8kXOEohcA=
3,-6,kBf58wcZ5NhHfZONvnMCvxTNPOw=,O+AYX3km0gdWSO8XtB8kXOEohcA=
15,-12,kBf58wcZ5NhHfZONvnMCvxTNPOw=,O+AYX3km0gdWSO8XtB8kXOEohcA=
2,-6,kBf58wcZ5NhHfZONvnMCvxTNPOw=,O+AYX3km0gdWSO8XtB8kXOEohcA=
1,-6,kBf58wcZ5NhHfZONvnMCvxTNPOw=,O+AYX3km0gdWSO8XtB8kXOEohcA=
15,-7,kBf58wcZ5NhHfZONvnMCvxTNPOw=,O+AYX3km0gdWSO8XtB8kXOEohcA=
14,-7,kBf58wcZ5NhHfZONvnMCvxTNPOw=,O+AYX3km0gdWSO8XtB8kXOEohcA=
13,-7,kBf58wcZ5NhHfZONvnMCvxTNPOw=,O+AYX3km0gdWSO8XtB8kXOEohcA=
12,-7,kBf58wcZ5NhHfZONvnMCvxTNPOw=,O+AYX3km0gdWSO8XtB8kXOEohcA=
11,-7,kBf58wcZ5NhHfZONvnMCvxTNPOw=,O+AYX3km0gdWSO8XtB8kXOEohcA=
10,-7,kBf58wcZ5NhHfZONvnMCvxTNPOw=,O+AYX3km0gdWSO8XtB8kXOEohcA=
11,-16,kBf58wcZ5NhHfZONvnMCvxTNPOw=,O+AYX3km0gdWSO8XtB8kXOEohcA=
6,-16,kBf58wcZ5NhHfZONvnMCvxTNPOw=,O+AYX3km0gdWSO8XtB8kXOEohcA=
0,-11,kBf58wcZ5NhHfZONvnMCvxTNPOw=,O+AYX3km0gdWSO8XtB8kXOEohcA=
0,-6,kBf58wcZ5NhHfZONvnMCvxTNPOw=,O+AYX3km0gdWSO8XtB8kXOEohcA=
9,-7,kBf58wcZ5NhHfZONvnMCvxTNPOw=,O+AYX3km0gdWSO8XtB8kXOEohcA=
8,-7,kBf58wcZ5NhHfZONvnMCvxTNPOw=,O+AYX3km0gdWSO8XtB8kXOEohcA=
7,-7,kBf58wcZ5NhHfZONvnMCvxTNPOw=,O+AYX3km0gdWSO8XtB8kXOEohcA=
6,-7,kBf58wcZ5NhHfZONvnMCvxTNPOw=,O+AYX3km0gdWSO8XtB8kXOEohcA=
7,-14,kBf58wcZ5NhHfZONvnMCvxTNPOw=,O+AYX3km0gdWSO8XtB8kXOEohcA=
1,-11,kBf58wcZ5NhHfZONvnMCvxTNPOw=,O+AYX3km0gdWSO8XtB8kXOEohcA=
5,-7,kBf58wcZ5NhHfZONvnMCvxTNPOw=,O+AYX3km0gdWSO8XtB8kXOEohcA=
4,-7,kBf58wcZ5NhHfZONvnMCvxTNPOw=,O+AYX3km0gdWSO8XtB8kXOEohcA=
3,-7,kBf58wcZ5NhHfZONvnMCvxTNPOw=,O+AYX3km0gdWSO8XtB8kXOEohcA=
2,-11,kBf58wcZ5NhHfZONvnMCvxTNPOw=,O+AYX3km0gdWSO8XtB8kXOEohcA=
2,-7,kBf58wcZ5NhHfZONvnMCvxTNPOw=,O+AYX3km0gdWSO8XtB8kXOEohcA=
3,-11,kBf58wcZ5NhHfZONvnMCvxTNPOw=,O+AYX3km0gdWSO8XtB8kXOEohcA=
1,-7,kBf58wcZ5NhHfZONvnMCvxTNPOw=,O+AYX3km0gdWSO8XtB8kXOEohcA=
0,-7,kBf58wcZ5NhHfZONvnMCvxTNPOw=,O+AYX3km0gdWSO8XtB8kXOEohcA=
14,-8,kBf58wcZ5NhHfZONvnMCvxTNPOw=,O+AYX3km0gdWSO8XtB8kXOEohcA=
13,-8,kBf58wcZ5NhHfZONvnMCvxTNPOw=,O+AYX3km0gdWSO8XtB8kXOEohcA=
12,-8,kBf58wcZ5NhHfZONvnMCvxTNPOw=,O+AYX3km0gdWSO8XtB8kXOEohcA=
11,-8,kBf58wcZ5NhHfZONvnMCvxTNPOw=,O+AYX3km0gdWSO8XtB8kXOEohcA=
10,-8,kBf58wcZ5NhHfZONvnMCvxTNPOw=,O+AYX3km0gdWSO8XtB8kXOEohcA=
9,-8,kBf58wcZ5NhHfZONvnMCvxTNPOw=,O+AYX3km0gdWSO8XtB8kXOEohcA=
8,-8,kBf58wcZ5NhHfZONvnMCvxTNPOw=,O+AYX3km0gdWSO8XtB8kXOEohcA=
10,-16,kBf58wcZ5NhHfZONvnMCvxTNPOw=,O+AYX3km0gdWSO8XtB8kXOEohcA=
15,-8,kBf58wcZ5NhHfZONvnMCvxTNPOw=,O+AYX3km0gdWSO8XtB8kXOEohcA=
4,-11,kBf58wcZ5NhHfZONvnMCvxTNPOw=,O+AYX3km0gdWSO8XtB8kXOEohcA=
7,-8,kBf58wcZ5NhHfZONvnMCvxTNPOw=,O+AYX3km0gdWSO8XtB8kXOEohcA=
6,-14,kBf58wcZ5NhHfZONvnMCvxTNPOw=,O+AYX3km0gdWSO8XtB8kXOEohcA=
6,-8,kBf58wcZ5NhHfZONvnMCvxTNPOw=,O+AYX3km0gdWSO8XtB8kXOEohcA=
5,-11,kBf58wcZ5NhHfZONvnMCvxTNPOw=,O+AYX3km0gdWSO8XtB8kXOEohcA=
5,-8,kBf58wcZ5NhHfZONvnMCvxTNPOw=,O+AYX3km0gdWSO8XtB8kXOEohcA=
4,-8,kBf58wcZ5NhHfZONvnMCvxTNPOw=,O+AYX3km0gdWSO8XtB8kXOEohcA=
3,-14,kBf58wcZ5NhHfZONvnMCvxTNPOw=,O+AYX3km0gdWSO8XtB8kXOEohcA=
7,-16,kBf58wcZ5NhHfZONvnMCvxTNPOw=,O+AYX3km0gdWSO8XtB8kXOEohcA=
2,-8,kBf58wcZ5NhHfZONvnMCvxTNPOw=,O+AYX3km0gdWSO8XtB8kXOEohcA=
3,-8,kBf58wcZ5NhHfZONvnMCvxTNPOw=,O+AYX3km0gdWSO8XtB8kXOEohcA=
6,-11,kBf58wcZ5NhHfZONvnMCvxTNPOw=,O+AYX3km0gdWSO8XtB8kXOEohcA=
7,-11,kBf58wcZ5NhHfZONvnMCvxTNPOw=,O+AYX3km0gdWSO8XtB8kXOEohcA=
1,-8,kBf58wcZ5NhHfZONvnMCvxTNPOw=,O+AYX3km0gdWSO8XtB8kXOEohcA=
15,-9,kBf58wcZ5NhHfZONvnMCvxTNPOw=,O+AYX3km0gdWSO8XtB8kXOEohcA=
0,-8,kBf58wcZ5NhHfZONvnMCvxTNPOw=,O+AYX3km0gdWSO8XtB8kXOEohcA=
14,-9,kBf58wcZ5NhHfZONvnMCvxTNPOw=,O+AYX3km0gdWSO8XtB8kXOEohcA=
13,-9,kBf58wcZ5NhHfZONvnMCvxTNPOw=,O+AYX3km0gdWSO8XtB8kXOEohcA=
12,-9,kBf58wcZ5NhHfZONvnMCvxTNPOw=,O+AYX3km0gdWSO8XtB8kXOEohcA=
11,-9,kBf58wcZ5NhHfZONvnMCvxTNPOw=,O+AYX3km0gdWSO8XtB8kXOEohcA=
10,-9,kBf58wcZ5NhHfZONvnMCvxTNPOw=,O+AYX3km0gdWSO8XtB8kXOEohcA=
9,-9,kBf58wcZ5NhHfZONvnMCvxTNPOw=,O+AYX3km0gdWSO8XtB8kXOEohcA=
8,-9,kBf58wcZ5NhHfZONvnMCvxTNPOw=,O+AYX3km0gdWSO8XtB8kXOEohcA=
7,-9,kBf58wcZ5NhHfZONvnMCvxTNPOw=,O+AYX3km0gdWSO8XtB8kXOEohcA=
9,-16,kBf58wcZ5NhHfZONvnMCvxTNPOw=,O+AYX3km0gdWSO8XtB8kXOEohcA=
8,-11,kBf58wcZ5NhHfZONvnMCvxTNPOw=,O+AYX3km0gdWSO8XtB8kXOEohcA=
5,-14,kBf58wcZ5NhHfZONvnMCvxTNPOw=,O+AYX3km0gdWSO8XtB8kXOEohcA=
6,-9,kBf58wcZ5NhHfZONvnMCvxTNPOw=,O+AYX3km0gdWSO8XtB8kXOEohcA=
9,-11,kBf58wcZ5NhHfZONvnMCvxTNPOw=,O+AYX3km0gdWSO8XtB8kXOEohcA=
10,-11,kBf58wcZ5NhHfZONvnMCvxTNPOw=,O+AYX3km0gdWSO8XtB8kXOEohcA=
5,-9,kBf58wcZ5NhHfZONvnMCvxTNPOw=,O+AYX3km0gdWSO8XtB8kXOEohcA=
4,-9,kBf58wcZ5NhHfZONvnMCvxTNPOw=,O+AYX3km0gdWSO8XtB8kXOEohcA=
2,-9,kBf58wcZ5NhHfZONvnMCvxTNPOw=,O+AYX3km0gdWSO8XtB8kXOEohcA=
3,-9,kBf58wcZ5NhHfZONvnMCvxTNPOw=,O+AYX3km0gdWSO8XtB8kXOEohcA=
11,-11,kBf58wcZ5NhHfZONvnMCvxTNPOw=,O+AYX3km0gdWSO8XtB8kXOEohcA=
1,-9,kBf58wcZ5NhHfZONvnMCvxTNPOw=,O+AYX3km0gdWSO8XtB8kXOEohcA=
12,-11,kBf58wcZ5NhHfZONvnMCvxTNPOw=,O+AYX3km0gdWSO8XtB8kXOEohcA=
0,-9,kBf58wcZ5NhHfZONvnMCvxTNPOw=,O+AYX3km0gdWSO8XtB8kXOEohcA=
14,-10,kBf58wcZ5NhHfZONvnMCvxTNPOw=,O+AYX3km0gdWSO8XtB8kXOEohcA=
13,-10,kBf58wcZ5NhHfZONvnMCvxTNPOw=,O+AYX3km0gdWSO8XtB8kXOEohcA=
13,-11,kBf58wcZ5NhHfZONvnMCvxTNPOw=,O+AYX3km0gdWSO8XtB8kXOEohcA=
15,-10,kBf58wcZ5NhHfZONvnMCvxTNPOw=,O+AYX3km0gdWSO8XtB8kXOEohcA=
12,-10,kBf58wcZ5NhHfZONvnMCvxTNPOw=,O+AYX3km0gdWSO8XtB8kXOEohcA=
11,-10,kBf58wcZ5NhHfZONvnMCvxTNPOw=,O+AYX3km0gdWSO8XtB8kXOEohcA=
10,-10,kBf58wcZ5NhHfZONvnMCvxTNPOw=,O+AYX3km0gdWSO8XtB8kXOEohcA=
9,-10,kBf58wcZ5NhHfZONvnMCvxTNPOw=,O+AYX3km0gdWSO8XtB8kXOEohcA=
14,-11,kBf58wcZ5NhHfZONvnMCvxTNPOw=,O+AYX3km0gdWSO8XtB8kXOEohcA=
8,-10,kBf58wcZ5NhHfZONvnMCvxTNPOw=,O+AYX3km0gdWSO8XtB8kXOEohcA=
0,-16,kBf58wcZ5NhHfZONvnMCvxTNPOw=,O+AYX3km0gdWSO8XtB8kXOEohcA=
8,-16,kBf58wcZ5NhHfZONvnMCvxTNPOw=,O+AYX3km0gdWSO8XtB8kXOEohcA=
15,-11,kBf58wcZ5NhHfZONvnMCvxTNPOw=,O+AYX3km0gdWSO8XtB8kXOEohcA=
7,-10,kBf58wcZ5NhHfZONvnMCvxTNPOw=,O+AYX3km0gdWSO8XtB8kXOEohcA=
0,-10,kBf58wcZ5NhHfZONvnMCvxTNPOw=,O+AYX3km0gdWSO8XtB8kXOEohcA=
4,-14,kBf58wcZ5NhHfZONvnMCvxTNPOw=,O+AYX3km0gdWSO8XtB8kXOEohcA=
6,-10,kBf58wcZ5NhHfZONvnMCvxTNPOw=,O+AYX3km0gdWSO8XtB8kXOEohcA=
1,-10,kBf58wcZ5NhHfZONvnMCvxTNPOw=,O+AYX3km0gdWSO8XtB8kXOEohcA=
5,-10,kBf58wcZ5NhHfZONvnMCvxTNPOw=,O+AYX3km0gdWSO8XtB8kXOEohcA=
4,-10,kBf58wcZ5NhHfZONvnMCvxTNPOw=,O+AYX3km0gdWSO8XtB8kXOEohcA=
2,-10,kBf58wcZ5NhHfZONvnMCvxTNPOw=,O+AYX3km0gdWSO8XtB8kXOEohcA=
3,-10,kBf58wcZ5NhHfZONvnMCvxTNPOw=,O+AYX3km0gdWSO8XtB8kXOEohcA=
19,-16,kBf58wcZ5NhHfZONvnMCvxTNPOw=,RnNmgagw33pkvKXwFyO5n/DFIXg=
31,-1,kBf58wcZ5NhHfZONvnMCvxTNPOw=,RnNmgagw33pkvKXwFyO5n/DFIXg=
29,-14,kBf58wcZ5NhHfZONvnMCvxTNPOw=,RnNmgagw33pkvKXwFyO5n/DFIXg=
27,-14,kBf58wcZ5NhHfZONvnMCvxTNPOw=,RnNmgagw33pkvKXwFyO5n/DFIXg=
28,-14,kBf58wcZ5NhHfZONvnMCvxTNPOw=,RnNmgagw33pkvKXwFyO5n/DFIXg=
25,-14,kBf58wcZ5NhHfZONvnMCvxTNPOw=,RnNmgagw33pkvKXwFyO5n/DFIXg=
26,-14,kBf58wcZ5NhHfZONvnMCvxTNPOw=,RnNmgagw33pkvKXwFyO5n/DFIXg=
24,-14,kBf58wcZ5NhHfZONvnMCvxTNPOw=,RnNmgagw33pkvKXwFyO5n/DFIXg=
23,-14,kBf58wcZ5NhHfZONvnMCvxTNPOw=,RnNmgagw33pkvKXwFyO5n/DFIXg=
22,-14,kBf58wcZ5NhHfZONvnMCvxTNPOw=,RnNmgagw33pkvKXwFyO5n/DFIXg=
21,-14,kBf58wcZ5NhHfZONvnMCvxTNPOw=,RnNmgagw33pkvKXwFyO5n/DFIXg=
20,-14,kBf58wcZ5NhHfZONvnMCvxTNPOw=,RnNmgagw33pkvKXwFyO5n/DFIXg=
19,-14,kBf58wcZ5NhHfZONvnMCvxTNPOw=,RnNmgagw33pkvKXwFyO5n/DFIXg=
18,-14,kBf58wcZ5NhHfZONvnMCvxTNPOw=,RnNmgagw33pkvKXwFyO5n/DFIXg=
17,-14,kBf58wcZ5NhHfZONvnMCvxTNPOw=,RnNmgagw33pkvKXwFyO5n/DFIXg=
31,-15,kBf58wcZ5NhHfZONvnMCvxTNPOw=,RnNmgagw33pkvKXwFyO5n/DFIXg=
18,-16,kBf58wcZ5NhHfZONvnMCvxTNPOw=,RnNmgagw33pkvKXwFyO5n/DFIXg=
27,-13,kBf58wcZ5NhHfZONvnMCvxTNPOw=,RnNmgagw33pkvKXwFyO5n/DFIXg=
29,-1,kBf58wcZ5NhHfZONvnMCvxTNPOw=,RnNmgagw33pkvKXwFyO5n/DFIXg=
30,-1,kBf58wcZ5NhHfZONvnMCvxTNPOw=,RnNmgagw33pkvKXwFyO5n/DFIXg=
28,-1,kBf58wcZ5NhHfZONvnMCvxTNPOw=,RnNmgagw33pkvKXwFyO5n/DFIXg=
27,-1,kBf58wcZ5NhHfZONvnMCvxTNPOw=,RnNmgagw33pkvKXwFyO5n/DFIXg=
26,-1,kBf58wcZ5NhHfZONvnMCvxTNPOw=,RnNmgagw33pkvKXwFyO5n/DFIXg=
25,-1,kBf58wcZ5NhHfZONvnMCvxTNPOw=,RnNmgagw33pkvKXwFyO5n/DFIXg=
16,-14,kBf58wcZ5NhHfZONvnMCvxTNPOw=,RnNmgagw33pkvKXwFyO5n/DFIXg=
24,-1,kBf58wcZ5NhHfZONvnMCvxTNPOw=,RnNmgagw33pkvKXwFyO5n/DFIXg=
28,-13,kBf58wcZ5NhHfZONvnMCvxTNPOw=,RnNmgagw33pkvKXwFyO5n/DFIXg=
30,-14,kBf58wcZ5NhHfZONvnMCvxTNPOw=,RnNmgagw33pkvKXwFyO5n/DFIXg=
20,-16,kBf58wcZ5NhHfZONvnMCvxTNPOw=,RnNmgagw33pkvKXwFyO5n/DFIXg=
29,-13,kBf58wcZ5NhHfZONvnMCvxTNPOw=,RnNmgagw33pkvKXwFyO5n/DFIXg=
30,-13,kBf58wcZ5NhHfZONvnMCvxTNPOw=,RnNmgagw33pkvKXwFyO5n/DFIXg=
31,-13,kBf58wcZ5NhHfZONvnMCvxTNPOw=,RnNmgagw33pkvKXwFyO5n/DFIXg=
23,-1,kBf58wcZ5NhHfZONvnMCvxTNPOw=,RnNmgagw33pkvKXwFyO5n/DFIXg=
22,-1,kBf58wcZ5NhHfZONvnMCvxTNPOw=,RnNmgagw33pkvKXwFyO5n/DFIXg=
21,-1,kBf58wcZ5NhHfZONvnMCvxTNPOw=,RnNmgagw33pkvKXwFyO5n/DFIXg=
16,-12,kBf58wcZ5NhHfZONvnMCvxTNPOw=,RnNmgagw33pkvKXwFyO5n/DFIXg=
21,-16,kBf58wcZ5NhHfZONvnMCvxTNPOw=,RnNmgagw33pkvKXwFyO5n/DFIXg=
18,-15,kBf58wcZ5NhHfZONvnMCvxTNPOw=,RnNmgagw33pkvKXwFyO5n/DFIXg=
17,-12,kBf58wcZ5NhHfZONvnMCvxTNPOw=,RnNmgagw33pkvKXwFyO5n/DFIXg=
20,-1,kBf58wcZ5NhHfZONvnMCvxTNPOw=,RnNmgagw33pkvKXwFyO5n/DFIXg=
26,-13,kBf58wcZ5NhHfZONvnMCvxTNPOw=,RnNmgagw33pkvKXwFyO5n/DFIXg=
19,-1,kBf58wcZ5NhHfZONvnMCvxTNPOw=,RnNmgagw33pkvKXwFyO5n/DFIXg=
18,-12,kBf58wcZ5NhHfZONvnMCvxTNPOw=,RnNmgagw33pkvKXwFyO5n/DFIXg=
19,-12,kBf58wcZ5NhHfZONvnMCvxTNPOw=,RnNmgagw33pkvKXwFyO5n/DFIXg=
20,-12,kBf58wcZ5NhHfZONvnMCvxTNPOw=,RnNmgagw33pkvKXwFyO5n/DFIXg=
21,-12,kBf58wcZ5NhHfZONvnMCvxTNPOw=,RnNmgagw33pkvKXwFyO5n/DFIXg=
22,-12,kBf58wcZ5NhHfZONvnMCvxTNPOw=,RnNmgagw33pkvKXwFyO5n/DFIXg=
23,-12,kBf58wcZ5NhHfZONvnMCvxTNPOw=,RnNmgagw33pkvKXwFyO5n/DFIXg=
24,-12,kBf58wcZ5NhHfZONvnMCvxTNPOw=,RnNmgagw33pkvKXwFyO5n/DFIXg=
25,-12,kBf58wcZ5NhHfZONvnMCvxTNPOw=,RnNmgagw33pkvKXwFyO5n/DFIXg=
26,-12,kBf58wcZ5NhHfZONvnMCvxTNPOw=,RnNmgagw33pkvKXwFyO5n/DFIXg=
31,-14,kBf58wcZ5NhHfZONvnMCvxTNPOw=,RnNmgagw33pkvKXwFyO5n/DFIXg=
27,-12,kBf58wcZ5NhHfZONvnMCvxTNPOw=,RnNmgagw33pkvKXwFyO5n/DFIXg=
22,-16,kBf58wcZ5NhHfZONvnMCvxTNPOw=,RnNmgagw33pkvKXwFyO5n/DFIXg=
18,-1,kBf58wcZ5NhHfZONvnMCvxTNPOw=,RnNmgagw33pkvKXwFyO5n/DFIXg=
17,-1,kBf58wcZ5NhHfZONvnMCvxTNPOw=,RnNmgagw33pkvKXwFyO5n/DFIXg=
30,-15,kBf58wcZ5NhHfZONvnMCvxTNPOw=,RnNmgagw33pkvKXwFyO5n/DFIXg=
31,-2,kBf58wcZ5NhHfZONvnMCvxTNPOw=,RnNmgagw33pkvKXwFyO5n/DFIXg=
30,-2,kBf58wcZ5NhHfZONvnMCvxTNPOw=,RnNmgagw33pkvKXwFyO5n/DFIXg=
29,-2,kBf58wcZ5NhHfZONvnMCvxTNPOw=,RnNmgagw33pkvKXwFyO5n/DFIXg=
28,-2,kBf58wcZ5NhHfZONvnMCvxTNPOw=,RnNmgagw33pkvKXwFyO5n/DFIXg=
27,-2,kBf58wcZ5NhHfZONvnMCvxTNPOw=,RnNmgagw33pkvKXwFyO5n/DFIXg=
26,-2,kBf58wcZ5NhHfZONvnMCvxTNPOw=,RnNmgagw33pkvKXwFyO5n/DFIXg=
25,-2,kBf58wcZ5NhHfZONvnMCvxTNPOw=,RnNmgagw33pkvKXwFyO5n/DFIXg=
24,-2,kBf58wcZ5NhHfZONvnMCvxTNPOw=,RnNmgagw33pkvKXwFyO5n/DFIXg=
28,-12,kBf58wcZ5NhHfZONvnMCvxTNPOw=,RnNmgagw33pkvKXwFyO5n/DFIXg=
16,-1,kBf58wcZ5NhHfZONvnMCvxTNPOw=,RnNmgagw33pkvKXwFyO5n/DFIXg=
23,-2,kBf58wcZ5NhHfZONvnMCvxTNPOw=,RnNmgagw33pkvKXwFyO5n/DFIXg=
29,-12,kBf58wcZ5NhHfZONvnMCvxTNPOw=,RnNmgagw33pkvKXwFyO5n/DFIXg=
30,-12,kBf58wcZ5NhHfZONvnMCvxTNPOw=,RnNmgagw33pkvKXwFyO5n/DFIXg=
31,-12,kBf58wcZ5NhHfZONvnMCvxTNPOw=,RnNmgagw33pkvKXwFyO5n/DFIXg=
16,-11,kBf58wcZ5NhHfZONvnMCvxTNPOw=,RnNmgagw33pkvKXwFyO5n/DFIXg=
17,-11,kBf58wcZ5NhHfZONvnMCvxTNPOw=,RnNmgagw33pkvKXwFyO5n/DFIXg=
19,-15,kBf58wcZ5NhHfZONvnMCvxTNPOw=,RnNmgagw33pkvKXwFyO5n/DFIXg=
18,-11,kBf58wcZ5NhHfZONvnMCvxTNPOw=,RnNmgagw33pkvKXwFyO5n/DFIXg=
19,-11,kBf58wcZ5NhHfZONvnMCvxTNPOw=,RnNmgagw33pkvKXwFyO5n/DFIXg=
20,-11,kBf58wcZ5NhHfZONvnMCvxTNPOw=,RnNmgagw33pkvKXwFyO5n/DFIXg=
21,-11,kBf58wcZ5NhHfZONvnMCvxTNPOw=,RnNmgagw33pkvKXwFyO5n/DFIXg=
22,-11,kBf58wcZ5NhHfZONvnMCvxTNPOw=,RnNmgagw33pkvKXwFyO5n/DFIXg=
23,-11,kBf58wcZ5NhHfZONvnMCvxTNPOw=,RnNmgagw33pkvKXwFyO5n/DFIXg=
24,-11,kBf58wcZ5NhHfZONvnMCvxTNPOw=,RnNmgagw33pkvKXwFyO5n/DFIXg=
25,-11,kBf58wcZ5NhHfZONvnMCvxTNPOw=,RnNmgagw33pkvKXwFyO5n/DFIXg=
22,-2,kBf58wcZ5NhHfZONvnMCvxTNPOw=,RnNmgagw33pkvKXwFyO5n/DFIXg=
20,-2,kBf58wcZ5NhHfZONvnMCvxTNPOw=,RnNmgagw33pkvKXwFyO5n/DFIXg=
21,-2,kBf58wcZ5NhHfZONvnMCvxTNPOw=,RnNmgagw33pkvKXwFyO5n/DFIXg=
26,-11,kBf58wcZ5NhHfZONvnMCvxTNPOw=,RnNmgagw33pkvKXwFyO5n/DFIXg=
19,-2,kBf58wcZ5NhHfZONvnMCvxTNPOw=,RnNmgagw33pkvKXwFyO5n/DFIXg=
17,-15,kBf58wcZ5NhHfZONvnMCvxTNPOw=,RnNmgagw33pkvKXwFyO5n/DFIXg=
25,-13,kBf58wcZ5NhHfZONvnMCvxTNPOw=,RnNmgagw33pkvKXwFyO5n/DFIXg=
16,-15,kBf58wcZ5NhHfZONvnMCvxTNPOw=,RnNmgagw33pkvKXwFyO5n/DFIXg=
18,-2,kBf58wcZ5NhHfZONvnMCvxTNPOw=,RnNmgagw33pkvKXwFyO5n/DFIXg=
17,-2,kBf58wcZ5NhHfZONvnMCvxTNPOw=,RnNmgagw33pkvKXwFyO5n/DFIXg=
31,-3,kBf58wcZ5NhHfZONvnMCvxTNPOw=,RnNmgagw33pkvKXwFyO5n/DFIXg=
16,-13,kBf58wcZ5NhHfZONvnMCvxTNPOw=,RnNmgagw33pkvKXwFyO5n/DFIXg=
20,-15,kBf58wcZ5NhHfZONvnMCvxTNPOw=,RnNmgagw33pkvKXwFyO5n/DFIXg=
23,-16,kBf58wcZ5NhHfZONvnMCvxTNPOw=,RnNmgagw33pkvKXwFyO5n/DFIXg=
17,-16,kBf58wcZ5NhHfZONvnMCvxTNPOw=,RnNmgagw33pkvKXwFyO5n/DFIXg=
30,-3,kBf58wcZ5NhHfZONvnMCvxTNPOw=,RnNmgagw33pkvKXwFyO5n/DFIXg=
29,-3,kBf58wcZ5NhHfZONvnMCvxTNPOw=,RnNmgagw33pkvKXwFyO5n/DFIXg=
27,-11,kBf58wcZ5NhHfZONvnMCvxTNPOw=,RnNmgagw33pkvKXwFyO5n/DFIXg=
16,-2,kBf58wcZ5NhHfZONvnMCvxTNPOw=,RnNmgagw33pkvKXwFyO5n/DFIXg=
28,-3,kBf58wcZ5NhHfZONvnMCvxTNPOw=,RnNmgagw33pkvKXwFyO5n/DFIXg=
26,-3,kBf58wcZ5NhHfZONvnMCvxTNPOw=,RnNmgagw33pkvKXwFyO5n/DFIXg=
25,-3,kBf58wcZ5NhHfZONvnMCvxTNPOw=,RnNmgagw33pkvKXwFyO5n/DFIXg=
24,-3,kBf58wcZ5NhHfZONvnMCvxTNPOw=,RnNmgagw33pkvKXwFyO5n/DFIXg=
23,-3,kBf58wcZ5NhHfZONvnMCvxTNPOw=,RnNmgagw33pkvKXwFyO5n/DFIXg=
28,-11,kBf58wcZ5NhHfZONvnMCvxTNPOw=,RnNmgagw33pkvKXwFyO5n/DFIXg=
22,-3,kBf58wcZ5NhHfZONvnMCvxTNPOw=,RnNmgagw33pkvKXwFyO5n/DFIXg=
21,-3,kBf58wcZ5NhHfZONvnMCvxTNPOw=,RnNmgagw33pkvKXwFyO5n/DFIXg=
20,-3,kBf58wcZ5NhHfZONvnMCvxTNPOw=,RnNmgagw33pkvKXwFyO5n/DFIXg=
29,-15,kBf58wcZ5NhHfZONvnMCvxTNPOw=,RnNmgagw33pkvKXwFyO5n/DFIXg=
19,-3,kBf58wcZ5NhHfZONvnMCvxTNPOw=,RnNmgagw33pkvKXwFyO5n/DFIXg=
31,-16,kBf58wcZ5NhHfZONvnMCvxTNPOw=,RnNmgagw33pkvKXwFyO5n/DFIXg=
24,-13,kBf58wcZ5NhHfZONvnMCvxTNPOw=,RnNmgagw33pkvKXwFyO5n/DFIXg=
18,-3,kBf58wcZ5NhHfZONvnMCvxTNPOw=,RnNmgagw33pkvKXwFyO5n/DFIXg=
28,-15,kBf58wcZ5NhHfZONvnMCvxTNPOw=,RnNmgagw33pkvKXwFyO5n/DFIXg=
17,-3,kBf58wcZ5NhHfZONvnMCvxTNPOw=,RnNmgagw33pkvKXwFyO5n/DFIXg=
27,-3,kBf58wcZ5NhHfZONvnMCvxTNPOw=,RnNmgagw33pkvKXwFyO5n/DFIXg=
31,-4,kBf58wcZ5NhHfZONvnMCvxTNPOw=,RnNmgagw33pkvKXwFyO5n/DFIXg=
29,-11,kBf58wcZ5NhHfZONvnMCvxTNPOw=,RnNmgagw33pkvKXwFyO5n/DFIXg=
30,-11,kBf58wcZ5NhHfZONvnMCvxTNPOw=,RnNmgagw33pkvKXwFyO5n/DFIXg=
31,-11,kBf58wcZ5NhHfZONvnMCvxTNPOw=,RnNmgagw33pkvKXwFyO5n/DFIXg=
16,-3,kBf58wcZ5NhHfZONvnMCvxTNPOw=,RnNmgagw33pkvKXwFyO5n/DFIXg=
30,-4,kBf58wcZ5NhHfZONvnMCvxTNPOw=,RnNmgagw33pkvKXwFyO5n/DFIXg=
29,-4,kBf58wcZ5NhHfZONvnMCvxTNPOw=,RnNmgagw33pkvKXwFyO5n/DFIXg=
16,-10,kBf58wcZ5NhHfZONvnMCvxTNPOw=,RnNmgagw33pkvKXwFyO5n/DFIXg=
21,-15,kBf58wcZ5NhHfZONvnMCvxTNPOw=,RnNmgagw33pkvKXwFyO5n/DFIXg=
28,-4,kBf58wcZ5NhHfZONvnMCvxTNPOw=,RnNmgagw33pkvKXwFyO5n/DFIXg=
17,-10,kBf58wcZ5NhHfZONvnMCvxTNPOw=,RnNmgagw33pkvKXwFyO5n/DFIXg=
27,-4,kBf58wcZ5NhHfZONvnMCvxTNPOw=,RnNmgagw33pkvKXwFyO5n/DFIXg=
26,-4,kBf58wcZ5NhHfZONvnMCvxTNPOw=,RnNmgagw33pkvKXwFyO5n/DFIXg=
24,-4,kBf58wcZ5NhHfZONvnMCvxTNPOw=,RnNmgagw33pkvKXwFyO5n/DFIXg=
23,-4,kBf58wcZ5NhHfZONvnMCvxTNPOw=,RnNmgagw33pkvKXwFyO5n/DFIXg=
22,-4,kBf58wcZ5NhHfZONvnMCvxTNPOw=,RnNmgagw33pkvKXwFyO5n/DFIXg=
21,-4,kBf58wcZ5NhHfZONvnMCvxTNPOw=,RnNmgagw33pkvKXwFyO5n/DFIXg=
20,-4,kBf58wcZ5NhHfZONvnMCvxTNPOw=,RnNmgagw33pkvKXwFyO5n/DFIXg=
30,-16,kBf58wcZ5NhHfZONvnMCvxTNPOw=,RnNmgagw33pkvKXwFyO5n/DFIXg=
23,-13,kBf58wcZ5NhHfZONvnMCvxTNPOw=,RnNmgagw33pkvKXwFyO5n/DFIXg=
19,-4,kBf58wcZ5NhHfZONvnMCvxTNPOw=,RnNmgagw33pkvKXwFyO5n/DFIXg=
18,-4,kBf58wcZ5NhHfZONvnMCvxTNPOw=,RnNmgagw33pkvKXwFyO5n/DFIXg=
27,-15,kBf58wcZ5NhHfZONvnMCvxTNPOw=,RnNmgagw33pkvKXwFyO5n/DFIXg=
17,-4,kBf58wcZ5NhHfZONvnMCvxTNPOw=,RnNmgagw33pkvKXwFyO5n/DFIXg=
16,-4,kBf58wcZ5NhHfZONvnMCvxTNPOw=,RnNmgagw33pkvKXwFyO5n/DFIXg=
31,-5,kBf58wcZ5NhHfZONvnMCvxTNPOw=,RnNmgagw33pkvKXwFyO5n/DFIXg=
30,-5,kBf58wcZ5NhHfZONvnMCvxTNPOw=,RnNmgagw33pkvKXwFyO5n/DFIXg=
18,-10,kBf58wcZ5NhHfZONvnMCvxTNPOw=,RnNmgagw33pkvKXwFyO5n/DFIXg=
25,-4,kBf58wcZ5NhHfZONvnMCvxTNPOw=,RnNmgagw33pkvKXwFyO5n/DFIXg=
19,-10,kBf58wcZ5NhHfZONvnMCvxTNPOw=,RnNmgagw33pkvKXwFyO5n/DFIXg=
20,-10,kBf58wcZ5NhHfZONvnMCvxTNPOw=,RnNmgagw33pkvKXwFyO5n/DFIXg=
29,-5,kBf58wcZ5NhHfZONvnMCvxTNPOw=,RnNmgagw33pkvKXwFyO5n/DFIXg=
21,-10,kBf58wcZ5NhHfZONvnMCvxTNPOw=,RnNmgagw33pkvKXwFyO5n/DFIXg=
28,-5,kBf58wcZ5NhHfZONvnMCvxTNPOw=,RnNmgagw33pkvKXwFyO5n/DFIXg=
22,-10,kBf58wcZ5NhHfZONvnMCvxTNPOw=,RnNmgagw33pkvKXwFyO5n/DFIXg=
23,-10,kBf58wcZ5NhHfZONvnMCvxTNPOw=,RnNmgagw33pkvKXwFyO5n/DFIXg=
27,-5,kBf58wcZ5NhHfZONvnMCvxTNPOw=,RnNmgagw33pkvKXwFyO5n/DFIXg=
24,-10,kBf58wcZ5NhHfZONvnMCvxTNPOw=,RnNmgagw33pkvKXwFyO5n/DFIXg=
26,-5,kBf58wcZ5NhHfZONvnMCvxTNPOw=,RnNmgagw33pkvKXwFyO5n/DFIXg=
25,-5,kBf58wcZ5NhHfZONvnMCvxTNPOw=,RnNmgagw33pkvKXwFyO5n/DFIXg=
25,-10,kBf58wcZ5NhHfZONvnMCvxTNPOw=,RnNmgagw33pkvKXwFyO5n/DFIXg=
24,-5,kBf58wcZ5NhHfZONvnMCvxTNPOw=,RnNmgagw33pkvKXwFyO5n/DFIXg=
22,-5,kBf58wcZ5NhHfZONvnMCvxTNPOw=,RnNmgagw33pkvKXwFyO5n/DFIXg=
21,-5,kBf58wcZ5NhHfZONvnMCvxTNPOw=,RnNmgagw33pkvKXwFyO5n/DFIXg=
17,-13,kBf58wcZ5NhHfZONvnMCvxTNPOw=,RnNmgagw33pkvKXwFyO5n/DFIXg=
29,-16,kBf58wcZ5NhHfZONvnMCvxTNPOw=,RnNmgagw33pkvKXwFyO5n/DFIXg=
24,-16,kBf58wcZ5NhHfZONvnMCvxTNPOw=,RnNmgagw33pkvKXwFyO5n/DFIXg=
22,-13,kBf58wcZ5NhHfZONvnMCvxTNPOw=,RnNmgagw33pkvKXwFyO5n/DFIXg=
26,-10,kBf58wcZ5NhHfZONvnMCvxTNPOw=,RnNmgagw33pkvKXwFyO5n/DFIXg=
20,-5,kBf58wcZ5NhHfZONvnMCvxTNPOw=,RnNmgagw33pkvKXwFyO5n/DFIXg=
19,-5,kBf58wcZ5NhHfZONvnMCvxTNPOw=,RnNmgagw33pkvKXwFyO5n/DFIXg=
18,-5,kBf58wcZ5NhHfZONvnMCvxTNPOw=,RnNmgagw33pkvKXwFyO5n/DFIXg=
26,-15,kBf58wcZ5NhHfZONvnMCvxTNPOw=,RnNmgagw33pkvKXwFyO5n/DFIXg=
17,-5,kBf58wcZ5NhHfZONvnMCvxTNPOw=,RnNmgagw33pkvKXwFyO5n/DFIXg=
16,-5,kBf58wcZ5NhHfZONvnMCvxTNPOw=,RnNmgagw33pkvKXwFyO5n/DFIXg=
30,-6,kBf58wcZ5NhHfZONvnMCvxTNPOw=,RnNmgagw33pkvKXwFyO5n/DFIXg=
31,-6,kBf58wcZ5NhHfZONvnMCvxTNPOw=,RnNmgagw33pkvKXwFyO5n/DFIXg=
23,-5,kBf58wcZ5NhHfZONvnMCvxTNPOw=,RnNmgagw33pkvKXwFyO5n/DFIXg=
28,-6,kBf58wcZ5NhHfZONvnMCvxTNPOw=,RnNmgagw33pkvKXwFyO5n/DFIXg=
27,-10,kBf58wcZ5NhHfZONvnMCvxTNPOw=,RnNmgagw33pkvKXwFyO5n/DFIXg=
28,-10,kBf58wcZ5NhHfZONvnMCvxTNPOw=,RnNmgagw33pkvKXwFyO5n/DFIXg=
29,-10,kBf58wcZ5NhHfZONvnMCvxTNPOw=,RnNmgagw33pkvKXwFyO5n/DFIXg=
30,-10,kBf58wcZ5NhHfZONvnMCvxTNPOw=,RnNmgagw33pkvKXwFyO5n/DFIXg=
31,-10,kBf58wcZ5NhHfZONvnMCvxTNPOw=,RnNmgagw33pkvKXwFyO5n/DFIXg=
16,-9,kBf58wcZ5NhHfZONvnMCvxTNPOw=,RnNmgagw33pkvKXwFyO5n/DFIXg=
22,-15,kBf58wcZ5NhHfZONvnMCvxTNPOw=,RnNmgagw33pkvKXwFyO5n/DFIXg=
29,-6,kBf58wcZ5NhHfZONvnMCvxTNPOw=,RnNmgagw33pkvKXwFyO5n/DFIXg=
27,-6,kBf58wcZ5NhHfZONvnMCvxTNPOw=,RnNmgagw33pkvKXwFyO5n/DFIXg=
17,-9,kBf58wcZ5NhHfZONvnMCvxTNPOw=,RnNmgagw33pkvKXwFyO5n/DFIXg=
26,-6,kBf58wcZ5NhHfZONvnMCvxTNPOw=,RnNmgagw33pkvKXwFyO5n/DFIXg=
25,-6,kBf58wcZ5NhHfZONvnMCvxTNPOw=,RnNmgagw33pkvKXwFyO5n/DFIXg=
18,-9,kBf58wcZ5NhHfZONvnMCvxTNPOw=,RnNmgagw33pkvKXwFyO5n/DFIXg=
24,-6,kBf58wcZ5NhHfZONvnMCvxTNPOw=,RnNmgagw33pkvKXwFyO5n/DFIXg=
19,-9,kBf58wcZ5NhHfZONvnMCvxTNPOw=,RnNmgagw33pkvKXwFyO5n/DFIXg=
20,-9,kBf58wcZ5NhHfZONvnMCvxTNPOw=,RnNmgagw33pkvKXwFyO5n/DFIXg=
16,-16,kBf58wcZ5NhHfZONvnMCvxTNPOw=,RnNmgagw33pkvKXwFyO5n/DFIXg=
23,-6,kBf58wcZ5NhHfZONvnMCvxTNPOw=,RnNmgagw33pkvKXwFyO5n/DFIXg=
28,-16,kBf58wcZ5NhHfZONvnMCvxTNPOw=,RnNmgagw33pkvKXwFyO5n/DFIXg=
21,-13,kBf58wcZ5NhHfZONvnMCvxTNPOw=,RnNmgagw33pkvKXwFyO5n/DFIXg=
22,-6,kBf58wcZ5NhHfZONvnMCvxTNPOw=,RnNmgagw33pkvKXwFyO5n/DFIXg=
20,-6,kBf58wcZ5NhHfZONvnMCvxTNPOw=,RnNmgagw33pkvKXwFyO5n/DFIXg=
19,-6,kBf58wcZ5NhHfZONvnMCvxTNPOw=,RnNmgagw33pkvKXwFyO5n/DFIXg=
18,-6,kBf58wcZ5NhHfZONvnMCvxTNPOw=,RnNmgagw33pkvKXwFyO5n/DFIXg=
17,-6,kBf58wcZ5NhHfZONvnMCvxTNPOw=,RnNmgagw33pkvKXwFyO5n/DFIXg=
25,-15,kBf58wcZ5NhHfZONvnMCvxTNPOw=,RnNmgagw33pkvKXwFyO5n/DFIXg=
16,-6,kBf58wcZ5NhHfZONvnMCvxTNPOw=,RnNmgagw33pkvKXwFyO5n/DFIXg=
31,-7,kBf58wcZ5NhHfZONvnMCvxTNPOw=,RnNmgagw33pkvKXwFyO5n/DFIXg=
21,-9,kBf58wcZ5NhHfZONvnMCvxTNPOw=,RnNmgagw33pkvKXwFyO5n/DFIXg=
21,-6,kBf58wcZ5NhHfZONvnMCvxTNPOw=,RnNmgagw33pkvKXwFyO5n/DFIXg=
30,-7,kBf58wcZ5NhHfZONvnMCvxTNPOw=,RnNmgagw33pkvKXwFyO5n/DFIXg=
28,-7,kBf58wcZ5NhHfZONvnMCvxTNPOw=,RnNmgagw33pkvKXwFyO5n/DFIXg=
22,-9,kBf58wcZ5NhHfZONvnMCvxTNPOw=,RnNmgagw33pkvKXwFyO5n/DFIXg=
29,-7,kBf58wcZ5NhHfZONvnMCvxTNPOw=,RnNmgagw33pkvKXwFyO5n/DFIXg=
27,-7,kBf58wcZ5NhHfZONvnMCvxTNPOw=,RnNmgagw33pkvKXwFyO5n/DFIXg=
23,-9,kBf58wcZ5NhHfZONvnMCvxTNPOw=,RnNmgagw33pkvKXwFyO5n/DFIXg=
26,-7,kBf58wcZ5NhHfZONvnMCvxTNPOw=,RnNmgagw33pkvKXwFyO5n/DFIXg=
25,-7,kBf58wcZ5NhHfZONvnMCvxTNPOw=,RnNmgagw33pkvKXwFyO5n/DFIXg=
24,-7,kBf58wcZ5NhHfZONvnMCvxTNPOw=,RnNmgagw33pkvKXwFyO5n/DFIXg=
20,-13,kBf58wcZ5NhHfZONvnMCvxTNPOw=,RnNmgagw33pkvKXwFyO5n/DFIXg=
27,-16,kBf58wcZ5NhHfZONvnMCvxTNPOw=,RnNmgagw33pkvKXwFyO5n/DFIXg=
24,-9,kBf58wcZ5NhHfZONvnMCvxTNPOw=,RnNmgagw33pkvKXwFyO5n/DFIXg=
18,-13,kBf58wcZ5NhHfZONvnMCvxTNPOw=,RnNmgagw33pkvKXwFyO5n/DFIXg=
25,-16,kBf58wcZ5NhHfZONvnMCvxTNPOw=,RnNmgagw33pkvKXwFyO5n/DFIXg=
23,-7,kBf58wcZ5NhHfZONvnMCvxTNPOw=,RnNmgagw33pkvKXwFyO5n/DFIXg=
22,-7,kBf58wcZ5NhHfZONvnMCvxTNPOw=,RnNmgagw33pkvKXwFyO5n/DFIXg=
20,-7,kBf58wcZ5NhHfZONvnMCvxTNPOw=,RnNmgagw33pkvKXwFyO5n/DFIXg=
19,-7,kBf58wcZ5NhHfZONvnMCvxTNPOw=,RnNmgagw33pkvKXwFyO5n/DFIXg=
18,-7,kBf58wcZ5NhHfZONvnMCvxTNPOw=,RnNmgagw33pkvKXwFyO5n/DFIXg=
21,-7,kBf58wcZ5NhHfZONvnMCvxTNPOw=,RnNmgagw33pkvKXwFyO5n/DFIXg=
16,-7,kBf58wcZ5NhHfZONvnMCvxTNPOw=,RnNmgagw33pkvKXwFyO5n/DFIXg=
24,-15,kBf58wcZ5NhHfZONvnMCvxTNPOw=,RnNmgagw33pkvKXwFyO5n/DFIXg=
31,-8,kBf58wcZ5NhHfZONvnMCvxTNPOw=,RnNmgagw33pkvKXwFyO5n/DFIXg=
25,-9,kBf58wcZ5NhHfZONvnMCvxTNPOw=,RnNmgagw33pkvKXwFyO5n/DFIXg=
30,-8,kBf58wcZ5NhHfZONvnMCvxTNPOw=,RnNmgagw33pkvKXwFyO5n/DFIXg=
29,-8,kBf58wcZ5NhHfZONvnMCvxTNPOw=,RnNmgagw33pkvKXwFyO5n/DFIXg=
26,-9,kBf58wcZ5NhHfZONvnMCvxTNPOw=,RnNmgagw33pkvKXwFyO5n/DFIXg=
28,-8,kBf58wcZ5NhHfZONvnMCvxTNPOw=,RnNmgagw33pkvKXwFyO5n/DFIXg=
17,-7,kBf58wcZ5NhHfZONvnMCvxTNPOw=,RnNmgagw33pkvKXwFyO5n/DFIXg=
27,-9,kBf58wcZ5NhHfZONvnMCvxTNPOw=,RnNmgagw33pkvKXwFyO5n/DFIXg=
27,-8,kBf58wcZ5NhHfZONvnMCvxTNPOw=,RnNmgagw33pkvKXwFyO5n/DFIXg=
26,-8,kBf58wcZ5NhHfZONvnMCvxTNPOw=,RnNmgagw33pkvKXwFyO5n/DFIXg=
28,-9,kBf58wcZ5NhHfZONvnMCvxTNPOw=,RnNmgagw33pkvKXwFyO5n/DFIXg=
29,-9,kBf58wcZ5NhHfZONvnMCvxTNPOw=,RnNmgagw33pkvKXwFyO5n/DFIXg=
30,-9,kBf58wcZ5NhHfZONvnMCvxTNPOw=,RnNmgagw33pkvKXwFyO5n/DFIXg=
31,-9,kBf58wcZ5NhHfZONvnMCvxTNPOw=,RnNmgagw33pkvKXwFyO5n/DFIXg=
23,-15,kBf58wcZ5NhHfZONvnMCvxTNPOw=,RnNmgagw33pkvKXwFyO5n/DFIXg=
25,-8,kBf58wcZ5NhHfZONvnMCvxTNPOw=,RnNmgagw33pkvKXwFyO5n/DFIXg=
26,-16,kBf58wcZ5NhHfZONvnMCvxTNPOw=,RnNmgagw33pkvKXwFyO5n/DFIXg=
19,-13,kBf58wcZ5NhHfZONvnMCvxTNPOw=,RnNmgagw33pkvKXwFyO5n/DFIXg=
24,-8,kBf58wcZ5NhHfZONvnMCvxTNPOw=,RnNmgagw33pkvKXwFyO5n/DFIXg=
16,-8,kBf58wcZ5NhHfZONvnMCvxTNPOw=,RnNmgagw33pkvKXwFyO5n/DFIXg=
23,-8,kBf58wcZ5NhHfZONvnMCvxTNPOw=,RnNmgagw33pkvKXwFyO5n/DFIXg=
22,-8,kBf58wcZ5NhHfZONvnMCvxTNPOw=,RnNmgagw33pkvKXwFyO5n/DFIXg=
21,-8,kBf58wcZ5NhHfZONvnMCvxTNPOw=,RnNmgagw33pkvKXwFyO5n/DFIXg=
17,-8,kBf58wcZ5NhHfZONvnMCvxTNPOw=,RnNmgagw33pkvKXwFyO5n/DFIXg=
18,-8,kBf58wcZ5NhHfZONvnMCvxTNPOw=,RnNmgagw33pkvKXwFyO5n/DFIXg=
20,-8,kBf58wcZ5NhHfZONvnMCvxTNPOw=,RnNmgagw33pkvKXwFyO5n/DFIXg=
19,-8,kBf58wcZ5NhHfZONvnMCvxTNPOw=,RnNmgagw33pkvKXwFyO5n/DFIXg=
