11,13,Wt7SQiAOxco3VrpJ5Gn58rK4pDI=,Iu+8HulSySj/+g7HaFWuwbjslL0=
12,2,Wt7SQiAOxco3VrpJ5Gn58rK4pDI=,Iu+8HulSySj/+g7HaFWuwbjslL0=
14,1,Wt7SQiAOxco3VrpJ5Gn58rK4pDI=,Iu+8HulSySj/+g7HaFWuwbjslL0=
10,13,Wt7SQiAOxco3VrpJ5Gn58rK4pDI=,Iu+8HulSySj/+g7HaFWuwbjslL0=
0,1,Wt7SQiAOxco3VrpJ5Gn58rK4pDI=,Iu+8HulSySj/+g7HaFWuwbjslL0=
13,2,Wt7SQiAOxco3VrpJ5Gn58rK4pDI=,Iu+8HulSySj/+g7HaFWuwbjslL0=
15,11,Wt7SQiAOxco3VrpJ5Gn58rK4pDI=,Iu+8HulSySj/+g7HaFWuwbjslL0=
14,2,Wt7SQiAOxco3VrpJ5Gn58rK4pDI=,Iu+8HulSySj/+g7HaFWuwbjslL0=
9,13,Wt7SQiAOxco3VrpJ5Gn58rK4pDI=,Iu+8HulSySj/+g7HaFWuwbjslL0=
12,5,Wt7SQiAOxco3VrpJ5Gn58rK4pDI=,Iu+8HulSySj/+g7HaFWuwbjslL0=
15,2,Wt7SQiAOxco3VrpJ5Gn58rK4pDI=,Iu+8HulSySj/+g7HaFWuwbjslL0=
8,13,Wt7SQiAOxco3VrpJ5Gn58rK4pDI=,Iu+8HulSySj/+g7HaFWuwbjslL0=
7,13,Wt7SQiAOxco3VrpJ5Gn58rK4pDI=,Iu+8HulSySj/+g7HaFWuwbjslL0=
14,11,Wt7SQiAOxco3VrpJ5Gn58rK4pDI=,Iu+8HulSySj/+g7HaFWuwbjslL0=
15,7,Wt7SQiAOxco3VrpJ5Gn58rK4pDI=,Iu+8HulSySj/+g7HaFWuwbjslL0=
11,9,Wt7SQiAOxco3VrpJ5Gn58rK4pDI=,Iu+8HulSySj/+g7HaFWuwbjslL0=
0,3,Wt7SQiAOxco3VrpJ5Gn58rK4pDI=,Iu+8HulSySj/+g7HaFWuwbjslL0=
13,11,Wt7SQiAOxco3VrpJ5Gn58rK4pDI=,Iu+8HulSySj/+g7HaFWuwbjslL0=
11,5,Wt7SQiAOxco3VrpJ5Gn58rK4pDI=,Iu+8HulSySj/+g7HaFWuwbjslL0=
14,7,Wt7SQiAOxco3VrpJ5Gn58rK4pDI=,Iu+8HulSySj/+g7HaFWuwbjslL0=
10,9,Wt7SQiAOxco3VrpJ5Gn58rK4pDI=,Iu+8HulSySj/+g7HaFWuwbjslL0=
5,2,Wt7SQiAOxco3VrpJ5Gn58rK4pDI=,Iu+8HulSySj/+g7HaFWuwbjslL0=
6,2,Wt7SQiAOxco3VrpJ5Gn58rK4pDI=,Iu+8HulSySj/+g7HaFWuwbjslL0=
6,13,Wt7SQiAOxco3VrpJ5Gn58rK4pDI=,Iu+8HulSySj/+g7HaFWuwbjslL0=
9,9,Wt7SQiAOxco3VrpJ5Gn58rK4pDI=,Iu+8HulSySj/+g7HaFWuwbjslL0=
1,1,Wt7SQiAOxco3VrpJ5Gn58rK4pDI=,Iu+8HulSySj/+g7HaFWuwbjslL0=
8,9,Wt7SQiAOxco3VrpJ5Gn58rK4pDI=,Iu+8HulSySj/+g7HaFWuwbjslL0=
7,9,Wt7SQiAOxco3VrpJ5Gn58rK4pDI=,Iu+8HulSySj/+g7HaFWuwbjslL0=
1,3,Wt7SQiAOxco3VrpJ5Gn58rK4pDI=,Iu+8HulSySj/+g7HaFWuwbjslL0=
10,5,Wt7SQiAOxco3VrpJ5Gn58rK4pDI=,Iu+8HulSySj/+g7HaFWuwbjslL0=
9,5,Wt7SQiAOxco3VrpJ5Gn58rK4pDI=,Iu+8HulSySj/+g7HaFWuwbjslL0=
12,7,Wt7SQiAOxco3VrpJ5Gn58rK4pDI=,Iu+8HulSySj/+g7HaFWuwbjslL0=
2,1,Wt7SQiAOxco3VrpJ5Gn58rK4pDI=,Iu+8HulSySj/+g7HaFWuwbjslL0=
4,2,Wt7SQiAOxco3VrpJ5Gn58rK4pDI=,Iu+8HulSySj/+g7HaFWuwbjslL0=
6,9,Wt7SQiAOxco3VrpJ5Gn58rK4pDI=,Iu+8HulSySj/+g7HaFWuwbjslL0=
2,3,Wt7SQiAOxco3VrpJ5Gn58rK4pDI=,Iu+8HulSySj/+g7HaFWuwbjslL0=
5,13,Wt7SQiAOxco3VrpJ5Gn58rK4pDI=,Iu+8HulSySj/+g7HaFWuwbjslL0=
8,5,Wt7SQiAOxco3VrpJ5Gn58rK4pDI=,Iu+8HulSySj/+g7HaFWuwbjslL0=
3,3,Wt7SQiAOxco3VrpJ5Gn58rK4pDI=,Iu+8HulSySj/+g7HaFWuwbjslL0=
7,5,Wt7SQiAOxco3VrpJ5Gn58rK4pDI=,Iu+8HulSySj/+g7HaFWuwbjslL0=
4,13,Wt7SQiAOxco3VrpJ5Gn58rK4pDI=,Iu+8HulSySj/+g7HaFWuwbjslL0=
15,1,Wt7SQiAOxco3VrpJ5Gn58rK4pDI=,Iu+8HulSySj/+g7HaFWuwbjslL0=
3,13,Wt7SQiAOxco3VrpJ5Gn58rK4pDI=,Iu+8HulSySj/+g7HaFWuwbjslL0=
6,5,Wt7SQiAOxco3VrpJ5Gn58rK4pDI=,Iu+8HulSySj/+g7HaFWuwbjslL0=
15,15,Wt7SQiAOxco3VrpJ5Gn58rK4pDI=,Iu+8HulSySj/+g7HaFWuwbjslL0=
4,3,Wt7SQiAOxco3VrpJ5Gn58rK4pDI=,Iu+8HulSySj/+g7HaFWuwbjslL0=
5,5,Wt7SQiAOxco3VrpJ5Gn58rK4pDI=,Iu+8HulSySj/+g7HaFWuwbjslL0=
2,13,Wt7SQiAOxco3VrpJ5Gn58rK4pDI=,Iu+8HulSySj/+g7HaFWuwbjslL0=
3,1,Wt7SQiAOxco3VrpJ5Gn58rK4pDI=,Iu+8HulSySj/+g7HaFWuwbjslL0=
3,2,Wt7SQiAOxco3VrpJ5Gn58rK4pDI=,Iu+8HulSySj/+g7HaFWuwbjslL0=
1,13,Wt7SQiAOxco3VrpJ5Gn58rK4pDI=,Iu+8HulSySj/+g7HaFWuwbjslL0=
5,3,Wt7SQiAOxco3VrpJ5Gn58rK4pDI=,Iu+8HulSySj/+g7HaFWuwbjslL0=
12,11,Wt7SQiAOxco3VrpJ5Gn58rK4pDI=,Iu+8HulSySj/+g7HaFWuwbjslL0=
4,5,Wt7SQiAOxco3VrpJ5Gn58rK4pDI=,Iu+8HulSySj/+g7HaFWuwbjslL0=
8,1,Wt7SQiAOxco3VrpJ5Gn58rK4pDI=,Iu+8HulSySj/+g7HaFWuwbjslL0=
13,5,Wt7SQiAOxco3VrpJ5Gn58rK4pDI=,Iu+8HulSySj/+g7HaFWuwbjslL0=
14,5,Wt7SQiAOxco3VrpJ5Gn58rK4pDI=,Iu+8HulSySj/+g7HaFWuwbjslL0=
3,5,Wt7SQiAOxco3VrpJ5Gn58rK4pDI=,Iu+8HulSySj/+g7HaFWuwbjslL0=
11,2,Wt7SQiAOxco3VrpJ5Gn58rK4pDI=,Iu+8HulSySj/+g7HaFWuwbjslL0=
7,1,Wt7SQiAOxco3VrpJ5Gn58rK4pDI=,Iu+8HulSySj/+g7HaFWuwbjslL0=
6,3,Wt7SQiAOxco3VrpJ5Gn58rK4pDI=,Iu+8HulSySj/+g7HaFWuwbjslL0=
12,9,Wt7SQiAOxco3VrpJ5Gn58rK4pDI=,Iu+8HulSySj/+g7HaFWuwbjslL0=
0,13,Wt7SQiAOxco3VrpJ5Gn58rK4pDI=,Iu+8HulSySj/+g7HaFWuwbjslL0=
2,5,Wt7SQiAOxco3VrpJ5Gn58rK4pDI=,Iu+8HulSySj/+g7HaFWuwbjslL0=
7,3,Wt7SQiAOxco3VrpJ5Gn58rK4pDI=,Iu+8HulSySj/+g7HaFWuwbjslL0=
13,9,Wt7SQiAOxco3VrpJ5Gn58rK4pDI=,Iu+8HulSySj/+g7HaFWuwbjslL0=
14,9,Wt7SQiAOxco3VrpJ5Gn58rK4pDI=,Iu+8HulSySj/+g7HaFWuwbjslL0=
15,5,Wt7SQiAOxco3VrpJ5Gn58rK4pDI=,Iu+8HulSySj/+g7HaFWuwbjslL0=
5,9,Wt7SQiAOxco3VrpJ5Gn58rK4pDI=,Iu+8HulSySj/+g7HaFWuwbjslL0=
4,9,Wt7SQiAOxco3VrpJ5Gn58rK4pDI=,Iu+8HulSySj/+g7HaFWuwbjslL0=
0,6,Wt7SQiAOxco3VrpJ5Gn58rK4pDI=,Iu+8HulSySj/+g7HaFWuwbjslL0=
3,9,Wt7SQiAOxco3VrpJ5Gn58rK4pDI=,Iu+8HulSySj/+g7HaFWuwbjslL0=
15,9,Wt7SQiAOxco3VrpJ5Gn58rK4pDI=,Iu+8HulSySj/+g7HaFWuwbjslL0=
15,12,Wt7SQiAOxco3VrpJ5Gn58rK4pDI=,Iu+8HulSySj/+g7HaFWuwbjslL0=
2,9,Wt7SQiAOxco3VrpJ5Gn58rK4pDI=,Iu+8HulSySj/+g7HaFWuwbjslL0=
1,6,Wt7SQiAOxco3VrpJ5Gn58rK4pDI=,Iu+8HulSySj/+g7HaFWuwbjslL0=
1,9,Wt7SQiAOxco3VrpJ5Gn58rK4pDI=,Iu+8HulSySj/+g7HaFWuwbjslL0=
14,15,Wt7SQiAOxco3VrpJ5Gn58rK4pDI=,Iu+8HulSySj/+g7HaFWuwbjslL0=
8,3,Wt7SQiAOxco3VrpJ5Gn58rK4pDI=,Iu+8HulSySj/+g7HaFWuwbjslL0=
0,9,Wt7SQiAOxco3VrpJ5Gn58rK4pDI=,Iu+8HulSySj/+g7HaFWuwbjslL0=
14,12,Wt7SQiAOxco3VrpJ5Gn58rK4pDI=,Iu+8HulSySj/+g7HaFWuwbjslL0=
11,7,Wt7SQiAOxco3VrpJ5Gn58rK4pDI=,Iu+8HulSySj/+g7HaFWuwbjslL0=
15,8,Wt7SQiAOxco3VrpJ5Gn58rK4pDI=,Iu+8HulSySj/+g7HaFWuwbjslL0=
14,8,Wt7SQiAOxco3VrpJ5Gn58rK4pDI=,Iu+8HulSySj/+g7HaFWuwbjslL0=
9,3,Wt7SQiAOxco3VrpJ5Gn58rK4pDI=,Iu+8HulSySj/+g7HaFWuwbjslL0=
13,12,Wt7SQiAOxco3VrpJ5Gn58rK4pDI=,Iu+8HulSySj/+g7HaFWuwbjslL0=
11,11,Wt7SQiAOxco3VrpJ5Gn58rK4pDI=,Iu+8HulSySj/+g7HaFWuwbjslL0=
13,8,Wt7SQiAOxco3VrpJ5Gn58rK4pDI=,Iu+8HulSySj/+g7HaFWuwbjslL0=
12,12,Wt7SQiAOxco3VrpJ5Gn58rK4pDI=,Iu+8HulSySj/+g7HaFWuwbjslL0=
12,8,Wt7SQiAOxco3VrpJ5Gn58rK4pDI=,Iu+8HulSySj/+g7HaFWuwbjslL0=
0,10,Wt7SQiAOxco3VrpJ5Gn58rK4pDI=,Iu+8HulSySj/+g7HaFWuwbjslL0=
10,11,Wt7SQiAOxco3VrpJ5Gn58rK4pDI=,Iu+8HulSySj/+g7HaFWuwbjslL0=
9,11,Wt7SQiAOxco3VrpJ5Gn58rK4pDI=,Iu+8HulSySj/+g7HaFWuwbjslL0=
1,10,Wt7SQiAOxco3VrpJ5Gn58rK4pDI=,Iu+8HulSySj/+g7HaFWuwbjslL0=
13,15,Wt7SQiAOxco3VrpJ5Gn58rK4pDI=,Iu+8HulSySj/+g7HaFWuwbjslL0=
8,11,Wt7SQiAOxco3VrpJ5Gn58rK4pDI=,Iu+8HulSySj/+g7HaFWuwbjslL0=
10,2,Wt7SQiAOxco3VrpJ5Gn58rK4pDI=,Iu+8HulSySj/+g7HaFWuwbjslL0=
10,7,Wt7SQiAOxco3VrpJ5Gn58rK4pDI=,Iu+8HulSySj/+g7HaFWuwbjslL0=
13,1,Wt7SQiAOxco3VrpJ5Gn58rK4pDI=,Iu+8HulSySj/+g7HaFWuwbjslL0=
2,10,Wt7SQiAOxco3VrpJ5Gn58rK4pDI=,Iu+8HulSySj/+g7HaFWuwbjslL0=
11,12,Wt7SQiAOxco3VrpJ5Gn58rK4pDI=,Iu+8HulSySj/+g7HaFWuwbjslL0=
9,7,Wt7SQiAOxco3VrpJ5Gn58rK4pDI=,Iu+8HulSySj/+g7HaFWuwbjslL0=
11,8,Wt7SQiAOxco3VrpJ5Gn58rK4pDI=,Iu+8HulSySj/+g7HaFWuwbjslL0=
3,10,Wt7SQiAOxco3VrpJ5Gn58rK4pDI=,Iu+8HulSySj/+g7HaFWuwbjslL0=
7,11,Wt7SQiAOxco3VrpJ5Gn58rK4pDI=,Iu+8HulSySj/+g7HaFWuwbjslL0=
10,12,Wt7SQiAOxco3VrpJ5Gn58rK4pDI=,Iu+8HulSySj/+g7HaFWuwbjslL0=
4,10,Wt7SQiAOxco3VrpJ5Gn58rK4pDI=,Iu+8HulSySj/+g7HaFWuwbjslL0=
10,8,Wt7SQiAOxco3VrpJ5Gn58rK4pDI=,Iu+8HulSySj/+g7HaFWuwbjslL0=
8,7,Wt7SQiAOxco3VrpJ5Gn58rK4pDI=,Iu+8HulSySj/+g7HaFWuwbjslL0=
9,8,Wt7SQiAOxco3VrpJ5Gn58rK4pDI=,Iu+8HulSySj/+g7HaFWuwbjslL0=
2,6,Wt7SQiAOxco3VrpJ5Gn58rK4pDI=,Iu+8HulSySj/+g7HaFWuwbjslL0=
8,12,Wt7SQiAOxco3VrpJ5Gn58rK4pDI=,Iu+8HulSySj/+g7HaFWuwbjslL0=
10,3,Wt7SQiAOxco3VrpJ5Gn58rK4pDI=,Iu+8HulSySj/+g7HaFWuwbjslL0=
8,8,Wt7SQiAOxco3VrpJ5Gn58rK4pDI=,Iu+8HulSySj/+g7HaFWuwbjslL0=
11,3,Wt7SQiAOxco3VrpJ5Gn58rK4pDI=,Iu+8HulSySj/+g7HaFWuwbjslL0=
6,8,Wt7SQiAOxco3VrpJ5Gn58rK4pDI=,Iu+8HulSySj/+g7HaFWuwbjslL0=
5,8,Wt7SQiAOxco3VrpJ5Gn58rK4pDI=,Iu+8HulSySj/+g7HaFWuwbjslL0=
7,12,Wt7SQiAOxco3VrpJ5Gn58rK4pDI=,Iu+8HulSySj/+g7HaFWuwbjslL0=
7,2,Wt7SQiAOxco3VrpJ5Gn58rK4pDI=,Iu+8HulSySj/+g7HaFWuwbjslL0=
6,12,Wt7SQiAOxco3VrpJ5Gn58rK4pDI=,Iu+8HulSySj/+g7HaFWuwbjslL0=
12,15,Wt7SQiAOxco3VrpJ5Gn58rK4pDI=,Iu+8HulSySj/+g7HaFWuwbjslL0=
11,15,Wt7SQiAOxco3VrpJ5Gn58rK4pDI=,Iu+8HulSySj/+g7HaFWuwbjslL0=
10,15,Wt7SQiAOxco3VrpJ5Gn58rK4pDI=,Iu+8HulSySj/+g7HaFWuwbjslL0=
1,5,Wt7SQiAOxco3VrpJ5Gn58rK4pDI=,Iu+8HulSySj/+g7HaFWuwbjslL0=
6,7,Wt7SQiAOxco3VrpJ5Gn58rK4pDI=,Iu+8HulSySj/+g7HaFWuwbjslL0=
12,3,Wt7SQiAOxco3VrpJ5Gn58rK4pDI=,Iu+8HulSySj/+g7HaFWuwbjslL0=
9,15,Wt7SQiAOxco3VrpJ5Gn58rK4pDI=,Iu+8HulSySj/+g7HaFWuwbjslL0=
5,7,Wt7SQiAOxco3VrpJ5Gn58rK4pDI=,Iu+8HulSySj/+g7HaFWuwbjslL0=
8,15,Wt7SQiAOxco3VrpJ5Gn58rK4pDI=,Iu+8HulSySj/+g7HaFWuwbjslL0=
5,10,Wt7SQiAOxco3VrpJ5Gn58rK4pDI=,Iu+8HulSySj/+g7HaFWuwbjslL0=
4,7,Wt7SQiAOxco3VrpJ5Gn58rK4pDI=,Iu+8HulSySj/+g7HaFWuwbjslL0=
5,12,Wt7SQiAOxco3VrpJ5Gn58rK4pDI=,Iu+8HulSySj/+g7HaFWuwbjslL0=
7,15,Wt7SQiAOxco3VrpJ5Gn58rK4pDI=,Iu+8HulSySj/+g7HaFWuwbjslL0=
6,10,Wt7SQiAOxco3VrpJ5Gn58rK4pDI=,Iu+8HulSySj/+g7HaFWuwbjslL0=
4,12,Wt7SQiAOxco3VrpJ5Gn58rK4pDI=,Iu+8HulSySj/+g7HaFWuwbjslL0=
4,8,Wt7SQiAOxco3VrpJ5Gn58rK4pDI=,Iu+8HulSySj/+g7HaFWuwbjslL0=
3,8,Wt7SQiAOxco3VrpJ5Gn58rK4pDI=,Iu+8HulSySj/+g7HaFWuwbjslL0=
7,10,Wt7SQiAOxco3VrpJ5Gn58rK4pDI=,Iu+8HulSySj/+g7HaFWuwbjslL0=
0,5,Wt7SQiAOxco3VrpJ5Gn58rK4pDI=,Iu+8HulSySj/+g7HaFWuwbjslL0=
3,12,Wt7SQiAOxco3VrpJ5Gn58rK4pDI=,Iu+8HulSySj/+g7HaFWuwbjslL0=
3,7,Wt7SQiAOxco3VrpJ5Gn58rK4pDI=,Iu+8HulSySj/+g7HaFWuwbjslL0=
8,10,Wt7SQiAOxco3VrpJ5Gn58rK4pDI=,Iu+8HulSySj/+g7HaFWuwbjslL0=
6,11,Wt7SQiAOxco3VrpJ5Gn58rK4pDI=,Iu+8HulSySj/+g7HaFWuwbjslL0=
5,11,Wt7SQiAOxco3VrpJ5Gn58rK4pDI=,Iu+8HulSySj/+g7HaFWuwbjslL0=
6,1,Wt7SQiAOxco3VrpJ5Gn58rK4pDI=,Iu+8HulSySj/+g7HaFWuwbjslL0=
9,10,Wt7SQiAOxco3VrpJ5Gn58rK4pDI=,Iu+8HulSySj/+g7HaFWuwbjslL0=
2,12,Wt7SQiAOxco3VrpJ5Gn58rK4pDI=,Iu+8HulSySj/+g7HaFWuwbjslL0=
2,7,Wt7SQiAOxco3VrpJ5Gn58rK4pDI=,Iu+8HulSySj/+g7HaFWuwbjslL0=
2,8,Wt7SQiAOxco3VrpJ5Gn58rK4pDI=,Iu+8HulSySj/+g7HaFWuwbjslL0=
15,4,Wt7SQiAOxco3VrpJ5Gn58rK4pDI=,Iu+8HulSySj/+g7HaFWuwbjslL0=
9,1,Wt7SQiAOxco3VrpJ5Gn58rK4pDI=,Iu+8HulSySj/+g7HaFWuwbjslL0=
12,1,Wt7SQiAOxco3VrpJ5Gn58rK4pDI=,Iu+8HulSySj/+g7HaFWuwbjslL0=
1,8,Wt7SQiAOxco3VrpJ5Gn58rK4pDI=,Iu+8HulSySj/+g7HaFWuwbjslL0=
0,8,Wt7SQiAOxco3VrpJ5Gn58rK4pDI=,Iu+8HulSySj/+g7HaFWuwbjslL0=
3,6,Wt7SQiAOxco3VrpJ5Gn58rK4pDI=,Iu+8HulSySj/+g7HaFWuwbjslL0=
4,11,Wt7SQiAOxco3VrpJ5Gn58rK4pDI=,Iu+8HulSySj/+g7HaFWuwbjslL0=
1,12,Wt7SQiAOxco3VrpJ5Gn58rK4pDI=,Iu+8HulSySj/+g7HaFWuwbjslL0=
3,11,Wt7SQiAOxco3VrpJ5Gn58rK4pDI=,Iu+8HulSySj/+g7HaFWuwbjslL0=
4,6,Wt7SQiAOxco3VrpJ5Gn58rK4pDI=,Iu+8HulSySj/+g7HaFWuwbjslL0=
2,11,Wt7SQiAOxco3VrpJ5Gn58rK4pDI=,Iu+8HulSySj/+g7HaFWuwbjslL0=
6,15,Wt7SQiAOxco3VrpJ5Gn58rK4pDI=,Iu+8HulSySj/+g7HaFWuwbjslL0=
14,4,Wt7SQiAOxco3VrpJ5Gn58rK4pDI=,Iu+8HulSySj/+g7HaFWuwbjslL0=
5,15,Wt7SQiAOxco3VrpJ5Gn58rK4pDI=,Iu+8HulSySj/+g7HaFWuwbjslL0=
10,10,Wt7SQiAOxco3VrpJ5Gn58rK4pDI=,Iu+8HulSySj/+g7HaFWuwbjslL0=
1,11,Wt7SQiAOxco3VrpJ5Gn58rK4pDI=,Iu+8HulSySj/+g7HaFWuwbjslL0=
13,4,Wt7SQiAOxco3VrpJ5Gn58rK4pDI=,Iu+8HulSySj/+g7HaFWuwbjslL0=
0,12,Wt7SQiAOxco3VrpJ5Gn58rK4pDI=,Iu+8HulSySj/+g7HaFWuwbjslL0=
5,1,Wt7SQiAOxco3VrpJ5Gn58rK4pDI=,Iu+8HulSySj/+g7HaFWuwbjslL0=
5,6,Wt7SQiAOxco3VrpJ5Gn58rK4pDI=,Iu+8HulSySj/+g7HaFWuwbjslL0=
4,15,Wt7SQiAOxco3VrpJ5Gn58rK4pDI=,Iu+8HulSySj/+g7HaFWuwbjslL0=
3,15,Wt7SQiAOxco3VrpJ5Gn58rK4pDI=,Iu+8HulSySj/+g7HaFWuwbjslL0=
2,2,Wt7SQiAOxco3VrpJ5Gn58rK4pDI=,Iu+8HulSySj/+g7HaFWuwbjslL0=
4,1,Wt7SQiAOxco3VrpJ5Gn58rK4pDI=,Iu+8HulSySj/+g7HaFWuwbjslL0=
3,0,Wt7SQiAOxco3VrpJ5Gn58rK4pDI=,Iu+8HulSySj/+g7HaFWuwbjslL0=
1,7,Wt7SQiAOxco3VrpJ5Gn58rK4pDI=,Iu+8HulSySj/+g7HaFWuwbjslL0=
11,10,Wt7SQiAOxco3VrpJ5Gn58rK4pDI=,Iu+8HulSySj/+g7HaFWuwbjslL0=
12,4,Wt7SQiAOxco3VrpJ5Gn58rK4pDI=,Iu+8HulSySj/+g7HaFWuwbjslL0=
11,4,Wt7SQiAOxco3VrpJ5Gn58rK4pDI=,Iu+8HulSySj/+g7HaFWuwbjslL0=
10,4,Wt7SQiAOxco3VrpJ5Gn58rK4pDI=,Iu+8HulSySj/+g7HaFWuwbjslL0=
12,10,Wt7SQiAOxco3VrpJ5Gn58rK4pDI=,Iu+8HulSySj/+g7HaFWuwbjslL0=
13,3,Wt7SQiAOxco3VrpJ5Gn58rK4pDI=,Iu+8HulSySj/+g7HaFWuwbjslL0=
13,10,Wt7SQiAOxco3VrpJ5Gn58rK4pDI=,Iu+8HulSySj/+g7HaFWuwbjslL0=
15,0,Wt7SQiAOxco3VrpJ5Gn58rK4pDI=,Iu+8HulSySj/+g7HaFWuwbjslL0=
0,7,Wt7SQiAOxco3VrpJ5Gn58rK4pDI=,Iu+8HulSySj/+g7HaFWuwbjslL0=
2,15,Wt7SQiAOxco3VrpJ5Gn58rK4pDI=,Iu+8HulSySj/+g7HaFWuwbjslL0=
6,6,Wt7SQiAOxco3VrpJ5Gn58rK4pDI=,Iu+8HulSySj/+g7HaFWuwbjslL0=
1,15,Wt7SQiAOxco3VrpJ5Gn58rK4pDI=,Iu+8HulSySj/+g7HaFWuwbjslL0=
9,4,Wt7SQiAOxco3VrpJ5Gn58rK4pDI=,Iu+8HulSySj/+g7HaFWuwbjslL0=
0,15,Wt7SQiAOxco3VrpJ5Gn58rK4pDI=,Iu+8HulSySj/+g7HaFWuwbjslL0=
7,6,Wt7SQiAOxco3VrpJ5Gn58rK4pDI=,Iu+8HulSySj/+g7HaFWuwbjslL0=
14,10,Wt7SQiAOxco3VrpJ5Gn58rK4pDI=,Iu+8HulSySj/+g7HaFWuwbjslL0=
15,14,Wt7SQiAOxco3VrpJ5Gn58rK4pDI=,Iu+8HulSySj/+g7HaFWuwbjslL0=
1,2,Wt7SQiAOxco3VrpJ5Gn58rK4pDI=,Iu+8HulSySj/+g7HaFWuwbjslL0=
14,14,Wt7SQiAOxco3VrpJ5Gn58rK4pDI=,Iu+8HulSySj/+g7HaFWuwbjslL0=
15,10,Wt7SQiAOxco3VrpJ5Gn58rK4pDI=,Iu+8HulSySj/+g7HaFWuwbjslL0=
14,0,Wt7SQiAOxco3VrpJ5Gn58rK4pDI=,Iu+8HulSySj/+g7HaFWuwbjslL0=
13,14,Wt7SQiAOxco3VrpJ5Gn58rK4pDI=,Iu+8HulSySj/+g7HaFWuwbjslL0=
8,4,Wt7SQiAOxco3VrpJ5Gn58rK4pDI=,Iu+8HulSySj/+g7HaFWuwbjslL0=
0,11,Wt7SQiAOxco3VrpJ5Gn58rK4pDI=,Iu+8HulSySj/+g7HaFWuwbjslL0=
13,0,Wt7SQiAOxco3VrpJ5Gn58rK4pDI=,Iu+8HulSySj/+g7HaFWuwbjslL0=
15,6,Wt7SQiAOxco3VrpJ5Gn58rK4pDI=,Iu+8HulSySj/+g7HaFWuwbjslL0=
12,14,Wt7SQiAOxco3VrpJ5Gn58rK4pDI=,Iu+8HulSySj/+g7HaFWuwbjslL0=
8,6,Wt7SQiAOxco3VrpJ5Gn58rK4pDI=,Iu+8HulSySj/+g7HaFWuwbjslL0=
14,3,Wt7SQiAOxco3VrpJ5Gn58rK4pDI=,Iu+8HulSySj/+g7HaFWuwbjslL0=
11,14,Wt7SQiAOxco3VrpJ5Gn58rK4pDI=,Iu+8HulSySj/+g7HaFWuwbjslL0=
9,14,Wt7SQiAOxco3VrpJ5Gn58rK4pDI=,Iu+8HulSySj/+g7HaFWuwbjslL0=
10,14,Wt7SQiAOxco3VrpJ5Gn58rK4pDI=,Iu+8HulSySj/+g7HaFWuwbjslL0=
8,2,Wt7SQiAOxco3VrpJ5Gn58rK4pDI=,Iu+8HulSySj/+g7HaFWuwbjslL0=
12,13,Wt7SQiAOxco3VrpJ5Gn58rK4pDI=,Iu+8HulSySj/+g7HaFWuwbjslL0=
8,14,Wt7SQiAOxco3VrpJ5Gn58rK4pDI=,Iu+8HulSySj/+g7HaFWuwbjslL0=
7,14,Wt7SQiAOxco3VrpJ5Gn58rK4pDI=,Iu+8HulSySj/+g7HaFWuwbjslL0=
13,13,Wt7SQiAOxco3VrpJ5Gn58rK4pDI=,Iu+8HulSySj/+g7HaFWuwbjslL0=
15,3,Wt7SQiAOxco3VrpJ5Gn58rK4pDI=,Iu+8HulSySj/+g7HaFWuwbjslL0=
6,14,Wt7SQiAOxco3VrpJ5Gn58rK4pDI=,Iu+8HulSySj/+g7HaFWuwbjslL0=
11,1,Wt7SQiAOxco3VrpJ5Gn58rK4pDI=,Iu+8HulSySj/+g7HaFWuwbjslL0=
9,2,Wt7SQiAOxco3VrpJ5Gn58rK4pDI=,Iu+8HulSySj/+g7HaFWuwbjslL0=
5,14,Wt7SQiAOxco3VrpJ5Gn58rK4pDI=,Iu+8HulSySj/+g7HaFWuwbjslL0=
0,2,Wt7SQiAOxco3VrpJ5Gn58rK4pDI=,Iu+8HulSySj/+g7HaFWuwbjslL0=
12,0,Wt7SQiAOxco3VrpJ5Gn58rK4pDI=,Iu+8HulSySj/+g7HaFWuwbjslL0=
14,13,Wt7SQiAOxco3VrpJ5Gn58rK4pDI=,Iu+8HulSySj/+g7HaFWuwbjslL0=
11,0,Wt7SQiAOxco3VrpJ5Gn58rK4pDI=,Iu+8HulSySj/+g7HaFWuwbjslL0=
7,4,Wt7SQiAOxco3VrpJ5Gn58rK4pDI=,Iu+8HulSySj/+g7HaFWuwbjslL0=
10,1,Wt7SQiAOxco3VrpJ5Gn58rK4pDI=,Iu+8HulSySj/+g7HaFWuwbjslL0=
4,14,Wt7SQiAOxco3VrpJ5Gn58rK4pDI=,Iu+8HulSySj/+g7HaFWuwbjslL0=
2,14,Wt7SQiAOxco3VrpJ5Gn58rK4pDI=,Iu+8HulSySj/+g7HaFWuwbjslL0=
3,14,Wt7SQiAOxco3VrpJ5Gn58rK4pDI=,Iu+8HulSySj/+g7HaFWuwbjslL0=
0,0,Wt7SQiAOxco3VrpJ5Gn58rK4pDI=,Iu+8HulSySj/+g7HaFWuwbjslL0=
6,4,Wt7SQiAOxco3VrpJ5Gn58rK4pDI=,Iu+8HulSySj/+g7HaFWuwbjslL0=
0,14,Wt7SQiAOxco3VrpJ5Gn58rK4pDI=,Iu+8HulSySj/+g7HaFWuwbjslL0=
14,6,Wt7SQiAOxco3VrpJ5Gn58rK4pDI=,Iu+8HulSySj/+g7HaFWuwbjslL0=
1,14,Wt7SQiAOxco3VrpJ5Gn58rK4pDI=,Iu+8HulSySj/+g7HaFWuwbjslL0=
13,6,Wt7SQiAOxco3VrpJ5Gn58rK4pDI=,Iu+8HulSySj/+g7HaFWuwbjslL0=
12,6,Wt7SQiAOxco3VrpJ5Gn58rK4pDI=,Iu+8HulSySj/+g7HaFWuwbjslL0=
4,0,Wt7SQiAOxco3VrpJ5Gn58rK4pDI=,Iu+8HulSySj/+g7HaFWuwbjslL0=
15,13,Wt7SQiAOxco3VrpJ5Gn58rK4pDI=,Iu+8HulSySj/+g7HaFWuwbjslL0=
10,0,Wt7SQiAOxco3VrpJ5Gn58rK4pDI=,Iu+8HulSySj/+g7HaFWuwbjslL0=
0,4,Wt7SQiAOxco3VrpJ5Gn58rK4pDI=,Iu+8HulSySj/+g7HaFWuwbjslL0=
10,6,Wt7SQiAOxco3VrpJ5Gn58rK4pDI=,Iu+8HulSySj/+g7HaFWuwbjslL0=
2,0,Wt7SQiAOxco3VrpJ5Gn58rK4pDI=,Iu+8HulSySj/+g7HaFWuwbjslL0=
5,4,Wt7SQiAOxco3VrpJ5Gn58rK4pDI=,Iu+8HulSySj/+g7HaFWuwbjslL0=
1,4,Wt7SQiAOxco3VrpJ5Gn58rK4pDI=,Iu+8HulSySj/+g7HaFWuwbjslL0=
4,4,Wt7SQiAOxco3VrpJ5Gn58rK4pDI=,Iu+8HulSySj/+g7HaFWuwbjslL0=
1,0,Wt7SQiAOxco3VrpJ5Gn58rK4pDI=,Iu+8HulSySj/+g7HaFWuwbjslL0=
3,4,Wt7SQiAOxco3VrpJ5Gn58rK4pDI=,Iu+8HulSySj/+g7HaFWuwbjslL0=
5,0,Wt7SQiAOxco3VrpJ5Gn58rK4pDI=,Iu+8HulSySj/+g7HaFWuwbjslL0=
9,0,Wt7SQiAOxco3VrpJ5Gn58rK4pDI=,Iu+8HulSySj/+g7HaFWuwbjslL0=
8,0,Wt7SQiAOxco3VrpJ5Gn58rK4pDI=,Iu+8HulSySj/+g7HaFWuwbjslL0=
9,6,Wt7SQiAOxco3VrpJ5Gn58rK4pDI=,Iu+8HulSySj/+g7HaFWuwbjslL0=
6,0,Wt7SQiAOxco3VrpJ5Gn58rK4pDI=,Iu+8HulSySj/+g7HaFWuwbjslL0=
7,8,Wt7SQiAOxco3VrpJ5Gn58rK4pDI=,Iu+8HulSySj/+g7HaFWuwbjslL0=
7,0,Wt7SQiAOxco3VrpJ5Gn58rK4pDI=,Iu+8HulSySj/+g7HaFWuwbjslL0=
2,4,Wt7SQiAOxco3VrpJ5Gn58rK4pDI=,Iu+8HulSySj/+g7HaFWuwbjslL0=
11,6,Wt7SQiAOxco3VrpJ5Gn58rK4pDI=,Iu+8HulSySj/+g7HaFWuwbjslL0=
7,7,Wt7SQiAOxco3VrpJ5Gn58rK4pDI=,Iu+8HulSySj/+g7HaFWuwbjslL0=
9,12,Wt7SQiAOxco3VrpJ5Gn58rK4pDI=,Iu+8HulSySj/+g7HaFWuwbjslL0=
13,7,Wt7SQiAOxco3VrpJ5Gn58rK4pDI=,Iu+8HulSySj/+g7HaFWuwbjslL0=
11,19,Wt7SQiAOxco3VrpJ5Gn58rK4pDI=,cpz7vPd6XEyXI4jn8tjGZsjyZ1w=
15,31,Wt7SQiAOxco3VrpJ5Gn58rK4pDI=,cpz7vPd6XEyXI4jn8tjGZsjyZ1w=
14,31,Wt7SQiAOxco3VrpJ5Gn58rK4pDI=,cpz7vPd6XEyXI4jn8tjGZsjyZ1w=
13,31,Wt7SQiAOxco3VrpJ5Gn58rK4pDI=,cpz7vPd6XEyXI4jn8tjGZsjyZ1w=
11,31,Wt7SQiAOxco3VrpJ5Gn58rK4pDI=,cpz7vPd6XEyXI4jn8tjGZsjyZ1w=
12,31,Wt7SQiAOxco3VrpJ5Gn58rK4pDI=,cpz7vPd6XEyXI4jn8tjGZsjyZ1w=
10,31,Wt7SQiAOxco3VrpJ5Gn58rK4pDI=,cpz7vPd6XEyXI4jn8tjGZsjyZ1w=
8,31,Wt7SQiAOxco3VrpJ5Gn58rK4pDI=,cpz7vPd6XEyXI4jn8tjGZsjyZ1w=
10,19,Wt7SQiAOxco3VrpJ5Gn58rK4pDI=,cpz7vPd6XEyXI4jn8tjGZsjyZ1w=
7,31,Wt7SQiAOxco3VrpJ5Gn58rK4pDI=,cpz7vPd6XEyXI4jn8tjGZsjyZ1w=
6,31,Wt7SQiAOxco3VrpJ5Gn58rK4pDI=,cpz7vPd6XEyXI4jn8tjGZsjyZ1w=
5,31,Wt7SQiAOxco3VrpJ5Gn58rK4pDI=,cpz7vPd6XEyXI4jn8tjGZsjyZ1w=
12,19,Wt7SQiAOxco3VrpJ5Gn58rK4pDI=,cpz7vPd6XEyXI4jn8tjGZsjyZ1w=
3,31,Wt7SQiAOxco3VrpJ5Gn58rK4pDI=,cpz7vPd6XEyXI4jn8tjGZsjyZ1w=
9,31,Wt7SQiAOxco3VrpJ5Gn58rK4pDI=,cpz7vPd6XEyXI4jn8tjGZsjyZ1w=
13,19,Wt7SQiAOxco3VrpJ5Gn58rK4pDI=,cpz7vPd6XEyXI4jn8tjGZsjyZ1w=
2,31,Wt7SQiAOxco3VrpJ5Gn58rK4pDI=,cpz7vPd6XEyXI4jn8tjGZsjyZ1w=
1,31,Wt7SQiAOxco3VrpJ5Gn58rK4pDI=,cpz7vPd6XEyXI4jn8tjGZsjyZ1w=
4,31,Wt7SQiAOxco3VrpJ5Gn58rK4pDI=,cpz7vPd6XEyXI4jn8tjGZsjyZ1w=
0,31,Wt7SQiAOxco3VrpJ5Gn58rK4pDI=,cpz7vPd6XEyXI4jn8tjGZsjyZ1w=
14,30,Wt7SQiAOxco3VrpJ5Gn58rK4pDI=,cpz7vPd6XEyXI4jn8tjGZsjyZ1w=
13,30,Wt7SQiAOxco3VrpJ5Gn58rK4pDI=,cpz7vPd6XEyXI4jn8tjGZsjyZ1w=
12,30,Wt7SQiAOxco3VrpJ5Gn58rK4pDI=,cpz7vPd6XEyXI4jn8tjGZsjyZ1w=
11,30,Wt7SQiAOxco3VrpJ5Gn58rK4pDI=,cpz7vPd6XEyXI4jn8tjGZsjyZ1w=
10,30,Wt7SQiAOxco3VrpJ5Gn58rK4pDI=,cpz7vPd6XEyXI4jn8tjGZsjyZ1w=
15,30,Wt7SQiAOxco3VrpJ5Gn58rK4pDI=,cpz7vPd6XEyXI4jn8tjGZsjyZ1w=
9,30,Wt7SQiAOxco3VrpJ5Gn58rK4pDI=,cpz7vPd6XEyXI4jn8tjGZsjyZ1w=
8,30,Wt7SQiAOxco3VrpJ5Gn58rK4pDI=,cpz7vPd6XEyXI4jn8tjGZsjyZ1w=
7,30,Wt7SQiAOxco3VrpJ5Gn58rK4pDI=,cpz7vPd6XEyXI4jn8tjGZsjyZ1w=
6,30,Wt7SQiAOxco3VrpJ5Gn58rK4pDI=,cpz7vPd6XEyXI4jn8tjGZsjyZ1w=
5,30,Wt7SQiAOxco3VrpJ5Gn58rK4pDI=,cpz7vPd6XEyXI4jn8tjGZsjyZ1w=
4,30,Wt7SQiAOxco3VrpJ5Gn58rK4pDI=,cpz7vPd6XEyXI4jn8tjGZsjyZ1w=
3,30,Wt7SQiAOxco3VrpJ5Gn58rK4pDI=,cpz7vPd6XEyXI4jn8tjGZsjyZ1w=
2,30,Wt7SQiAOxco3VrpJ5Gn58rK4pDI=,cpz7vPd6XEyXI4jn8tjGZsjyZ1w=
1,30,Wt7SQiAOxco3VrpJ5Gn58rK4pDI=,cpz7vPd6XEyXI4jn8tjGZsjyZ1w=
0,30,Wt7SQiAOxco3VrpJ5Gn58rK4pDI=,cpz7vPd6XEyXI4jn8tjGZsjyZ1w=
15,29,Wt7SQiAOxco3VrpJ5Gn58rK4pDI=,cpz7vPd6XEyXI4jn8tjGZsjyZ1w=
14,29,Wt7SQiAOxco3VrpJ5Gn58rK4pDI=,cpz7vPd6XEyXI4jn8tjGZsjyZ1w=
12,29,Wt7SQiAOxco3VrpJ5Gn58rK4pDI=,cpz7vPd6XEyXI4jn8tjGZsjyZ1w=
13,29,Wt7SQiAOxco3VrpJ5Gn58rK4pDI=,cpz7vPd6XEyXI4jn8tjGZsjyZ1w=
11,29,Wt7SQiAOxco3VrpJ5Gn58rK4pDI=,cpz7vPd6XEyXI4jn8tjGZsjyZ1w=
15,17,Wt7SQiAOxco3VrpJ5Gn58rK4pDI=,cpz7vPd6XEyXI4jn8tjGZsjyZ1w=
10,29,Wt7SQiAOxco3VrpJ5Gn58rK4pDI=,cpz7vPd6XEyXI4jn8tjGZsjyZ1w=
9,29,Wt7SQiAOxco3VrpJ5Gn58rK4pDI=,cpz7vPd6XEyXI4jn8tjGZsjyZ1w=
8,29,Wt7SQiAOxco3VrpJ5Gn58rK4pDI=,cpz7vPd6XEyXI4jn8tjGZsjyZ1w=
7,29,Wt7SQiAOxco3VrpJ5Gn58rK4pDI=,cpz7vPd6XEyXI4jn8tjGZsjyZ1w=
9,19,Wt7SQiAOxco3VrpJ5Gn58rK4pDI=,cpz7vPd6XEyXI4jn8tjGZsjyZ1w=
6,29,Wt7SQiAOxco3VrpJ5Gn58rK4pDI=,cpz7vPd6XEyXI4jn8tjGZsjyZ1w=
5,29,Wt7SQiAOxco3VrpJ5Gn58rK4pDI=,cpz7vPd6XEyXI4jn8tjGZsjyZ1w=
14,17,Wt7SQiAOxco3VrpJ5Gn58rK4pDI=,cpz7vPd6XEyXI4jn8tjGZsjyZ1w=
13,18,Wt7SQiAOxco3VrpJ5Gn58rK4pDI=,cpz7vPd6XEyXI4jn8tjGZsjyZ1w=
4,29,Wt7SQiAOxco3VrpJ5Gn58rK4pDI=,cpz7vPd6XEyXI4jn8tjGZsjyZ1w=
3,29,Wt7SQiAOxco3VrpJ5Gn58rK4pDI=,cpz7vPd6XEyXI4jn8tjGZsjyZ1w=
2,29,Wt7SQiAOxco3VrpJ5Gn58rK4pDI=,cpz7vPd6XEyXI4jn8tjGZsjyZ1w=
8,19,Wt7SQiAOxco3VrpJ5Gn58rK4pDI=,cpz7vPd6XEyXI4jn8tjGZsjyZ1w=
1,29,Wt7SQiAOxco3VrpJ5Gn58rK4pDI=,cpz7vPd6XEyXI4jn8tjGZsjyZ1w=
0,29,Wt7SQiAOxco3VrpJ5Gn58rK4pDI=,cpz7vPd6XEyXI4jn8tjGZsjyZ1w=
15,28,Wt7SQiAOxco3VrpJ5Gn58rK4pDI=,cpz7vPd6XEyXI4jn8tjGZsjyZ1w=
14,28,Wt7SQiAOxco3VrpJ5Gn58rK4pDI=,cpz7vPd6XEyXI4jn8tjGZsjyZ1w=
13,28,Wt7SQiAOxco3VrpJ5Gn58rK4pDI=,cpz7vPd6XEyXI4jn8tjGZsjyZ1w=
12,28,Wt7SQiAOxco3VrpJ5Gn58rK4pDI=,cpz7vPd6XEyXI4jn8tjGZsjyZ1w=
11,28,Wt7SQiAOxco3VrpJ5Gn58rK4pDI=,cpz7vPd6XEyXI4jn8tjGZsjyZ1w=
10,28,Wt7SQiAOxco3VrpJ5Gn58rK4pDI=,cpz7vPd6XEyXI4jn8tjGZsjyZ1w=
12,18,Wt7SQiAOxco3VrpJ5Gn58rK4pDI=,cpz7vPd6XEyXI4jn8tjGZsjyZ1w=
9,28,Wt7SQiAOxco3VrpJ5Gn58rK4pDI=,cpz7vPd6XEyXI4jn8tjGZsjyZ1w=
8,28,Wt7SQiAOxco3VrpJ5Gn58rK4pDI=,cpz7vPd6XEyXI4jn8tjGZsjyZ1w=
7,28,Wt7SQiAOxco3VrpJ5Gn58rK4pDI=,cpz7vPd6XEyXI4jn8tjGZsjyZ1w=
5,28,Wt7SQiAOxco3VrpJ5Gn58rK4pDI=,cpz7vPd6XEyXI4jn8tjGZsjyZ1w=
6,28,Wt7SQiAOxco3VrpJ5Gn58rK4pDI=,cpz7vPd6XEyXI4jn8tjGZsjyZ1w=
4,28,Wt7SQiAOxco3VrpJ5Gn58rK4pDI=,cpz7vPd6XEyXI4jn8tjGZsjyZ1w=
3,28,Wt7SQiAOxco3VrpJ5Gn58rK4pDI=,cpz7vPd6XEyXI4jn8tjGZsjyZ1w=
2,28,Wt7SQiAOxco3VrpJ5Gn58rK4pDI=,cpz7vPd6XEyXI4jn8tjGZsjyZ1w=
1,28,Wt7SQiAOxco3VrpJ5Gn58rK4pDI=,cpz7vPd6XEyXI4jn8tjGZsjyZ1w=
0,28,Wt7SQiAOxco3VrpJ5Gn58rK4pDI=,cpz7vPd6XEyXI4jn8tjGZsjyZ1w=
15,27,Wt7SQiAOxco3VrpJ5Gn58rK4pDI=,cpz7vPd6XEyXI4jn8tjGZsjyZ1w=
14,27,Wt7SQiAOxco3VrpJ5Gn58rK4pDI=,cpz7vPd6XEyXI4jn8tjGZsjyZ1w=
13,27,Wt7SQiAOxco3VrpJ5Gn58rK4pDI=,cpz7vPd6XEyXI4jn8tjGZsjyZ1w=
12,27,Wt7SQiAOxco3VrpJ5Gn58rK4pDI=,cpz7vPd6XEyXI4jn8tjGZsjyZ1w=
11,27,Wt7SQiAOxco3VrpJ5Gn58rK4pDI=,cpz7vPd6XEyXI4jn8tjGZsjyZ1w=
10,27,Wt7SQiAOxco3VrpJ5Gn58rK4pDI=,cpz7vPd6XEyXI4jn8tjGZsjyZ1w=
9,27,Wt7SQiAOxco3VrpJ5Gn58rK4pDI=,cpz7vPd6XEyXI4jn8tjGZsjyZ1w=
8,27,Wt7SQiAOxco3VrpJ5Gn58rK4pDI=,cpz7vPd6XEyXI4jn8tjGZsjyZ1w=
7,27,Wt7SQiAOxco3VrpJ5Gn58rK4pDI=,cpz7vPd6XEyXI4jn8tjGZsjyZ1w=
5,27,Wt7SQiAOxco3VrpJ5Gn58rK4pDI=,cpz7vPd6XEyXI4jn8tjGZsjyZ1w=
6,27,Wt7SQiAOxco3VrpJ5Gn58rK4pDI=,cpz7vPd6XEyXI4jn8tjGZsjyZ1w=
4,27,Wt7SQiAOxco3VrpJ5Gn58rK4pDI=,cpz7vPd6XEyXI4jn8tjGZsjyZ1w=
11,18,Wt7SQiAOxco3VrpJ5Gn58rK4pDI=,cpz7vPd6XEyXI4jn8tjGZsjyZ1w=
10,18,Wt7SQiAOxco3VrpJ5Gn58rK4pDI=,cpz7vPd6XEyXI4jn8tjGZsjyZ1w=
9,18,Wt7SQiAOxco3VrpJ5Gn58rK4pDI=,cpz7vPd6XEyXI4jn8tjGZsjyZ1w=
3,27,Wt7SQiAOxco3VrpJ5Gn58rK4pDI=,cpz7vPd6XEyXI4jn8tjGZsjyZ1w=
8,18,Wt7SQiAOxco3VrpJ5Gn58rK4pDI=,cpz7vPd6XEyXI4jn8tjGZsjyZ1w=
7,18,Wt7SQiAOxco3VrpJ5Gn58rK4pDI=,cpz7vPd6XEyXI4jn8tjGZsjyZ1w=
6,18,Wt7SQiAOxco3VrpJ5Gn58rK4pDI=,cpz7vPd6XEyXI4jn8tjGZsjyZ1w=
2,27,Wt7SQiAOxco3VrpJ5Gn58rK4pDI=,cpz7vPd6XEyXI4jn8tjGZsjyZ1w=
1,27,Wt7SQiAOxco3VrpJ5Gn58rK4pDI=,cpz7vPd6XEyXI4jn8tjGZsjyZ1w=
0,27,Wt7SQiAOxco3VrpJ5Gn58rK4pDI=,cpz7vPd6XEyXI4jn8tjGZsjyZ1w=
15,26,Wt7SQiAOxco3VrpJ5Gn58rK4pDI=,cpz7vPd6XEyXI4jn8tjGZsjyZ1w=
14,26,Wt7SQiAOxco3VrpJ5Gn58rK4pDI=,cpz7vPd6XEyXI4jn8tjGZsjyZ1w=
13,17,Wt7SQiAOxco3VrpJ5Gn58rK4pDI=,cpz7vPd6XEyXI4jn8tjGZsjyZ1w=
13,26,Wt7SQiAOxco3VrpJ5Gn58rK4pDI=,cpz7vPd6XEyXI4jn8tjGZsjyZ1w=
12,26,Wt7SQiAOxco3VrpJ5Gn58rK4pDI=,cpz7vPd6XEyXI4jn8tjGZsjyZ1w=
11,26,Wt7SQiAOxco3VrpJ5Gn58rK4pDI=,cpz7vPd6XEyXI4jn8tjGZsjyZ1w=
9,26,Wt7SQiAOxco3VrpJ5Gn58rK4pDI=,cpz7vPd6XEyXI4jn8tjGZsjyZ1w=
10,26,Wt7SQiAOxco3VrpJ5Gn58rK4pDI=,cpz7vPd6XEyXI4jn8tjGZsjyZ1w=
8,26,Wt7SQiAOxco3VrpJ5Gn58rK4pDI=,cpz7vPd6XEyXI4jn8tjGZsjyZ1w=
7,26,Wt7SQiAOxco3VrpJ5Gn58rK4pDI=,cpz7vPd6XEyXI4jn8tjGZsjyZ1w=
6,26,Wt7SQiAOxco3VrpJ5Gn58rK4pDI=,cpz7vPd6XEyXI4jn8tjGZsjyZ1w=
5,26,Wt7SQiAOxco3VrpJ5Gn58rK4pDI=,cpz7vPd6XEyXI4jn8tjGZsjyZ1w=
4,26,Wt7SQiAOxco3VrpJ5Gn58rK4pDI=,cpz7vPd6XEyXI4jn8tjGZsjyZ1w=
7,19,Wt7SQiAOxco3VrpJ5Gn58rK4pDI=,cpz7vPd6XEyXI4jn8tjGZsjyZ1w=
12,17,Wt7SQiAOxco3VrpJ5Gn58rK4pDI=,cpz7vPd6XEyXI4jn8tjGZsjyZ1w=
3,26,Wt7SQiAOxco3VrpJ5Gn58rK4pDI=,cpz7vPd6XEyXI4jn8tjGZsjyZ1w=
2,26,Wt7SQiAOxco3VrpJ5Gn58rK4pDI=,cpz7vPd6XEyXI4jn8tjGZsjyZ1w=
1,26,Wt7SQiAOxco3VrpJ5Gn58rK4pDI=,cpz7vPd6XEyXI4jn8tjGZsjyZ1w=
0,26,Wt7SQiAOxco3VrpJ5Gn58rK4pDI=,cpz7vPd6XEyXI4jn8tjGZsjyZ1w=
5,18,Wt7SQiAOxco3VrpJ5Gn58rK4pDI=,cpz7vPd6XEyXI4jn8tjGZsjyZ1w=
15,25,Wt7SQiAOxco3VrpJ5Gn58rK4pDI=,cpz7vPd6XEyXI4jn8tjGZsjyZ1w=
14,25,Wt7SQiAOxco3VrpJ5Gn58rK4pDI=,cpz7vPd6XEyXI4jn8tjGZsjyZ1w=
11,17,Wt7SQiAOxco3VrpJ5Gn58rK4pDI=,cpz7vPd6XEyXI4jn8tjGZsjyZ1w=
13,25,Wt7SQiAOxco3VrpJ5Gn58rK4pDI=,cpz7vPd6XEyXI4jn8tjGZsjyZ1w=
12,25,Wt7SQiAOxco3VrpJ5Gn58rK4pDI=,cpz7vPd6XEyXI4jn8tjGZsjyZ1w=
3,16,Wt7SQiAOxco3VrpJ5Gn58rK4pDI=,cpz7vPd6XEyXI4jn8tjGZsjyZ1w=
11,25,Wt7SQiAOxco3VrpJ5Gn58rK4pDI=,cpz7vPd6XEyXI4jn8tjGZsjyZ1w=
3,18,Wt7SQiAOxco3VrpJ5Gn58rK4pDI=,cpz7vPd6XEyXI4jn8tjGZsjyZ1w=
10,25,Wt7SQiAOxco3VrpJ5Gn58rK4pDI=,cpz7vPd6XEyXI4jn8tjGZsjyZ1w=
2,18,Wt7SQiAOxco3VrpJ5Gn58rK4pDI=,cpz7vPd6XEyXI4jn8tjGZsjyZ1w=
9,25,Wt7SQiAOxco3VrpJ5Gn58rK4pDI=,cpz7vPd6XEyXI4jn8tjGZsjyZ1w=
7,25,Wt7SQiAOxco3VrpJ5Gn58rK4pDI=,cpz7vPd6XEyXI4jn8tjGZsjyZ1w=
8,25,Wt7SQiAOxco3VrpJ5Gn58rK4pDI=,cpz7vPd6XEyXI4jn8tjGZsjyZ1w=
10,17,Wt7SQiAOxco3VrpJ5Gn58rK4pDI=,cpz7vPd6XEyXI4jn8tjGZsjyZ1w=
4,18,Wt7SQiAOxco3VrpJ5Gn58rK4pDI=,cpz7vPd6XEyXI4jn8tjGZsjyZ1w=
1,17,Wt7SQiAOxco3VrpJ5Gn58rK4pDI=,cpz7vPd6XEyXI4jn8tjGZsjyZ1w=
6,25,Wt7SQiAOxco3VrpJ5Gn58rK4pDI=,cpz7vPd6XEyXI4jn8tjGZsjyZ1w=
0,18,Wt7SQiAOxco3VrpJ5Gn58rK4pDI=,cpz7vPd6XEyXI4jn8tjGZsjyZ1w=
5,25,Wt7SQiAOxco3VrpJ5Gn58rK4pDI=,cpz7vPd6XEyXI4jn8tjGZsjyZ1w=
6,19,Wt7SQiAOxco3VrpJ5Gn58rK4pDI=,cpz7vPd6XEyXI4jn8tjGZsjyZ1w=
4,25,Wt7SQiAOxco3VrpJ5Gn58rK4pDI=,cpz7vPd6XEyXI4jn8tjGZsjyZ1w=
1,18,Wt7SQiAOxco3VrpJ5Gn58rK4pDI=,cpz7vPd6XEyXI4jn8tjGZsjyZ1w=
3,25,Wt7SQiAOxco3VrpJ5Gn58rK4pDI=,cpz7vPd6XEyXI4jn8tjGZsjyZ1w=
2,25,Wt7SQiAOxco3VrpJ5Gn58rK4pDI=,cpz7vPd6XEyXI4jn8tjGZsjyZ1w=
1,25,Wt7SQiAOxco3VrpJ5Gn58rK4pDI=,cpz7vPd6XEyXI4jn8tjGZsjyZ1w=
15,16,Wt7SQiAOxco3VrpJ5Gn58rK4pDI=,cpz7vPd6XEyXI4jn8tjGZsjyZ1w=
0,25,Wt7SQiAOxco3VrpJ5Gn58rK4pDI=,cpz7vPd6XEyXI4jn8tjGZsjyZ1w=
5,19,Wt7SQiAOxco3VrpJ5Gn58rK4pDI=,cpz7vPd6XEyXI4jn8tjGZsjyZ1w=
15,24,Wt7SQiAOxco3VrpJ5Gn58rK4pDI=,cpz7vPd6XEyXI4jn8tjGZsjyZ1w=
14,24,Wt7SQiAOxco3VrpJ5Gn58rK4pDI=,cpz7vPd6XEyXI4jn8tjGZsjyZ1w=
13,24,Wt7SQiAOxco3VrpJ5Gn58rK4pDI=,cpz7vPd6XEyXI4jn8tjGZsjyZ1w=
11,24,Wt7SQiAOxco3VrpJ5Gn58rK4pDI=,cpz7vPd6XEyXI4jn8tjGZsjyZ1w=
10,24,Wt7SQiAOxco3VrpJ5Gn58rK4pDI=,cpz7vPd6XEyXI4jn8tjGZsjyZ1w=
12,24,Wt7SQiAOxco3VrpJ5Gn58rK4pDI=,cpz7vPd6XEyXI4jn8tjGZsjyZ1w=
9,24,Wt7SQiAOxco3VrpJ5Gn58rK4pDI=,cpz7vPd6XEyXI4jn8tjGZsjyZ1w=
8,24,Wt7SQiAOxco3VrpJ5Gn58rK4pDI=,cpz7vPd6XEyXI4jn8tjGZsjyZ1w=
14,16,Wt7SQiAOxco3VrpJ5Gn58rK4pDI=,cpz7vPd6XEyXI4jn8tjGZsjyZ1w=
13,16,Wt7SQiAOxco3VrpJ5Gn58rK4pDI=,cpz7vPd6XEyXI4jn8tjGZsjyZ1w=
7,24,Wt7SQiAOxco3VrpJ5Gn58rK4pDI=,cpz7vPd6XEyXI4jn8tjGZsjyZ1w=
6,24,Wt7SQiAOxco3VrpJ5Gn58rK4pDI=,cpz7vPd6XEyXI4jn8tjGZsjyZ1w=
5,24,Wt7SQiAOxco3VrpJ5Gn58rK4pDI=,cpz7vPd6XEyXI4jn8tjGZsjyZ1w=
4,24,Wt7SQiAOxco3VrpJ5Gn58rK4pDI=,cpz7vPd6XEyXI4jn8tjGZsjyZ1w=
3,24,Wt7SQiAOxco3VrpJ5Gn58rK4pDI=,cpz7vPd6XEyXI4jn8tjGZsjyZ1w=
2,24,Wt7SQiAOxco3VrpJ5Gn58rK4pDI=,cpz7vPd6XEyXI4jn8tjGZsjyZ1w=
9,17,Wt7SQiAOxco3VrpJ5Gn58rK4pDI=,cpz7vPd6XEyXI4jn8tjGZsjyZ1w=
2,16,Wt7SQiAOxco3VrpJ5Gn58rK4pDI=,cpz7vPd6XEyXI4jn8tjGZsjyZ1w=
1,24,Wt7SQiAOxco3VrpJ5Gn58rK4pDI=,cpz7vPd6XEyXI4jn8tjGZsjyZ1w=
12,16,Wt7SQiAOxco3VrpJ5Gn58rK4pDI=,cpz7vPd6XEyXI4jn8tjGZsjyZ1w=
0,24,Wt7SQiAOxco3VrpJ5Gn58rK4pDI=,cpz7vPd6XEyXI4jn8tjGZsjyZ1w=
15,23,Wt7SQiAOxco3VrpJ5Gn58rK4pDI=,cpz7vPd6XEyXI4jn8tjGZsjyZ1w=
14,23,Wt7SQiAOxco3VrpJ5Gn58rK4pDI=,cpz7vPd6XEyXI4jn8tjGZsjyZ1w=
13,23,Wt7SQiAOxco3VrpJ5Gn58rK4pDI=,cpz7vPd6XEyXI4jn8tjGZsjyZ1w=
11,16,Wt7SQiAOxco3VrpJ5Gn58rK4pDI=,cpz7vPd6XEyXI4jn8tjGZsjyZ1w=
12,23,Wt7SQiAOxco3VrpJ5Gn58rK4pDI=,cpz7vPd6XEyXI4jn8tjGZsjyZ1w=
11,23,Wt7SQiAOxco3VrpJ5Gn58rK4pDI=,cpz7vPd6XEyXI4jn8tjGZsjyZ1w=
10,23,Wt7SQiAOxco3VrpJ5Gn58rK4pDI=,cpz7vPd6XEyXI4jn8tjGZsjyZ1w=
10,16,Wt7SQiAOxco3VrpJ5Gn58rK4pDI=,cpz7vPd6XEyXI4jn8tjGZsjyZ1w=
9,16,Wt7SQiAOxco3VrpJ5Gn58rK4pDI=,cpz7vPd6XEyXI4jn8tjGZsjyZ1w=
9,23,Wt7SQiAOxco3VrpJ5Gn58rK4pDI=,cpz7vPd6XEyXI4jn8tjGZsjyZ1w=
8,16,Wt7SQiAOxco3VrpJ5Gn58rK4pDI=,cpz7vPd6XEyXI4jn8tjGZsjyZ1w=
7,16,Wt7SQiAOxco3VrpJ5Gn58rK4pDI=,cpz7vPd6XEyXI4jn8tjGZsjyZ1w=
8,23,Wt7SQiAOxco3VrpJ5Gn58rK4pDI=,cpz7vPd6XEyXI4jn8tjGZsjyZ1w=
1,16,Wt7SQiAOxco3VrpJ5Gn58rK4pDI=,cpz7vPd6XEyXI4jn8tjGZsjyZ1w=
6,16,Wt7SQiAOxco3VrpJ5Gn58rK4pDI=,cpz7vPd6XEyXI4jn8tjGZsjyZ1w=
5,16,Wt7SQiAOxco3VrpJ5Gn58rK4pDI=,cpz7vPd6XEyXI4jn8tjGZsjyZ1w=
7,23,Wt7SQiAOxco3VrpJ5Gn58rK4pDI=,cpz7vPd6XEyXI4jn8tjGZsjyZ1w=
4,19,Wt7SQiAOxco3VrpJ5Gn58rK4pDI=,cpz7vPd6XEyXI4jn8tjGZsjyZ1w=
8,17,Wt7SQiAOxco3VrpJ5Gn58rK4pDI=,cpz7vPd6XEyXI4jn8tjGZsjyZ1w=
6,23,Wt7SQiAOxco3VrpJ5Gn58rK4pDI=,cpz7vPd6XEyXI4jn8tjGZsjyZ1w=
5,23,Wt7SQiAOxco3VrpJ5Gn58rK4pDI=,cpz7vPd6XEyXI4jn8tjGZsjyZ1w=
7,17,Wt7SQiAOxco3VrpJ5Gn58rK4pDI=,cpz7vPd6XEyXI4jn8tjGZsjyZ1w=
0,17,Wt7SQiAOxco3VrpJ5Gn58rK4pDI=,cpz7vPd6XEyXI4jn8tjGZsjyZ1w=
4,23,Wt7SQiAOxco3VrpJ5Gn58rK4pDI=,cpz7vPd6XEyXI4jn8tjGZsjyZ1w=
3,23,Wt7SQiAOxco3VrpJ5Gn58rK4pDI=,cpz7vPd6XEyXI4jn8tjGZsjyZ1w=
2,23,Wt7SQiAOxco3VrpJ5Gn58rK4pDI=,cpz7vPd6XEyXI4jn8tjGZsjyZ1w=
1,23,Wt7SQiAOxco3VrpJ5Gn58rK4pDI=,cpz7vPd6XEyXI4jn8tjGZsjyZ1w=
0,23,Wt7SQiAOxco3VrpJ5Gn58rK4pDI=,cpz7vPd6XEyXI4jn8tjGZsjyZ1w=
6,17,Wt7SQiAOxco3VrpJ5Gn58rK4pDI=,cpz7vPd6XEyXI4jn8tjGZsjyZ1w=
0,16,Wt7SQiAOxco3VrpJ5Gn58rK4pDI=,cpz7vPd6XEyXI4jn8tjGZsjyZ1w=
3,19,Wt7SQiAOxco3VrpJ5Gn58rK4pDI=,cpz7vPd6XEyXI4jn8tjGZsjyZ1w=
15,22,Wt7SQiAOxco3VrpJ5Gn58rK4pDI=,cpz7vPd6XEyXI4jn8tjGZsjyZ1w=
13,22,Wt7SQiAOxco3VrpJ5Gn58rK4pDI=,cpz7vPd6XEyXI4jn8tjGZsjyZ1w=
14,22,Wt7SQiAOxco3VrpJ5Gn58rK4pDI=,cpz7vPd6XEyXI4jn8tjGZsjyZ1w=
12,22,Wt7SQiAOxco3VrpJ5Gn58rK4pDI=,cpz7vPd6XEyXI4jn8tjGZsjyZ1w=
11,22,Wt7SQiAOxco3VrpJ5Gn58rK4pDI=,cpz7vPd6XEyXI4jn8tjGZsjyZ1w=
10,22,Wt7SQiAOxco3VrpJ5Gn58rK4pDI=,cpz7vPd6XEyXI4jn8tjGZsjyZ1w=
9,22,Wt7SQiAOxco3VrpJ5Gn58rK4pDI=,cpz7vPd6XEyXI4jn8tjGZsjyZ1w=
7,22,Wt7SQiAOxco3VrpJ5Gn58rK4pDI=,cpz7vPd6XEyXI4jn8tjGZsjyZ1w=
6,22,Wt7SQiAOxco3VrpJ5Gn58rK4pDI=,cpz7vPd6XEyXI4jn8tjGZsjyZ1w=
8,22,Wt7SQiAOxco3VrpJ5Gn58rK4pDI=,cpz7vPd6XEyXI4jn8tjGZsjyZ1w=
5,22,Wt7SQiAOxco3VrpJ5Gn58rK4pDI=,cpz7vPd6XEyXI4jn8tjGZsjyZ1w=
3,22,Wt7SQiAOxco3VrpJ5Gn58rK4pDI=,cpz7vPd6XEyXI4jn8tjGZsjyZ1w=
4,22,Wt7SQiAOxco3VrpJ5Gn58rK4pDI=,cpz7vPd6XEyXI4jn8tjGZsjyZ1w=
2,22,Wt7SQiAOxco3VrpJ5Gn58rK4pDI=,cpz7vPd6XEyXI4jn8tjGZsjyZ1w=
1,22,Wt7SQiAOxco3VrpJ5Gn58rK4pDI=,cpz7vPd6XEyXI4jn8tjGZsjyZ1w=
0,22,Wt7SQiAOxco3VrpJ5Gn58rK4pDI=,cpz7vPd6XEyXI4jn8tjGZsjyZ1w=
15,21,Wt7SQiAOxco3VrpJ5Gn58rK4pDI=,cpz7vPd6XEyXI4jn8tjGZsjyZ1w=
14,21,Wt7SQiAOxco3VrpJ5Gn58rK4pDI=,cpz7vPd6XEyXI4jn8tjGZsjyZ1w=
13,21,Wt7SQiAOxco3VrpJ5Gn58rK4pDI=,cpz7vPd6XEyXI4jn8tjGZsjyZ1w=
12,21,Wt7SQiAOxco3VrpJ5Gn58rK4pDI=,cpz7vPd6XEyXI4jn8tjGZsjyZ1w=
11,21,Wt7SQiAOxco3VrpJ5Gn58rK4pDI=,cpz7vPd6XEyXI4jn8tjGZsjyZ1w=
10,21,Wt7SQiAOxco3VrpJ5Gn58rK4pDI=,cpz7vPd6XEyXI4jn8tjGZsjyZ1w=
9,21,Wt7SQiAOxco3VrpJ5Gn58rK4pDI=,cpz7vPd6XEyXI4jn8tjGZsjyZ1w=
8,21,Wt7SQiAOxco3VrpJ5Gn58rK4pDI=,cpz7vPd6XEyXI4jn8tjGZsjyZ1w=
7,21,Wt7SQiAOxco3VrpJ5Gn58rK4pDI=,cpz7vPd6XEyXI4jn8tjGZsjyZ1w=
2,19,Wt7SQiAOxco3VrpJ5Gn58rK4pDI=,cpz7vPd6XEyXI4jn8tjGZsjyZ1w=
6,21,Wt7SQiAOxco3VrpJ5Gn58rK4pDI=,cpz7vPd6XEyXI4jn8tjGZsjyZ1w=
4,16,Wt7SQiAOxco3VrpJ5Gn58rK4pDI=,cpz7vPd6XEyXI4jn8tjGZsjyZ1w=
5,21,Wt7SQiAOxco3VrpJ5Gn58rK4pDI=,cpz7vPd6XEyXI4jn8tjGZsjyZ1w=
5,17,Wt7SQiAOxco3VrpJ5Gn58rK4pDI=,cpz7vPd6XEyXI4jn8tjGZsjyZ1w=
4,21,Wt7SQiAOxco3VrpJ5Gn58rK4pDI=,cpz7vPd6XEyXI4jn8tjGZsjyZ1w=
3,21,Wt7SQiAOxco3VrpJ5Gn58rK4pDI=,cpz7vPd6XEyXI4jn8tjGZsjyZ1w=
2,21,Wt7SQiAOxco3VrpJ5Gn58rK4pDI=,cpz7vPd6XEyXI4jn8tjGZsjyZ1w=
0,19,Wt7SQiAOxco3VrpJ5Gn58rK4pDI=,cpz7vPd6XEyXI4jn8tjGZsjyZ1w=
1,21,Wt7SQiAOxco3VrpJ5Gn58rK4pDI=,cpz7vPd6XEyXI4jn8tjGZsjyZ1w=
0,21,Wt7SQiAOxco3VrpJ5Gn58rK4pDI=,cpz7vPd6XEyXI4jn8tjGZsjyZ1w=
15,20,Wt7SQiAOxco3VrpJ5Gn58rK4pDI=,cpz7vPd6XEyXI4jn8tjGZsjyZ1w=
14,20,Wt7SQiAOxco3VrpJ5Gn58rK4pDI=,cpz7vPd6XEyXI4jn8tjGZsjyZ1w=
13,20,Wt7SQiAOxco3VrpJ5Gn58rK4pDI=,cpz7vPd6XEyXI4jn8tjGZsjyZ1w=
12,20,Wt7SQiAOxco3VrpJ5Gn58rK4pDI=,cpz7vPd6XEyXI4jn8tjGZsjyZ1w=
11,20,Wt7SQiAOxco3VrpJ5Gn58rK4pDI=,cpz7vPd6XEyXI4jn8tjGZsjyZ1w=
10,20,Wt7SQiAOxco3VrpJ5Gn58rK4pDI=,cpz7vPd6XEyXI4jn8tjGZsjyZ1w=
9,20,Wt7SQiAOxco3VrpJ5Gn58rK4pDI=,cpz7vPd6XEyXI4jn8tjGZsjyZ1w=
8,20,Wt7SQiAOxco3VrpJ5Gn58rK4pDI=,cpz7vPd6XEyXI4jn8tjGZsjyZ1w=
7,20,Wt7SQiAOxco3VrpJ5Gn58rK4pDI=,cpz7vPd6XEyXI4jn8tjGZsjyZ1w=
15,18,Wt7SQiAOxco3VrpJ5Gn58rK4pDI=,cpz7vPd6XEyXI4jn8tjGZsjyZ1w=
6,20,Wt7SQiAOxco3VrpJ5Gn58rK4pDI=,cpz7vPd6XEyXI4jn8tjGZsjyZ1w=
5,20,Wt7SQiAOxco3VrpJ5Gn58rK4pDI=,cpz7vPd6XEyXI4jn8tjGZsjyZ1w=
4,20,Wt7SQiAOxco3VrpJ5Gn58rK4pDI=,cpz7vPd6XEyXI4jn8tjGZsjyZ1w=
3,20,Wt7SQiAOxco3VrpJ5Gn58rK4pDI=,cpz7vPd6XEyXI4jn8tjGZsjyZ1w=
1,20,Wt7SQiAOxco3VrpJ5Gn58rK4pDI=,cpz7vPd6XEyXI4jn8tjGZsjyZ1w=
4,17,Wt7SQiAOxco3VrpJ5Gn58rK4pDI=,cpz7vPd6XEyXI4jn8tjGZsjyZ1w=
14,18,Wt7SQiAOxco3VrpJ5Gn58rK4pDI=,cpz7vPd6XEyXI4jn8tjGZsjyZ1w=
0,20,Wt7SQiAOxco3VrpJ5Gn58rK4pDI=,cpz7vPd6XEyXI4jn8tjGZsjyZ1w=
15,19,Wt7SQiAOxco3VrpJ5Gn58rK4pDI=,cpz7vPd6XEyXI4jn8tjGZsjyZ1w=
14,19,Wt7SQiAOxco3VrpJ5Gn58rK4pDI=,cpz7vPd6XEyXI4jn8tjGZsjyZ1w=
2,20,Wt7SQiAOxco3VrpJ5Gn58rK4pDI=,cpz7vPd6XEyXI4jn8tjGZsjyZ1w=
3,17,Wt7SQiAOxco3VrpJ5Gn58rK4pDI=,cpz7vPd6XEyXI4jn8tjGZsjyZ1w=
1,19,Wt7SQiAOxco3VrpJ5Gn58rK4pDI=,cpz7vPd6XEyXI4jn8tjGZsjyZ1w=
2,17,Wt7SQiAOxco3VrpJ5Gn58rK4pDI=,cpz7vPd6XEyXI4jn8tjGZsjyZ1w=
31,1,l0XqRaU08iUQ8tXsChHSyH1HYEQ=,FKSNVgb1NG2hPP8Ovb0IUOWUz38=
29,2,l0XqRaU08iUQ8tXsChHSyH1HYEQ=,FKSNVgb1NG2hPP8Ovb0IUOWUz38=
28,2,l0XqRaU08iUQ8tXsChHSyH1HYEQ=,FKSNVgb1NG2hPP8Ovb0IUOWUz38=
27,2,l0XqRaU08iUQ8tXsChHSyH1HYEQ=,FKSNVgb1NG2hPP8Ovb0IUOWUz38=
26,2,l0XqRaU08iUQ8tXsChHSyH1HYEQ=,FKSNVgb1NG2hPP8Ovb0IUOWUz38=
25,2,l0XqRaU08iUQ8tXsChHSyH1HYEQ=,FKSNVgb1NG2hPP8Ovb0IUOWUz38=
28,3,l0XqRaU08iUQ8tXsChHSyH1HYEQ=,FKSNVgb1NG2hPP8Ovb0IUOWUz38=
30,2,l0XqRaU08iUQ8tXsChHSyH1HYEQ=,FKSNVgb1NG2hPP8Ovb0IUOWUz38=
19,0,l0XqRaU08iUQ8tXsChHSyH1HYEQ=,FKSNVgb1NG2hPP8Ovb0IUOWUz38=
24,2,l0XqRaU08iUQ8tXsChHSyH1HYEQ=,FKSNVgb1NG2hPP8Ovb0IUOWUz38=
20,0,l0XqRaU08iUQ8tXsChHSyH1HYEQ=,FKSNVgb1NG2hPP8Ovb0IUOWUz38=
29,3,l0XqRaU08iUQ8tXsChHSyH1HYEQ=,FKSNVgb1NG2hPP8Ovb0IUOWUz38=
30,3,l0XqRaU08iUQ8tXsChHSyH1HYEQ=,FKSNVgb1NG2hPP8Ovb0IUOWUz38=
23,2,l0XqRaU08iUQ8tXsChHSyH1HYEQ=,FKSNVgb1NG2hPP8Ovb0IUOWUz38=
22,2,l0XqRaU08iUQ8tXsChHSyH1HYEQ=,FKSNVgb1NG2hPP8Ovb0IUOWUz38=
21,0,l0XqRaU08iUQ8tXsChHSyH1HYEQ=,FKSNVgb1NG2hPP8Ovb0IUOWUz38=
18,1,l0XqRaU08iUQ8tXsChHSyH1HYEQ=,FKSNVgb1NG2hPP8Ovb0IUOWUz38=
31,3,l0XqRaU08iUQ8tXsChHSyH1HYEQ=,FKSNVgb1NG2hPP8Ovb0IUOWUz38=
16,4,l0XqRaU08iUQ8tXsChHSyH1HYEQ=,FKSNVgb1NG2hPP8Ovb0IUOWUz38=
17,4,l0XqRaU08iUQ8tXsChHSyH1HYEQ=,FKSNVgb1NG2hPP8Ovb0IUOWUz38=
18,4,l0XqRaU08iUQ8tXsChHSyH1HYEQ=,FKSNVgb1NG2hPP8Ovb0IUOWUz38=
21,2,l0XqRaU08iUQ8tXsChHSyH1HYEQ=,FKSNVgb1NG2hPP8Ovb0IUOWUz38=
19,2,l0XqRaU08iUQ8tXsChHSyH1HYEQ=,FKSNVgb1NG2hPP8Ovb0IUOWUz38=
19,4,l0XqRaU08iUQ8tXsChHSyH1HYEQ=,FKSNVgb1NG2hPP8Ovb0IUOWUz38=
20,2,l0XqRaU08iUQ8tXsChHSyH1HYEQ=,FKSNVgb1NG2hPP8Ovb0IUOWUz38=
18,2,l0XqRaU08iUQ8tXsChHSyH1HYEQ=,FKSNVgb1NG2hPP8Ovb0IUOWUz38=
30,15,l0XqRaU08iUQ8tXsChHSyH1HYEQ=,FKSNVgb1NG2hPP8Ovb0IUOWUz38=
31,15,l0XqRaU08iUQ8tXsChHSyH1HYEQ=,FKSNVgb1NG2hPP8Ovb0IUOWUz38=
27,3,l0XqRaU08iUQ8tXsChHSyH1HYEQ=,FKSNVgb1NG2hPP8Ovb0IUOWUz38=
16,2,l0XqRaU08iUQ8tXsChHSyH1HYEQ=,FKSNVgb1NG2hPP8Ovb0IUOWUz38=
17,2,l0XqRaU08iUQ8tXsChHSyH1HYEQ=,FKSNVgb1NG2hPP8Ovb0IUOWUz38=
29,15,l0XqRaU08iUQ8tXsChHSyH1HYEQ=,FKSNVgb1NG2hPP8Ovb0IUOWUz38=
28,15,l0XqRaU08iUQ8tXsChHSyH1HYEQ=,FKSNVgb1NG2hPP8Ovb0IUOWUz38=
27,15,l0XqRaU08iUQ8tXsChHSyH1HYEQ=,FKSNVgb1NG2hPP8Ovb0IUOWUz38=
26,15,l0XqRaU08iUQ8tXsChHSyH1HYEQ=,FKSNVgb1NG2hPP8Ovb0IUOWUz38=
25,15,l0XqRaU08iUQ8tXsChHSyH1HYEQ=,FKSNVgb1NG2hPP8Ovb0IUOWUz38=
24,15,l0XqRaU08iUQ8tXsChHSyH1HYEQ=,FKSNVgb1NG2hPP8Ovb0IUOWUz38=
23,15,l0XqRaU08iUQ8tXsChHSyH1HYEQ=,FKSNVgb1NG2hPP8Ovb0IUOWUz38=
18,0,l0XqRaU08iUQ8tXsChHSyH1HYEQ=,FKSNVgb1NG2hPP8Ovb0IUOWUz38=
20,4,l0XqRaU08iUQ8tXsChHSyH1HYEQ=,FKSNVgb1NG2hPP8Ovb0IUOWUz38=
22,15,l0XqRaU08iUQ8tXsChHSyH1HYEQ=,FKSNVgb1NG2hPP8Ovb0IUOWUz38=
21,4,l0XqRaU08iUQ8tXsChHSyH1HYEQ=,FKSNVgb1NG2hPP8Ovb0IUOWUz38=
20,15,l0XqRaU08iUQ8tXsChHSyH1HYEQ=,FKSNVgb1NG2hPP8Ovb0IUOWUz38=
21,15,l0XqRaU08iUQ8tXsChHSyH1HYEQ=,FKSNVgb1NG2hPP8Ovb0IUOWUz38=
26,3,l0XqRaU08iUQ8tXsChHSyH1HYEQ=,FKSNVgb1NG2hPP8Ovb0IUOWUz38=
22,4,l0XqRaU08iUQ8tXsChHSyH1HYEQ=,FKSNVgb1NG2hPP8Ovb0IUOWUz38=
23,4,l0XqRaU08iUQ8tXsChHSyH1HYEQ=,FKSNVgb1NG2hPP8Ovb0IUOWUz38=
24,4,l0XqRaU08iUQ8tXsChHSyH1HYEQ=,FKSNVgb1NG2hPP8Ovb0IUOWUz38=
25,4,l0XqRaU08iUQ8tXsChHSyH1HYEQ=,FKSNVgb1NG2hPP8Ovb0IUOWUz38=
26,4,l0XqRaU08iUQ8tXsChHSyH1HYEQ=,FKSNVgb1NG2hPP8Ovb0IUOWUz38=
27,4,l0XqRaU08iUQ8tXsChHSyH1HYEQ=,FKSNVgb1NG2hPP8Ovb0IUOWUz38=
31,2,l0XqRaU08iUQ8tXsChHSyH1HYEQ=,FKSNVgb1NG2hPP8Ovb0IUOWUz38=
18,15,l0XqRaU08iUQ8tXsChHSyH1HYEQ=,FKSNVgb1NG2hPP8Ovb0IUOWUz38=
17,15,l0XqRaU08iUQ8tXsChHSyH1HYEQ=,FKSNVgb1NG2hPP8Ovb0IUOWUz38=
30,1,l0XqRaU08iUQ8tXsChHSyH1HYEQ=,FKSNVgb1NG2hPP8Ovb0IUOWUz38=
16,15,l0XqRaU08iUQ8tXsChHSyH1HYEQ=,FKSNVgb1NG2hPP8Ovb0IUOWUz38=
19,15,l0XqRaU08iUQ8tXsChHSyH1HYEQ=,FKSNVgb1NG2hPP8Ovb0IUOWUz38=
30,14,l0XqRaU08iUQ8tXsChHSyH1HYEQ=,FKSNVgb1NG2hPP8Ovb0IUOWUz38=
29,14,l0XqRaU08iUQ8tXsChHSyH1HYEQ=,FKSNVgb1NG2hPP8Ovb0IUOWUz38=
28,14,l0XqRaU08iUQ8tXsChHSyH1HYEQ=,FKSNVgb1NG2hPP8Ovb0IUOWUz38=
27,14,l0XqRaU08iUQ8tXsChHSyH1HYEQ=,FKSNVgb1NG2hPP8Ovb0IUOWUz38=
26,14,l0XqRaU08iUQ8tXsChHSyH1HYEQ=,FKSNVgb1NG2hPP8Ovb0IUOWUz38=
25,14,l0XqRaU08iUQ8tXsChHSyH1HYEQ=,FKSNVgb1NG2hPP8Ovb0IUOWUz38=
24,14,l0XqRaU08iUQ8tXsChHSyH1HYEQ=,FKSNVgb1NG2hPP8Ovb0IUOWUz38=
22,0,l0XqRaU08iUQ8tXsChHSyH1HYEQ=,FKSNVgb1NG2hPP8Ovb0IUOWUz38=
28,4,l0XqRaU08iUQ8tXsChHSyH1HYEQ=,FKSNVgb1NG2hPP8Ovb0IUOWUz38=
29,4,l0XqRaU08iUQ8tXsChHSyH1HYEQ=,FKSNVgb1NG2hPP8Ovb0IUOWUz38=
30,4,l0XqRaU08iUQ8tXsChHSyH1HYEQ=,FKSNVgb1NG2hPP8Ovb0IUOWUz38=
31,4,l0XqRaU08iUQ8tXsChHSyH1HYEQ=,FKSNVgb1NG2hPP8Ovb0IUOWUz38=
31,14,l0XqRaU08iUQ8tXsChHSyH1HYEQ=,FKSNVgb1NG2hPP8Ovb0IUOWUz38=
23,14,l0XqRaU08iUQ8tXsChHSyH1HYEQ=,FKSNVgb1NG2hPP8Ovb0IUOWUz38=
19,1,l0XqRaU08iUQ8tXsChHSyH1HYEQ=,FKSNVgb1NG2hPP8Ovb0IUOWUz38=
16,5,l0XqRaU08iUQ8tXsChHSyH1HYEQ=,FKSNVgb1NG2hPP8Ovb0IUOWUz38=
17,5,l0XqRaU08iUQ8tXsChHSyH1HYEQ=,FKSNVgb1NG2hPP8Ovb0IUOWUz38=
18,5,l0XqRaU08iUQ8tXsChHSyH1HYEQ=,FKSNVgb1NG2hPP8Ovb0IUOWUz38=
22,14,l0XqRaU08iUQ8tXsChHSyH1HYEQ=,FKSNVgb1NG2hPP8Ovb0IUOWUz38=
21,14,l0XqRaU08iUQ8tXsChHSyH1HYEQ=,FKSNVgb1NG2hPP8Ovb0IUOWUz38=
19,5,l0XqRaU08iUQ8tXsChHSyH1HYEQ=,FKSNVgb1NG2hPP8Ovb0IUOWUz38=
20,14,l0XqRaU08iUQ8tXsChHSyH1HYEQ=,FKSNVgb1NG2hPP8Ovb0IUOWUz38=
19,14,l0XqRaU08iUQ8tXsChHSyH1HYEQ=,FKSNVgb1NG2hPP8Ovb0IUOWUz38=
20,5,l0XqRaU08iUQ8tXsChHSyH1HYEQ=,FKSNVgb1NG2hPP8Ovb0IUOWUz38=
18,14,l0XqRaU08iUQ8tXsChHSyH1HYEQ=,FKSNVgb1NG2hPP8Ovb0IUOWUz38=
25,3,l0XqRaU08iUQ8tXsChHSyH1HYEQ=,FKSNVgb1NG2hPP8Ovb0IUOWUz38=
21,5,l0XqRaU08iUQ8tXsChHSyH1HYEQ=,FKSNVgb1NG2hPP8Ovb0IUOWUz38=
17,1,l0XqRaU08iUQ8tXsChHSyH1HYEQ=,FKSNVgb1NG2hPP8Ovb0IUOWUz38=
22,5,l0XqRaU08iUQ8tXsChHSyH1HYEQ=,FKSNVgb1NG2hPP8Ovb0IUOWUz38=
23,5,l0XqRaU08iUQ8tXsChHSyH1HYEQ=,FKSNVgb1NG2hPP8Ovb0IUOWUz38=
24,5,l0XqRaU08iUQ8tXsChHSyH1HYEQ=,FKSNVgb1NG2hPP8Ovb0IUOWUz38=
25,5,l0XqRaU08iUQ8tXsChHSyH1HYEQ=,FKSNVgb1NG2hPP8Ovb0IUOWUz38=
26,5,l0XqRaU08iUQ8tXsChHSyH1HYEQ=,FKSNVgb1NG2hPP8Ovb0IUOWUz38=
16,1,l0XqRaU08iUQ8tXsChHSyH1HYEQ=,FKSNVgb1NG2hPP8Ovb0IUOWUz38=
17,14,l0XqRaU08iUQ8tXsChHSyH1HYEQ=,FKSNVgb1NG2hPP8Ovb0IUOWUz38=
20,1,l0XqRaU08iUQ8tXsChHSyH1HYEQ=,FKSNVgb1NG2hPP8Ovb0IUOWUz38=
16,3,l0XqRaU08iUQ8tXsChHSyH1HYEQ=,FKSNVgb1NG2hPP8Ovb0IUOWUz38=
16,14,l0XqRaU08iUQ8tXsChHSyH1HYEQ=,FKSNVgb1NG2hPP8Ovb0IUOWUz38=
31,13,l0XqRaU08iUQ8tXsChHSyH1HYEQ=,FKSNVgb1NG2hPP8Ovb0IUOWUz38=
17,0,l0XqRaU08iUQ8tXsChHSyH1HYEQ=,FKSNVgb1NG2hPP8Ovb0IUOWUz38=
30,13,l0XqRaU08iUQ8tXsChHSyH1HYEQ=,FKSNVgb1NG2hPP8Ovb0IUOWUz38=
23,0,l0XqRaU08iUQ8tXsChHSyH1HYEQ=,FKSNVgb1NG2hPP8Ovb0IUOWUz38=
27,5,l0XqRaU08iUQ8tXsChHSyH1HYEQ=,FKSNVgb1NG2hPP8Ovb0IUOWUz38=
28,5,l0XqRaU08iUQ8tXsChHSyH1HYEQ=,FKSNVgb1NG2hPP8Ovb0IUOWUz38=
29,5,l0XqRaU08iUQ8tXsChHSyH1HYEQ=,FKSNVgb1NG2hPP8Ovb0IUOWUz38=
30,5,l0XqRaU08iUQ8tXsChHSyH1HYEQ=,FKSNVgb1NG2hPP8Ovb0IUOWUz38=
31,5,l0XqRaU08iUQ8tXsChHSyH1HYEQ=,FKSNVgb1NG2hPP8Ovb0IUOWUz38=
29,13,l0XqRaU08iUQ8tXsChHSyH1HYEQ=,FKSNVgb1NG2hPP8Ovb0IUOWUz38=
27,13,l0XqRaU08iUQ8tXsChHSyH1HYEQ=,FKSNVgb1NG2hPP8Ovb0IUOWUz38=
28,13,l0XqRaU08iUQ8tXsChHSyH1HYEQ=,FKSNVgb1NG2hPP8Ovb0IUOWUz38=
26,13,l0XqRaU08iUQ8tXsChHSyH1HYEQ=,FKSNVgb1NG2hPP8Ovb0IUOWUz38=
25,13,l0XqRaU08iUQ8tXsChHSyH1HYEQ=,FKSNVgb1NG2hPP8Ovb0IUOWUz38=
21,1,l0XqRaU08iUQ8tXsChHSyH1HYEQ=,FKSNVgb1NG2hPP8Ovb0IUOWUz38=
16,6,l0XqRaU08iUQ8tXsChHSyH1HYEQ=,FKSNVgb1NG2hPP8Ovb0IUOWUz38=
17,6,l0XqRaU08iUQ8tXsChHSyH1HYEQ=,FKSNVgb1NG2hPP8Ovb0IUOWUz38=
18,6,l0XqRaU08iUQ8tXsChHSyH1HYEQ=,FKSNVgb1NG2hPP8Ovb0IUOWUz38=
24,13,l0XqRaU08iUQ8tXsChHSyH1HYEQ=,FKSNVgb1NG2hPP8Ovb0IUOWUz38=
23,13,l0XqRaU08iUQ8tXsChHSyH1HYEQ=,FKSNVgb1NG2hPP8Ovb0IUOWUz38=
19,6,l0XqRaU08iUQ8tXsChHSyH1HYEQ=,FKSNVgb1NG2hPP8Ovb0IUOWUz38=
22,13,l0XqRaU08iUQ8tXsChHSyH1HYEQ=,FKSNVgb1NG2hPP8Ovb0IUOWUz38=
21,13,l0XqRaU08iUQ8tXsChHSyH1HYEQ=,FKSNVgb1NG2hPP8Ovb0IUOWUz38=
20,6,l0XqRaU08iUQ8tXsChHSyH1HYEQ=,FKSNVgb1NG2hPP8Ovb0IUOWUz38=
20,13,l0XqRaU08iUQ8tXsChHSyH1HYEQ=,FKSNVgb1NG2hPP8Ovb0IUOWUz38=
31,0,l0XqRaU08iUQ8tXsChHSyH1HYEQ=,FKSNVgb1NG2hPP8Ovb0IUOWUz38=
29,1,l0XqRaU08iUQ8tXsChHSyH1HYEQ=,FKSNVgb1NG2hPP8Ovb0IUOWUz38=
24,3,l0XqRaU08iUQ8tXsChHSyH1HYEQ=,FKSNVgb1NG2hPP8Ovb0IUOWUz38=
19,13,l0XqRaU08iUQ8tXsChHSyH1HYEQ=,FKSNVgb1NG2hPP8Ovb0IUOWUz38=
21,6,l0XqRaU08iUQ8tXsChHSyH1HYEQ=,FKSNVgb1NG2hPP8Ovb0IUOWUz38=
18,13,l0XqRaU08iUQ8tXsChHSyH1HYEQ=,FKSNVgb1NG2hPP8Ovb0IUOWUz38=
17,13,l0XqRaU08iUQ8tXsChHSyH1HYEQ=,FKSNVgb1NG2hPP8Ovb0IUOWUz38=
28,1,l0XqRaU08iUQ8tXsChHSyH1HYEQ=,FKSNVgb1NG2hPP8Ovb0IUOWUz38=
16,13,l0XqRaU08iUQ8tXsChHSyH1HYEQ=,FKSNVgb1NG2hPP8Ovb0IUOWUz38=
30,12,l0XqRaU08iUQ8tXsChHSyH1HYEQ=,FKSNVgb1NG2hPP8Ovb0IUOWUz38=
23,6,l0XqRaU08iUQ8tXsChHSyH1HYEQ=,FKSNVgb1NG2hPP8Ovb0IUOWUz38=
31,12,l0XqRaU08iUQ8tXsChHSyH1HYEQ=,FKSNVgb1NG2hPP8Ovb0IUOWUz38=
24,6,l0XqRaU08iUQ8tXsChHSyH1HYEQ=,FKSNVgb1NG2hPP8Ovb0IUOWUz38=
28,12,l0XqRaU08iUQ8tXsChHSyH1HYEQ=,FKSNVgb1NG2hPP8Ovb0IUOWUz38=
25,6,l0XqRaU08iUQ8tXsChHSyH1HYEQ=,FKSNVgb1NG2hPP8Ovb0IUOWUz38=
17,3,l0XqRaU08iUQ8tXsChHSyH1HYEQ=,FKSNVgb1NG2hPP8Ovb0IUOWUz38=
22,6,l0XqRaU08iUQ8tXsChHSyH1HYEQ=,FKSNVgb1NG2hPP8Ovb0IUOWUz38=
29,12,l0XqRaU08iUQ8tXsChHSyH1HYEQ=,FKSNVgb1NG2hPP8Ovb0IUOWUz38=
24,0,l0XqRaU08iUQ8tXsChHSyH1HYEQ=,FKSNVgb1NG2hPP8Ovb0IUOWUz38=
26,6,l0XqRaU08iUQ8tXsChHSyH1HYEQ=,FKSNVgb1NG2hPP8Ovb0IUOWUz38=
27,6,l0XqRaU08iUQ8tXsChHSyH1HYEQ=,FKSNVgb1NG2hPP8Ovb0IUOWUz38=
28,6,l0XqRaU08iUQ8tXsChHSyH1HYEQ=,FKSNVgb1NG2hPP8Ovb0IUOWUz38=
29,6,l0XqRaU08iUQ8tXsChHSyH1HYEQ=,FKSNVgb1NG2hPP8Ovb0IUOWUz38=
30,6,l0XqRaU08iUQ8tXsChHSyH1HYEQ=,FKSNVgb1NG2hPP8Ovb0IUOWUz38=
31,6,l0XqRaU08iUQ8tXsChHSyH1HYEQ=,FKSNVgb1NG2hPP8Ovb0IUOWUz38=
27,12,l0XqRaU08iUQ8tXsChHSyH1HYEQ=,FKSNVgb1NG2hPP8Ovb0IUOWUz38=
26,12,l0XqRaU08iUQ8tXsChHSyH1HYEQ=,FKSNVgb1NG2hPP8Ovb0IUOWUz38=
22,1,l0XqRaU08iUQ8tXsChHSyH1HYEQ=,FKSNVgb1NG2hPP8Ovb0IUOWUz38=
16,7,l0XqRaU08iUQ8tXsChHSyH1HYEQ=,FKSNVgb1NG2hPP8Ovb0IUOWUz38=
17,7,l0XqRaU08iUQ8tXsChHSyH1HYEQ=,FKSNVgb1NG2hPP8Ovb0IUOWUz38=
18,7,l0XqRaU08iUQ8tXsChHSyH1HYEQ=,FKSNVgb1NG2hPP8Ovb0IUOWUz38=
25,12,l0XqRaU08iUQ8tXsChHSyH1HYEQ=,FKSNVgb1NG2hPP8Ovb0IUOWUz38=
24,12,l0XqRaU08iUQ8tXsChHSyH1HYEQ=,FKSNVgb1NG2hPP8Ovb0IUOWUz38=
19,7,l0XqRaU08iUQ8tXsChHSyH1HYEQ=,FKSNVgb1NG2hPP8Ovb0IUOWUz38=
23,12,l0XqRaU08iUQ8tXsChHSyH1HYEQ=,FKSNVgb1NG2hPP8Ovb0IUOWUz38=
22,12,l0XqRaU08iUQ8tXsChHSyH1HYEQ=,FKSNVgb1NG2hPP8Ovb0IUOWUz38=
20,7,l0XqRaU08iUQ8tXsChHSyH1HYEQ=,FKSNVgb1NG2hPP8Ovb0IUOWUz38=
21,12,l0XqRaU08iUQ8tXsChHSyH1HYEQ=,FKSNVgb1NG2hPP8Ovb0IUOWUz38=
30,0,l0XqRaU08iUQ8tXsChHSyH1HYEQ=,FKSNVgb1NG2hPP8Ovb0IUOWUz38=
23,3,l0XqRaU08iUQ8tXsChHSyH1HYEQ=,FKSNVgb1NG2hPP8Ovb0IUOWUz38=
20,12,l0XqRaU08iUQ8tXsChHSyH1HYEQ=,FKSNVgb1NG2hPP8Ovb0IUOWUz38=
16,0,l0XqRaU08iUQ8tXsChHSyH1HYEQ=,FKSNVgb1NG2hPP8Ovb0IUOWUz38=
18,12,l0XqRaU08iUQ8tXsChHSyH1HYEQ=,FKSNVgb1NG2hPP8Ovb0IUOWUz38=
19,12,l0XqRaU08iUQ8tXsChHSyH1HYEQ=,FKSNVgb1NG2hPP8Ovb0IUOWUz38=
21,7,l0XqRaU08iUQ8tXsChHSyH1HYEQ=,FKSNVgb1NG2hPP8Ovb0IUOWUz38=
17,12,l0XqRaU08iUQ8tXsChHSyH1HYEQ=,FKSNVgb1NG2hPP8Ovb0IUOWUz38=
27,1,l0XqRaU08iUQ8tXsChHSyH1HYEQ=,FKSNVgb1NG2hPP8Ovb0IUOWUz38=
16,12,l0XqRaU08iUQ8tXsChHSyH1HYEQ=,FKSNVgb1NG2hPP8Ovb0IUOWUz38=
22,7,l0XqRaU08iUQ8tXsChHSyH1HYEQ=,FKSNVgb1NG2hPP8Ovb0IUOWUz38=
31,11,l0XqRaU08iUQ8tXsChHSyH1HYEQ=,FKSNVgb1NG2hPP8Ovb0IUOWUz38=
30,11,l0XqRaU08iUQ8tXsChHSyH1HYEQ=,FKSNVgb1NG2hPP8Ovb0IUOWUz38=
23,7,l0XqRaU08iUQ8tXsChHSyH1HYEQ=,FKSNVgb1NG2hPP8Ovb0IUOWUz38=
29,11,l0XqRaU08iUQ8tXsChHSyH1HYEQ=,FKSNVgb1NG2hPP8Ovb0IUOWUz38=
24,7,l0XqRaU08iUQ8tXsChHSyH1HYEQ=,FKSNVgb1NG2hPP8Ovb0IUOWUz38=
18,3,l0XqRaU08iUQ8tXsChHSyH1HYEQ=,FKSNVgb1NG2hPP8Ovb0IUOWUz38=
25,0,l0XqRaU08iUQ8tXsChHSyH1HYEQ=,FKSNVgb1NG2hPP8Ovb0IUOWUz38=
25,7,l0XqRaU08iUQ8tXsChHSyH1HYEQ=,FKSNVgb1NG2hPP8Ovb0IUOWUz38=
26,7,l0XqRaU08iUQ8tXsChHSyH1HYEQ=,FKSNVgb1NG2hPP8Ovb0IUOWUz38=
27,7,l0XqRaU08iUQ8tXsChHSyH1HYEQ=,FKSNVgb1NG2hPP8Ovb0IUOWUz38=
28,7,l0XqRaU08iUQ8tXsChHSyH1HYEQ=,FKSNVgb1NG2hPP8Ovb0IUOWUz38=
29,7,l0XqRaU08iUQ8tXsChHSyH1HYEQ=,FKSNVgb1NG2hPP8Ovb0IUOWUz38=
30,7,l0XqRaU08iUQ8tXsChHSyH1HYEQ=,FKSNVgb1NG2hPP8Ovb0IUOWUz38=
28,11,l0XqRaU08iUQ8tXsChHSyH1HYEQ=,FKSNVgb1NG2hPP8Ovb0IUOWUz38=
31,7,l0XqRaU08iUQ8tXsChHSyH1HYEQ=,FKSNVgb1NG2hPP8Ovb0IUOWUz38=
16,8,l0XqRaU08iUQ8tXsChHSyH1HYEQ=,FKSNVgb1NG2hPP8Ovb0IUOWUz38=
27,11,l0XqRaU08iUQ8tXsChHSyH1HYEQ=,FKSNVgb1NG2hPP8Ovb0IUOWUz38=
26,11,l0XqRaU08iUQ8tXsChHSyH1HYEQ=,FKSNVgb1NG2hPP8Ovb0IUOWUz38=
23,1,l0XqRaU08iUQ8tXsChHSyH1HYEQ=,FKSNVgb1NG2hPP8Ovb0IUOWUz38=
17,8,l0XqRaU08iUQ8tXsChHSyH1HYEQ=,FKSNVgb1NG2hPP8Ovb0IUOWUz38=
18,8,l0XqRaU08iUQ8tXsChHSyH1HYEQ=,FKSNVgb1NG2hPP8Ovb0IUOWUz38=
19,8,l0XqRaU08iUQ8tXsChHSyH1HYEQ=,FKSNVgb1NG2hPP8Ovb0IUOWUz38=
25,11,l0XqRaU08iUQ8tXsChHSyH1HYEQ=,FKSNVgb1NG2hPP8Ovb0IUOWUz38=
20,8,l0XqRaU08iUQ8tXsChHSyH1HYEQ=,FKSNVgb1NG2hPP8Ovb0IUOWUz38=
24,11,l0XqRaU08iUQ8tXsChHSyH1HYEQ=,FKSNVgb1NG2hPP8Ovb0IUOWUz38=
22,11,l0XqRaU08iUQ8tXsChHSyH1HYEQ=,FKSNVgb1NG2hPP8Ovb0IUOWUz38=
23,11,l0XqRaU08iUQ8tXsChHSyH1HYEQ=,FKSNVgb1NG2hPP8Ovb0IUOWUz38=
29,0,l0XqRaU08iUQ8tXsChHSyH1HYEQ=,FKSNVgb1NG2hPP8Ovb0IUOWUz38=
21,8,l0XqRaU08iUQ8tXsChHSyH1HYEQ=,FKSNVgb1NG2hPP8Ovb0IUOWUz38=
21,11,l0XqRaU08iUQ8tXsChHSyH1HYEQ=,FKSNVgb1NG2hPP8Ovb0IUOWUz38=
22,3,l0XqRaU08iUQ8tXsChHSyH1HYEQ=,FKSNVgb1NG2hPP8Ovb0IUOWUz38=
22,8,l0XqRaU08iUQ8tXsChHSyH1HYEQ=,FKSNVgb1NG2hPP8Ovb0IUOWUz38=
20,11,l0XqRaU08iUQ8tXsChHSyH1HYEQ=,FKSNVgb1NG2hPP8Ovb0IUOWUz38=
19,11,l0XqRaU08iUQ8tXsChHSyH1HYEQ=,FKSNVgb1NG2hPP8Ovb0IUOWUz38=
23,8,l0XqRaU08iUQ8tXsChHSyH1HYEQ=,FKSNVgb1NG2hPP8Ovb0IUOWUz38=
19,3,l0XqRaU08iUQ8tXsChHSyH1HYEQ=,FKSNVgb1NG2hPP8Ovb0IUOWUz38=
26,0,l0XqRaU08iUQ8tXsChHSyH1HYEQ=,FKSNVgb1NG2hPP8Ovb0IUOWUz38=
24,8,l0XqRaU08iUQ8tXsChHSyH1HYEQ=,FKSNVgb1NG2hPP8Ovb0IUOWUz38=
25,8,l0XqRaU08iUQ8tXsChHSyH1HYEQ=,FKSNVgb1NG2hPP8Ovb0IUOWUz38=
18,11,l0XqRaU08iUQ8tXsChHSyH1HYEQ=,FKSNVgb1NG2hPP8Ovb0IUOWUz38=
17,11,l0XqRaU08iUQ8tXsChHSyH1HYEQ=,FKSNVgb1NG2hPP8Ovb0IUOWUz38=
26,1,l0XqRaU08iUQ8tXsChHSyH1HYEQ=,FKSNVgb1NG2hPP8Ovb0IUOWUz38=
26,8,l0XqRaU08iUQ8tXsChHSyH1HYEQ=,FKSNVgb1NG2hPP8Ovb0IUOWUz38=
31,10,l0XqRaU08iUQ8tXsChHSyH1HYEQ=,FKSNVgb1NG2hPP8Ovb0IUOWUz38=
16,11,l0XqRaU08iUQ8tXsChHSyH1HYEQ=,FKSNVgb1NG2hPP8Ovb0IUOWUz38=
27,8,l0XqRaU08iUQ8tXsChHSyH1HYEQ=,FKSNVgb1NG2hPP8Ovb0IUOWUz38=
28,8,l0XqRaU08iUQ8tXsChHSyH1HYEQ=,FKSNVgb1NG2hPP8Ovb0IUOWUz38=
29,8,l0XqRaU08iUQ8tXsChHSyH1HYEQ=,FKSNVgb1NG2hPP8Ovb0IUOWUz38=
30,8,l0XqRaU08iUQ8tXsChHSyH1HYEQ=,FKSNVgb1NG2hPP8Ovb0IUOWUz38=
31,8,l0XqRaU08iUQ8tXsChHSyH1HYEQ=,FKSNVgb1NG2hPP8Ovb0IUOWUz38=
16,9,l0XqRaU08iUQ8tXsChHSyH1HYEQ=,FKSNVgb1NG2hPP8Ovb0IUOWUz38=
30,10,l0XqRaU08iUQ8tXsChHSyH1HYEQ=,FKSNVgb1NG2hPP8Ovb0IUOWUz38=
29,10,l0XqRaU08iUQ8tXsChHSyH1HYEQ=,FKSNVgb1NG2hPP8Ovb0IUOWUz38=
24,1,l0XqRaU08iUQ8tXsChHSyH1HYEQ=,FKSNVgb1NG2hPP8Ovb0IUOWUz38=
17,9,l0XqRaU08iUQ8tXsChHSyH1HYEQ=,FKSNVgb1NG2hPP8Ovb0IUOWUz38=
18,9,l0XqRaU08iUQ8tXsChHSyH1HYEQ=,FKSNVgb1NG2hPP8Ovb0IUOWUz38=
19,9,l0XqRaU08iUQ8tXsChHSyH1HYEQ=,FKSNVgb1NG2hPP8Ovb0IUOWUz38=
20,9,l0XqRaU08iUQ8tXsChHSyH1HYEQ=,FKSNVgb1NG2hPP8Ovb0IUOWUz38=
28,10,l0XqRaU08iUQ8tXsChHSyH1HYEQ=,FKSNVgb1NG2hPP8Ovb0IUOWUz38=
27,10,l0XqRaU08iUQ8tXsChHSyH1HYEQ=,FKSNVgb1NG2hPP8Ovb0IUOWUz38=
21,9,l0XqRaU08iUQ8tXsChHSyH1HYEQ=,FKSNVgb1NG2hPP8Ovb0IUOWUz38=
22,9,l0XqRaU08iUQ8tXsChHSyH1HYEQ=,FKSNVgb1NG2hPP8Ovb0IUOWUz38=
26,10,l0XqRaU08iUQ8tXsChHSyH1HYEQ=,FKSNVgb1NG2hPP8Ovb0IUOWUz38=
25,10,l0XqRaU08iUQ8tXsChHSyH1HYEQ=,FKSNVgb1NG2hPP8Ovb0IUOWUz38=
20,3,l0XqRaU08iUQ8tXsChHSyH1HYEQ=,FKSNVgb1NG2hPP8Ovb0IUOWUz38=
27,0,l0XqRaU08iUQ8tXsChHSyH1HYEQ=,FKSNVgb1NG2hPP8Ovb0IUOWUz38=
24,10,l0XqRaU08iUQ8tXsChHSyH1HYEQ=,FKSNVgb1NG2hPP8Ovb0IUOWUz38=
23,10,l0XqRaU08iUQ8tXsChHSyH1HYEQ=,FKSNVgb1NG2hPP8Ovb0IUOWUz38=
28,0,l0XqRaU08iUQ8tXsChHSyH1HYEQ=,FKSNVgb1NG2hPP8Ovb0IUOWUz38=
23,9,l0XqRaU08iUQ8tXsChHSyH1HYEQ=,FKSNVgb1NG2hPP8Ovb0IUOWUz38=
22,10,l0XqRaU08iUQ8tXsChHSyH1HYEQ=,FKSNVgb1NG2hPP8Ovb0IUOWUz38=
21,10,l0XqRaU08iUQ8tXsChHSyH1HYEQ=,FKSNVgb1NG2hPP8Ovb0IUOWUz38=
20,10,l0XqRaU08iUQ8tXsChHSyH1HYEQ=,FKSNVgb1NG2hPP8Ovb0IUOWUz38=
19,10,l0XqRaU08iUQ8tXsChHSyH1HYEQ=,FKSNVgb1NG2hPP8Ovb0IUOWUz38=
24,9,l0XqRaU08iUQ8tXsChHSyH1HYEQ=,FKSNVgb1NG2hPP8Ovb0IUOWUz38=
21,3,l0XqRaU08iUQ8tXsChHSyH1HYEQ=,FKSNVgb1NG2hPP8Ovb0IUOWUz38=
18,10,l0XqRaU08iUQ8tXsChHSyH1HYEQ=,FKSNVgb1NG2hPP8Ovb0IUOWUz38=
17,10,l0XqRaU08iUQ8tXsChHSyH1HYEQ=,FKSNVgb1NG2hPP8Ovb0IUOWUz38=
25,1,l0XqRaU08iUQ8tXsChHSyH1HYEQ=,FKSNVgb1NG2hPP8Ovb0IUOWUz38=
31,9,l0XqRaU08iUQ8tXsChHSyH1HYEQ=,FKSNVgb1NG2hPP8Ovb0IUOWUz38=
25,9,l0XqRaU08iUQ8tXsChHSyH1HYEQ=,FKSNVgb1NG2hPP8Ovb0IUOWUz38=
16,10,l0XqRaU08iUQ8tXsChHSyH1HYEQ=,FKSNVgb1NG2hPP8Ovb0IUOWUz38=
30,9,l0XqRaU08iUQ8tXsChHSyH1HYEQ=,FKSNVgb1NG2hPP8Ovb0IUOWUz38=
29,9,l0XqRaU08iUQ8tXsChHSyH1HYEQ=,FKSNVgb1NG2hPP8Ovb0IUOWUz38=
26,9,l0XqRaU08iUQ8tXsChHSyH1HYEQ=,FKSNVgb1NG2hPP8Ovb0IUOWUz38=
28,9,l0XqRaU08iUQ8tXsChHSyH1HYEQ=,FKSNVgb1NG2hPP8Ovb0IUOWUz38=
27,9,l0XqRaU08iUQ8tXsChHSyH1HYEQ=,FKSNVgb1NG2hPP8Ovb0IUOWUz38=
