-13,-144,gQDJqz5kS3vBsZ213tVHFCz3b/4=,0+wkj2WQdJWmv34WnBWLumAMMiE=
-3,-142,gQDJqz5kS3vBsZ213tVHFCz3b/4=,0+wkj2WQdJWmv34WnBWLumAMMiE=
-4,-141,gQDJqz5kS3vBsZ213tVHFCz3b/4=,0+wkj2WQdJWmv34WnBWLumAMMiE=
-2,-142,gQDJqz5kS3vBsZ213tVHFCz3b/4=,0+wkj2WQdJWmv34WnBWLumAMMiE=
-4,-142,gQDJqz5kS3vBsZ213tVHFCz3b/4=,0+wkj2WQdJWmv34WnBWLumAMMiE=
-1,-143,gQDJqz5kS3vBsZ213tVHFCz3b/4=,0+wkj2WQdJWmv34WnBWLumAMMiE=
-5,-142,gQDJqz5kS3vBsZ213tVHFCz3b/4=,0+wkj2WQdJWmv34WnBWLumAMMiE=
-1,-129,gQDJqz5kS3vBsZ213tVHFCz3b/4=,0+wkj2WQdJWmv34WnBWLumAMMiE=
-12,-144,gQDJqz5kS3vBsZ213tVHFCz3b/4=,0+wkj2WQdJWmv34WnBWLumAMMiE=
-6,-142,gQDJqz5kS3vBsZ213tVHFCz3b/4=,0+wkj2WQdJWmv34WnBWLumAMMiE=
-7,-142,gQDJqz5kS3vBsZ213tVHFCz3b/4=,0+wkj2WQdJWmv34WnBWLumAMMiE=
-3,-141,gQDJqz5kS3vBsZ213tVHFCz3b/4=,0+wkj2WQdJWmv34WnBWLumAMMiE=
-8,-142,gQDJqz5kS3vBsZ213tVHFCz3b/4=,0+wkj2WQdJWmv34WnBWLumAMMiE=
-2,-141,gQDJqz5kS3vBsZ213tVHFCz3b/4=,0+wkj2WQdJWmv34WnBWLumAMMiE=
-9,-142,gQDJqz5kS3vBsZ213tVHFCz3b/4=,0+wkj2WQdJWmv34WnBWLumAMMiE=
-11,-144,gQDJqz5kS3vBsZ213tVHFCz3b/4=,0+wkj2WQdJWmv34WnBWLumAMMiE=
-1,-141,gQDJqz5kS3vBsZ213tVHFCz3b/4=,0+wkj2WQdJWmv34WnBWLumAMMiE=
-16,-140,gQDJqz5kS3vBsZ213tVHFCz3b/4=,0+wkj2WQdJWmv34WnBWLumAMMiE=
-10,-142,gQDJqz5kS3vBsZ213tVHFCz3b/4=,0+wkj2WQdJWmv34WnBWLumAMMiE=
-11,-142,gQDJqz5kS3vBsZ213tVHFCz3b/4=,0+wkj2WQdJWmv34WnBWLumAMMiE=
-14,-143,gQDJqz5kS3vBsZ213tVHFCz3b/4=,0+wkj2WQdJWmv34WnBWLumAMMiE=
-12,-142,gQDJqz5kS3vBsZ213tVHFCz3b/4=,0+wkj2WQdJWmv34WnBWLumAMMiE=
-13,-142,gQDJqz5kS3vBsZ213tVHFCz3b/4=,0+wkj2WQdJWmv34WnBWLumAMMiE=
-15,-140,gQDJqz5kS3vBsZ213tVHFCz3b/4=,0+wkj2WQdJWmv34WnBWLumAMMiE=
-14,-142,gQDJqz5kS3vBsZ213tVHFCz3b/4=,0+wkj2WQdJWmv34WnBWLumAMMiE=
-15,-142,gQDJqz5kS3vBsZ213tVHFCz3b/4=,0+wkj2WQdJWmv34WnBWLumAMMiE=
-14,-140,gQDJqz5kS3vBsZ213tVHFCz3b/4=,0+wkj2WQdJWmv34WnBWLumAMMiE=
-2,-129,gQDJqz5kS3vBsZ213tVHFCz3b/4=,0+wkj2WQdJWmv34WnBWLumAMMiE=
-16,-142,gQDJqz5kS3vBsZ213tVHFCz3b/4=,0+wkj2WQdJWmv34WnBWLumAMMiE=
-14,-144,gQDJqz5kS3vBsZ213tVHFCz3b/4=,0+wkj2WQdJWmv34WnBWLumAMMiE=
-13,-140,0os8MiWmsz7ONh641kd+X3OQNTo=,0+wkj2WQdJWmv34WnBWLumAMMiE=
-5,-141,0os8MiWmsz7ONh641kd+X3OQNTo=,0+wkj2WQdJWmv34WnBWLumAMMiE=
-3,-129,0os8MiWmsz7ONh641kd+X3OQNTo=,0+wkj2WQdJWmv34WnBWLumAMMiE=
-12,-140,0os8MiWmsz7ONh641kd+X3OQNTo=,0+wkj2WQdJWmv34WnBWLumAMMiE=
-6,-141,0os8MiWmsz7ONh641kd+X3OQNTo=,0+wkj2WQdJWmv34WnBWLumAMMiE=
-4,-129,0os8MiWmsz7ONh641kd+X3OQNTo=,0+wkj2WQdJWmv34WnBWLumAMMiE=
-5,-129,0os8MiWmsz7ONh641kd+X3OQNTo=,0+wkj2WQdJWmv34WnBWLumAMMiE=
-11,-140,0os8MiWmsz7ONh641kd+X3OQNTo=,0+wkj2WQdJWmv34WnBWLumAMMiE=
-6,-129,0os8MiWmsz7ONh641kd+X3OQNTo=,0+wkj2WQdJWmv34WnBWLumAMMiE=
-8,-129,0os8MiWmsz7ONh641kd+X3OQNTo=,0+wkj2WQdJWmv34WnBWLumAMMiE=
-7,-129,0os8MiWmsz7ONh641kd+X3OQNTo=,0+wkj2WQdJWmv34WnBWLumAMMiE=
-9,-129,0os8MiWmsz7ONh641kd+X3OQNTo=,0+wkj2WQdJWmv34WnBWLumAMMiE=
-10,-140,0os8MiWmsz7ONh641kd+X3OQNTo=,0+wkj2WQdJWmv34WnBWLumAMMiE=
-10,-129,0os8MiWmsz7ONh641kd+X3OQNTo=,0+wkj2WQdJWmv34WnBWLumAMMiE=
-11,-129,0os8MiWmsz7ONh641kd+X3OQNTo=,0+wkj2WQdJWmv34WnBWLumAMMiE=
-13,-129,0os8MiWmsz7ONh641kd+X3OQNTo=,0+wkj2WQdJWmv34WnBWLumAMMiE=
-14,-129,0os8MiWmsz7ONh641kd+X3OQNTo=,0+wkj2WQdJWmv34WnBWLumAMMiE=
-15,-129,0os8MiWmsz7ONh641kd+X3OQNTo=,0+wkj2WQdJWmv34WnBWLumAMMiE=
-16,-129,0os8MiWmsz7ONh641kd+X3OQNTo=,0+wkj2WQdJWmv34WnBWLumAMMiE=
-2,-143,0os8MiWmsz7ONh641kd+X3OQNTo=,0+wkj2WQdJWmv34WnBWLumAMMiE=
-12,-129,0os8MiWmsz7ONh641kd+X3OQNTo=,0+wkj2WQdJWmv34WnBWLumAMMiE=
-9,-140,0os8MiWmsz7ONh641kd+X3OQNTo=,0+wkj2WQdJWmv34WnBWLumAMMiE=
-2,-130,0os8MiWmsz7ONh641kd+X3OQNTo=,0+wkj2WQdJWmv34WnBWLumAMMiE=
-1,-130,0os8MiWmsz7ONh641kd+X3OQNTo=,0+wkj2WQdJWmv34WnBWLumAMMiE=
-8,-140,0os8MiWmsz7ONh641kd+X3OQNTo=,0+wkj2WQdJWmv34WnBWLumAMMiE=
-3,-130,0os8MiWmsz7ONh641kd+X3OQNTo=,0+wkj2WQdJWmv34WnBWLumAMMiE=
-4,-130,0os8MiWmsz7ONh641kd+X3OQNTo=,0+wkj2WQdJWmv34WnBWLumAMMiE=
-5,-130,0os8MiWmsz7ONh641kd+X3OQNTo=,0+wkj2WQdJWmv34WnBWLumAMMiE=
-7,-140,0os8MiWmsz7ONh641kd+X3OQNTo=,0+wkj2WQdJWmv34WnBWLumAMMiE=
-6,-130,0os8MiWmsz7ONh641kd+X3OQNTo=,0+wkj2WQdJWmv34WnBWLumAMMiE=
-7,-130,0os8MiWmsz7ONh641kd+X3OQNTo=,0+wkj2WQdJWmv34WnBWLumAMMiE=
-6,-140,0os8MiWmsz7ONh641kd+X3OQNTo=,0+wkj2WQdJWmv34WnBWLumAMMiE=
-1,-142,0os8MiWmsz7ONh641kd+X3OQNTo=,0+wkj2WQdJWmv34WnBWLumAMMiE=
-8,-130,0os8MiWmsz7ONh641kd+X3OQNTo=,0+wkj2WQdJWmv34WnBWLumAMMiE=
-5,-140,0os8MiWmsz7ONh641kd+X3OQNTo=,0+wkj2WQdJWmv34WnBWLumAMMiE=
-10,-130,0os8MiWmsz7ONh641kd+X3OQNTo=,0+wkj2WQdJWmv34WnBWLumAMMiE=
-11,-130,0os8MiWmsz7ONh641kd+X3OQNTo=,0+wkj2WQdJWmv34WnBWLumAMMiE=
-9,-130,0os8MiWmsz7ONh641kd+X3OQNTo=,0+wkj2WQdJWmv34WnBWLumAMMiE=
-13,-130,0os8MiWmsz7ONh641kd+X3OQNTo=,0+wkj2WQdJWmv34WnBWLumAMMiE=
-14,-130,0os8MiWmsz7ONh641kd+X3OQNTo=,0+wkj2WQdJWmv34WnBWLumAMMiE=
-12,-130,0os8MiWmsz7ONh641kd+X3OQNTo=,0+wkj2WQdJWmv34WnBWLumAMMiE=
-15,-143,0os8MiWmsz7ONh641kd+X3OQNTo=,0+wkj2WQdJWmv34WnBWLumAMMiE=
-16,-144,0os8MiWmsz7ONh641kd+X3OQNTo=,0+wkj2WQdJWmv34WnBWLumAMMiE=
-7,-141,0os8MiWmsz7ONh641kd+X3OQNTo=,0+wkj2WQdJWmv34WnBWLumAMMiE=
-15,-130,0os8MiWmsz7ONh641kd+X3OQNTo=,0+wkj2WQdJWmv34WnBWLumAMMiE=
-10,-144,0os8MiWmsz7ONh641kd+X3OQNTo=,0+wkj2WQdJWmv34WnBWLumAMMiE=
-16,-143,0os8MiWmsz7ONh641kd+X3OQNTo=,0+wkj2WQdJWmv34WnBWLumAMMiE=
-16,-130,0os8MiWmsz7ONh641kd+X3OQNTo=,0+wkj2WQdJWmv34WnBWLumAMMiE=
-15,-144,0os8MiWmsz7ONh641kd+X3OQNTo=,0+wkj2WQdJWmv34WnBWLumAMMiE=
-2,-131,0os8MiWmsz7ONh641kd+X3OQNTo=,0+wkj2WQdJWmv34WnBWLumAMMiE=
-4,-140,0os8MiWmsz7ONh641kd+X3OQNTo=,0+wkj2WQdJWmv34WnBWLumAMMiE=
-1,-131,0os8MiWmsz7ONh641kd+X3OQNTo=,0+wkj2WQdJWmv34WnBWLumAMMiE=
-3,-131,0os8MiWmsz7ONh641kd+X3OQNTo=,0+wkj2WQdJWmv34WnBWLumAMMiE=
-3,-140,0os8MiWmsz7ONh641kd+X3OQNTo=,0+wkj2WQdJWmv34WnBWLumAMMiE=
-4,-131,0os8MiWmsz7ONh641kd+X3OQNTo=,0+wkj2WQdJWmv34WnBWLumAMMiE=
-5,-131,0os8MiWmsz7ONh641kd+X3OQNTo=,0+wkj2WQdJWmv34WnBWLumAMMiE=
-2,-140,0os8MiWmsz7ONh641kd+X3OQNTo=,0+wkj2WQdJWmv34WnBWLumAMMiE=
-6,-131,0os8MiWmsz7ONh641kd+X3OQNTo=,0+wkj2WQdJWmv34WnBWLumAMMiE=
-1,-140,0os8MiWmsz7ONh641kd+X3OQNTo=,0+wkj2WQdJWmv34WnBWLumAMMiE=
-16,-139,0os8MiWmsz7ONh641kd+X3OQNTo=,0+wkj2WQdJWmv34WnBWLumAMMiE=
-7,-131,0os8MiWmsz7ONh641kd+X3OQNTo=,0+wkj2WQdJWmv34WnBWLumAMMiE=
-8,-131,0os8MiWmsz7ONh641kd+X3OQNTo=,0+wkj2WQdJWmv34WnBWLumAMMiE=
-13,-143,0os8MiWmsz7ONh641kd+X3OQNTo=,0+wkj2WQdJWmv34WnBWLumAMMiE=
-9,-131,0os8MiWmsz7ONh641kd+X3OQNTo=,0+wkj2WQdJWmv34WnBWLumAMMiE=
-10,-131,0os8MiWmsz7ONh641kd+X3OQNTo=,0+wkj2WQdJWmv34WnBWLumAMMiE=
-12,-131,0os8MiWmsz7ONh641kd+X3OQNTo=,0+wkj2WQdJWmv34WnBWLumAMMiE=
-13,-131,0os8MiWmsz7ONh641kd+X3OQNTo=,0+wkj2WQdJWmv34WnBWLumAMMiE=
-15,-139,0os8MiWmsz7ONh641kd+X3OQNTo=,0+wkj2WQdJWmv34WnBWLumAMMiE=
-11,-131,0os8MiWmsz7ONh641kd+X3OQNTo=,0+wkj2WQdJWmv34WnBWLumAMMiE=
-1,-144,0os8MiWmsz7ONh641kd+X3OQNTo=,0+wkj2WQdJWmv34WnBWLumAMMiE=
-3,-143,0os8MiWmsz7ONh641kd+X3OQNTo=,0+wkj2WQdJWmv34WnBWLumAMMiE=
-14,-131,0os8MiWmsz7ONh641kd+X3OQNTo=,0+wkj2WQdJWmv34WnBWLumAMMiE=
-15,-131,0os8MiWmsz7ONh641kd+X3OQNTo=,0+wkj2WQdJWmv34WnBWLumAMMiE=
-14,-139,0os8MiWmsz7ONh641kd+X3OQNTo=,0+wkj2WQdJWmv34WnBWLumAMMiE=
-4,-143,0os8MiWmsz7ONh641kd+X3OQNTo=,0+wkj2WQdJWmv34WnBWLumAMMiE=
-16,-131,0os8MiWmsz7ONh641kd+X3OQNTo=,0+wkj2WQdJWmv34WnBWLumAMMiE=
-13,-139,0os8MiWmsz7ONh641kd+X3OQNTo=,0+wkj2WQdJWmv34WnBWLumAMMiE=
-8,-141,0os8MiWmsz7ONh641kd+X3OQNTo=,0+wkj2WQdJWmv34WnBWLumAMMiE=
-2,-132,0os8MiWmsz7ONh641kd+X3OQNTo=,0+wkj2WQdJWmv34WnBWLumAMMiE=
-1,-132,0os8MiWmsz7ONh641kd+X3OQNTo=,0+wkj2WQdJWmv34WnBWLumAMMiE=
-3,-132,0os8MiWmsz7ONh641kd+X3OQNTo=,0+wkj2WQdJWmv34WnBWLumAMMiE=
-5,-132,0os8MiWmsz7ONh641kd+X3OQNTo=,0+wkj2WQdJWmv34WnBWLumAMMiE=
-12,-139,0os8MiWmsz7ONh641kd+X3OQNTo=,0+wkj2WQdJWmv34WnBWLumAMMiE=
-4,-132,0os8MiWmsz7ONh641kd+X3OQNTo=,0+wkj2WQdJWmv34WnBWLumAMMiE=
-6,-132,0os8MiWmsz7ONh641kd+X3OQNTo=,0+wkj2WQdJWmv34WnBWLumAMMiE=
-11,-139,0os8MiWmsz7ONh641kd+X3OQNTo=,0+wkj2WQdJWmv34WnBWLumAMMiE=
-7,-132,0os8MiWmsz7ONh641kd+X3OQNTo=,0+wkj2WQdJWmv34WnBWLumAMMiE=
-8,-132,0os8MiWmsz7ONh641kd+X3OQNTo=,0+wkj2WQdJWmv34WnBWLumAMMiE=
-10,-139,0os8MiWmsz7ONh641kd+X3OQNTo=,0+wkj2WQdJWmv34WnBWLumAMMiE=
-9,-132,0os8MiWmsz7ONh641kd+X3OQNTo=,0+wkj2WQdJWmv34WnBWLumAMMiE=
-10,-132,0os8MiWmsz7ONh641kd+X3OQNTo=,0+wkj2WQdJWmv34WnBWLumAMMiE=
-11,-132,0os8MiWmsz7ONh641kd+X3OQNTo=,0+wkj2WQdJWmv34WnBWLumAMMiE=
-2,-144,0os8MiWmsz7ONh641kd+X3OQNTo=,0+wkj2WQdJWmv34WnBWLumAMMiE=
-12,-132,0os8MiWmsz7ONh641kd+X3OQNTo=,0+wkj2WQdJWmv34WnBWLumAMMiE=
-9,-139,0os8MiWmsz7ONh641kd+X3OQNTo=,0+wkj2WQdJWmv34WnBWLumAMMiE=
-13,-132,0os8MiWmsz7ONh641kd+X3OQNTo=,0+wkj2WQdJWmv34WnBWLumAMMiE=
-14,-132,0os8MiWmsz7ONh641kd+X3OQNTo=,0+wkj2WQdJWmv34WnBWLumAMMiE=
-15,-132,0os8MiWmsz7ONh641kd+X3OQNTo=,0+wkj2WQdJWmv34WnBWLumAMMiE=
-16,-132,0os8MiWmsz7ONh641kd+X3OQNTo=,0+wkj2WQdJWmv34WnBWLumAMMiE=
-9,-141,0os8MiWmsz7ONh641kd+X3OQNTo=,0+wkj2WQdJWmv34WnBWLumAMMiE=
-8,-139,0os8MiWmsz7ONh641kd+X3OQNTo=,0+wkj2WQdJWmv34WnBWLumAMMiE=
-5,-143,0os8MiWmsz7ONh641kd+X3OQNTo=,0+wkj2WQdJWmv34WnBWLumAMMiE=
-1,-133,0os8MiWmsz7ONh641kd+X3OQNTo=,0+wkj2WQdJWmv34WnBWLumAMMiE=
-7,-139,0os8MiWmsz7ONh641kd+X3OQNTo=,0+wkj2WQdJWmv34WnBWLumAMMiE=
-3,-133,0os8MiWmsz7ONh641kd+X3OQNTo=,0+wkj2WQdJWmv34WnBWLumAMMiE=
-2,-133,0os8MiWmsz7ONh641kd+X3OQNTo=,0+wkj2WQdJWmv34WnBWLumAMMiE=
-6,-139,0os8MiWmsz7ONh641kd+X3OQNTo=,0+wkj2WQdJWmv34WnBWLumAMMiE=
-4,-133,0os8MiWmsz7ONh641kd+X3OQNTo=,0+wkj2WQdJWmv34WnBWLumAMMiE=
-5,-133,0os8MiWmsz7ONh641kd+X3OQNTo=,0+wkj2WQdJWmv34WnBWLumAMMiE=
-16,-141,0os8MiWmsz7ONh641kd+X3OQNTo=,0+wkj2WQdJWmv34WnBWLumAMMiE=
-6,-133,0os8MiWmsz7ONh641kd+X3OQNTo=,0+wkj2WQdJWmv34WnBWLumAMMiE=
-7,-133,0os8MiWmsz7ONh641kd+X3OQNTo=,0+wkj2WQdJWmv34WnBWLumAMMiE=
-12,-143,0os8MiWmsz7ONh641kd+X3OQNTo=,0+wkj2WQdJWmv34WnBWLumAMMiE=
-8,-133,0os8MiWmsz7ONh641kd+X3OQNTo=,0+wkj2WQdJWmv34WnBWLumAMMiE=
-9,-133,0os8MiWmsz7ONh641kd+X3OQNTo=,0+wkj2WQdJWmv34WnBWLumAMMiE=
-9,-144,0os8MiWmsz7ONh641kd+X3OQNTo=,0+wkj2WQdJWmv34WnBWLumAMMiE=
-10,-133,0os8MiWmsz7ONh641kd+X3OQNTo=,0+wkj2WQdJWmv34WnBWLumAMMiE=
-3,-144,0os8MiWmsz7ONh641kd+X3OQNTo=,0+wkj2WQdJWmv34WnBWLumAMMiE=
-11,-133,0os8MiWmsz7ONh641kd+X3OQNTo=,0+wkj2WQdJWmv34WnBWLumAMMiE=
-5,-139,0os8MiWmsz7ONh641kd+X3OQNTo=,0+wkj2WQdJWmv34WnBWLumAMMiE=
-12,-133,0os8MiWmsz7ONh641kd+X3OQNTo=,0+wkj2WQdJWmv34WnBWLumAMMiE=
-13,-133,0os8MiWmsz7ONh641kd+X3OQNTo=,0+wkj2WQdJWmv34WnBWLumAMMiE=
-14,-133,0os8MiWmsz7ONh641kd+X3OQNTo=,0+wkj2WQdJWmv34WnBWLumAMMiE=
-15,-133,0os8MiWmsz7ONh641kd+X3OQNTo=,0+wkj2WQdJWmv34WnBWLumAMMiE=
-16,-133,0os8MiWmsz7ONh641kd+X3OQNTo=,0+wkj2WQdJWmv34WnBWLumAMMiE=
-10,-141,0os8MiWmsz7ONh641kd+X3OQNTo=,0+wkj2WQdJWmv34WnBWLumAMMiE=
-4,-139,0os8MiWmsz7ONh641kd+X3OQNTo=,0+wkj2WQdJWmv34WnBWLumAMMiE=
-6,-143,0os8MiWmsz7ONh641kd+X3OQNTo=,0+wkj2WQdJWmv34WnBWLumAMMiE=
-1,-134,0os8MiWmsz7ONh641kd+X3OQNTo=,0+wkj2WQdJWmv34WnBWLumAMMiE=
-2,-134,0os8MiWmsz7ONh641kd+X3OQNTo=,0+wkj2WQdJWmv34WnBWLumAMMiE=
-3,-139,0os8MiWmsz7ONh641kd+X3OQNTo=,0+wkj2WQdJWmv34WnBWLumAMMiE=
-3,-134,0os8MiWmsz7ONh641kd+X3OQNTo=,0+wkj2WQdJWmv34WnBWLumAMMiE=
-4,-134,0os8MiWmsz7ONh641kd+X3OQNTo=,0+wkj2WQdJWmv34WnBWLumAMMiE=
-5,-134,0os8MiWmsz7ONh641kd+X3OQNTo=,0+wkj2WQdJWmv34WnBWLumAMMiE=
-2,-139,0os8MiWmsz7ONh641kd+X3OQNTo=,0+wkj2WQdJWmv34WnBWLumAMMiE=
-6,-134,0os8MiWmsz7ONh641kd+X3OQNTo=,0+wkj2WQdJWmv34WnBWLumAMMiE=
-7,-134,0os8MiWmsz7ONh641kd+X3OQNTo=,0+wkj2WQdJWmv34WnBWLumAMMiE=
-1,-139,0os8MiWmsz7ONh641kd+X3OQNTo=,0+wkj2WQdJWmv34WnBWLumAMMiE=
-8,-134,0os8MiWmsz7ONh641kd+X3OQNTo=,0+wkj2WQdJWmv34WnBWLumAMMiE=
-9,-134,0os8MiWmsz7ONh641kd+X3OQNTo=,0+wkj2WQdJWmv34WnBWLumAMMiE=
-11,-143,0os8MiWmsz7ONh641kd+X3OQNTo=,0+wkj2WQdJWmv34WnBWLumAMMiE=
-10,-134,0os8MiWmsz7ONh641kd+X3OQNTo=,0+wkj2WQdJWmv34WnBWLumAMMiE=
-4,-144,0os8MiWmsz7ONh641kd+X3OQNTo=,0+wkj2WQdJWmv34WnBWLumAMMiE=
-16,-138,0os8MiWmsz7ONh641kd+X3OQNTo=,0+wkj2WQdJWmv34WnBWLumAMMiE=
-11,-134,0os8MiWmsz7ONh641kd+X3OQNTo=,0+wkj2WQdJWmv34WnBWLumAMMiE=
-15,-138,0os8MiWmsz7ONh641kd+X3OQNTo=,0+wkj2WQdJWmv34WnBWLumAMMiE=
-11,-141,0os8MiWmsz7ONh641kd+X3OQNTo=,0+wkj2WQdJWmv34WnBWLumAMMiE=
-13,-134,0os8MiWmsz7ONh641kd+X3OQNTo=,0+wkj2WQdJWmv34WnBWLumAMMiE=
-14,-134,0os8MiWmsz7ONh641kd+X3OQNTo=,0+wkj2WQdJWmv34WnBWLumAMMiE=
-15,-134,0os8MiWmsz7ONh641kd+X3OQNTo=,0+wkj2WQdJWmv34WnBWLumAMMiE=
-12,-134,0os8MiWmsz7ONh641kd+X3OQNTo=,0+wkj2WQdJWmv34WnBWLumAMMiE=
-14,-138,0os8MiWmsz7ONh641kd+X3OQNTo=,0+wkj2WQdJWmv34WnBWLumAMMiE=
-16,-134,0os8MiWmsz7ONh641kd+X3OQNTo=,0+wkj2WQdJWmv34WnBWLumAMMiE=
-1,-135,0os8MiWmsz7ONh641kd+X3OQNTo=,0+wkj2WQdJWmv34WnBWLumAMMiE=
-7,-143,0os8MiWmsz7ONh641kd+X3OQNTo=,0+wkj2WQdJWmv34WnBWLumAMMiE=
-3,-135,0os8MiWmsz7ONh641kd+X3OQNTo=,0+wkj2WQdJWmv34WnBWLumAMMiE=
-2,-135,0os8MiWmsz7ONh641kd+X3OQNTo=,0+wkj2WQdJWmv34WnBWLumAMMiE=
-12,-138,0os8MiWmsz7ONh641kd+X3OQNTo=,0+wkj2WQdJWmv34WnBWLumAMMiE=
-13,-138,0os8MiWmsz7ONh641kd+X3OQNTo=,0+wkj2WQdJWmv34WnBWLumAMMiE=
-4,-135,0os8MiWmsz7ONh641kd+X3OQNTo=,0+wkj2WQdJWmv34WnBWLumAMMiE=
-5,-135,0os8MiWmsz7ONh641kd+X3OQNTo=,0+wkj2WQdJWmv34WnBWLumAMMiE=
-11,-138,0os8MiWmsz7ONh641kd+X3OQNTo=,0+wkj2WQdJWmv34WnBWLumAMMiE=
-6,-135,0os8MiWmsz7ONh641kd+X3OQNTo=,0+wkj2WQdJWmv34WnBWLumAMMiE=
-7,-135,0os8MiWmsz7ONh641kd+X3OQNTo=,0+wkj2WQdJWmv34WnBWLumAMMiE=
-10,-138,0os8MiWmsz7ONh641kd+X3OQNTo=,0+wkj2WQdJWmv34WnBWLumAMMiE=
-8,-135,0os8MiWmsz7ONh641kd+X3OQNTo=,0+wkj2WQdJWmv34WnBWLumAMMiE=
-9,-135,0os8MiWmsz7ONh641kd+X3OQNTo=,0+wkj2WQdJWmv34WnBWLumAMMiE=
-9,-138,0os8MiWmsz7ONh641kd+X3OQNTo=,0+wkj2WQdJWmv34WnBWLumAMMiE=
-5,-144,0os8MiWmsz7ONh641kd+X3OQNTo=,0+wkj2WQdJWmv34WnBWLumAMMiE=
-12,-141,0os8MiWmsz7ONh641kd+X3OQNTo=,0+wkj2WQdJWmv34WnBWLumAMMiE=
-8,-138,0os8MiWmsz7ONh641kd+X3OQNTo=,0+wkj2WQdJWmv34WnBWLumAMMiE=
-11,-135,0os8MiWmsz7ONh641kd+X3OQNTo=,0+wkj2WQdJWmv34WnBWLumAMMiE=
-10,-135,0os8MiWmsz7ONh641kd+X3OQNTo=,0+wkj2WQdJWmv34WnBWLumAMMiE=
-7,-138,0os8MiWmsz7ONh641kd+X3OQNTo=,0+wkj2WQdJWmv34WnBWLumAMMiE=
-15,-141,0os8MiWmsz7ONh641kd+X3OQNTo=,0+wkj2WQdJWmv34WnBWLumAMMiE=
-12,-135,0os8MiWmsz7ONh641kd+X3OQNTo=,0+wkj2WQdJWmv34WnBWLumAMMiE=
-13,-135,0os8MiWmsz7ONh641kd+X3OQNTo=,0+wkj2WQdJWmv34WnBWLumAMMiE=
-14,-135,0os8MiWmsz7ONh641kd+X3OQNTo=,0+wkj2WQdJWmv34WnBWLumAMMiE=
-15,-135,0os8MiWmsz7ONh641kd+X3OQNTo=,0+wkj2WQdJWmv34WnBWLumAMMiE=
-16,-135,0os8MiWmsz7ONh641kd+X3OQNTo=,0+wkj2WQdJWmv34WnBWLumAMMiE=
-8,-144,0os8MiWmsz7ONh641kd+X3OQNTo=,0+wkj2WQdJWmv34WnBWLumAMMiE=
-8,-143,0os8MiWmsz7ONh641kd+X3OQNTo=,0+wkj2WQdJWmv34WnBWLumAMMiE=
-1,-136,0os8MiWmsz7ONh641kd+X3OQNTo=,0+wkj2WQdJWmv34WnBWLumAMMiE=
-6,-138,0os8MiWmsz7ONh641kd+X3OQNTo=,0+wkj2WQdJWmv34WnBWLumAMMiE=
-2,-136,0os8MiWmsz7ONh641kd+X3OQNTo=,0+wkj2WQdJWmv34WnBWLumAMMiE=
-3,-136,0os8MiWmsz7ONh641kd+X3OQNTo=,0+wkj2WQdJWmv34WnBWLumAMMiE=
-5,-138,0os8MiWmsz7ONh641kd+X3OQNTo=,0+wkj2WQdJWmv34WnBWLumAMMiE=
-5,-136,0os8MiWmsz7ONh641kd+X3OQNTo=,0+wkj2WQdJWmv34WnBWLumAMMiE=
-4,-136,0os8MiWmsz7ONh641kd+X3OQNTo=,0+wkj2WQdJWmv34WnBWLumAMMiE=
-4,-138,0os8MiWmsz7ONh641kd+X3OQNTo=,0+wkj2WQdJWmv34WnBWLumAMMiE=
-6,-136,0os8MiWmsz7ONh641kd+X3OQNTo=,0+wkj2WQdJWmv34WnBWLumAMMiE=
-7,-136,0os8MiWmsz7ONh641kd+X3OQNTo=,0+wkj2WQdJWmv34WnBWLumAMMiE=
-3,-138,0os8MiWmsz7ONh641kd+X3OQNTo=,0+wkj2WQdJWmv34WnBWLumAMMiE=
-8,-136,0os8MiWmsz7ONh641kd+X3OQNTo=,0+wkj2WQdJWmv34WnBWLumAMMiE=
-6,-144,0os8MiWmsz7ONh641kd+X3OQNTo=,0+wkj2WQdJWmv34WnBWLumAMMiE=
-2,-138,0os8MiWmsz7ONh641kd+X3OQNTo=,0+wkj2WQdJWmv34WnBWLumAMMiE=
-13,-141,0os8MiWmsz7ONh641kd+X3OQNTo=,0+wkj2WQdJWmv34WnBWLumAMMiE=
-9,-136,0os8MiWmsz7ONh641kd+X3OQNTo=,0+wkj2WQdJWmv34WnBWLumAMMiE=
-1,-138,0os8MiWmsz7ONh641kd+X3OQNTo=,0+wkj2WQdJWmv34WnBWLumAMMiE=
-11,-136,0os8MiWmsz7ONh641kd+X3OQNTo=,0+wkj2WQdJWmv34WnBWLumAMMiE=
-12,-136,0os8MiWmsz7ONh641kd+X3OQNTo=,0+wkj2WQdJWmv34WnBWLumAMMiE=
-13,-136,0os8MiWmsz7ONh641kd+X3OQNTo=,0+wkj2WQdJWmv34WnBWLumAMMiE=
-10,-143,0os8MiWmsz7ONh641kd+X3OQNTo=,0+wkj2WQdJWmv34WnBWLumAMMiE=
-16,-137,0os8MiWmsz7ONh641kd+X3OQNTo=,0+wkj2WQdJWmv34WnBWLumAMMiE=
-14,-136,0os8MiWmsz7ONh641kd+X3OQNTo=,0+wkj2WQdJWmv34WnBWLumAMMiE=
-15,-137,0os8MiWmsz7ONh641kd+X3OQNTo=,0+wkj2WQdJWmv34WnBWLumAMMiE=
-10,-136,0os8MiWmsz7ONh641kd+X3OQNTo=,0+wkj2WQdJWmv34WnBWLumAMMiE=
-15,-136,0os8MiWmsz7ONh641kd+X3OQNTo=,0+wkj2WQdJWmv34WnBWLumAMMiE=
-14,-137,0os8MiWmsz7ONh641kd+X3OQNTo=,0+wkj2WQdJWmv34WnBWLumAMMiE=
-16,-136,0os8MiWmsz7ONh641kd+X3OQNTo=,0+wkj2WQdJWmv34WnBWLumAMMiE=
-9,-143,0os8MiWmsz7ONh641kd+X3OQNTo=,0+wkj2WQdJWmv34WnBWLumAMMiE=
-13,-137,0os8MiWmsz7ONh641kd+X3OQNTo=,0+wkj2WQdJWmv34WnBWLumAMMiE=
-1,-137,0os8MiWmsz7ONh641kd+X3OQNTo=,0+wkj2WQdJWmv34WnBWLumAMMiE=
-2,-137,0os8MiWmsz7ONh641kd+X3OQNTo=,0+wkj2WQdJWmv34WnBWLumAMMiE=
-12,-137,0os8MiWmsz7ONh641kd+X3OQNTo=,0+wkj2WQdJWmv34WnBWLumAMMiE=
-3,-137,0os8MiWmsz7ONh641kd+X3OQNTo=,0+wkj2WQdJWmv34WnBWLumAMMiE=
-4,-137,0os8MiWmsz7ONh641kd+X3OQNTo=,0+wkj2WQdJWmv34WnBWLumAMMiE=
-5,-137,0os8MiWmsz7ONh641kd+X3OQNTo=,0+wkj2WQdJWmv34WnBWLumAMMiE=
-6,-137,0os8MiWmsz7ONh641kd+X3OQNTo=,0+wkj2WQdJWmv34WnBWLumAMMiE=
-7,-137,0os8MiWmsz7ONh641kd+X3OQNTo=,0+wkj2WQdJWmv34WnBWLumAMMiE=
-7,-144,0os8MiWmsz7ONh641kd+X3OQNTo=,0+wkj2WQdJWmv34WnBWLumAMMiE=
-14,-141,0os8MiWmsz7ONh641kd+X3OQNTo=,0+wkj2WQdJWmv34WnBWLumAMMiE=
-11,-137,0os8MiWmsz7ONh641kd+X3OQNTo=,0+wkj2WQdJWmv34WnBWLumAMMiE=
-8,-137,0os8MiWmsz7ONh641kd+X3OQNTo=,0+wkj2WQdJWmv34WnBWLumAMMiE=
-9,-137,0os8MiWmsz7ONh641kd+X3OQNTo=,0+wkj2WQdJWmv34WnBWLumAMMiE=
-10,-137,0os8MiWmsz7ONh641kd+X3OQNTo=,0+wkj2WQdJWmv34WnBWLumAMMiE=
-2,-145,0os8MiWmsz7ONh641kd+X3OQNTo=,0+iZQda9UclFWxolCN5fz0vKAfs=
-2,-158,0os8MiWmsz7ONh641kd+X3OQNTo=,0+iZQda9UclFWxolCN5fz0vKAfs=
-1,-158,0os8MiWmsz7ONh641kd+X3OQNTo=,0+iZQda9UclFWxolCN5fz0vKAfs=
-16,-157,0os8MiWmsz7ONh641kd+X3OQNTo=,0+iZQda9UclFWxolCN5fz0vKAfs=
-15,-157,0os8MiWmsz7ONh641kd+X3OQNTo=,0+iZQda9UclFWxolCN5fz0vKAfs=
-1,-145,0os8MiWmsz7ONh641kd+X3OQNTo=,0+iZQda9UclFWxolCN5fz0vKAfs=
-3,-145,0os8MiWmsz7ONh641kd+X3OQNTo=,0+iZQda9UclFWxolCN5fz0vKAfs=
-3,-158,0os8MiWmsz7ONh641kd+X3OQNTo=,0+iZQda9UclFWxolCN5fz0vKAfs=
-14,-157,0os8MiWmsz7ONh641kd+X3OQNTo=,0+iZQda9UclFWxolCN5fz0vKAfs=
-13,-157,0os8MiWmsz7ONh641kd+X3OQNTo=,0+iZQda9UclFWxolCN5fz0vKAfs=
-16,-158,0os8MiWmsz7ONh641kd+X3OQNTo=,0+iZQda9UclFWxolCN5fz0vKAfs=
-4,-145,0os8MiWmsz7ONh641kd+X3OQNTo=,0+iZQda9UclFWxolCN5fz0vKAfs=
-13,-160,0os8MiWmsz7ONh641kd+X3OQNTo=,0+iZQda9UclFWxolCN5fz0vKAfs=
-12,-160,0os8MiWmsz7ONh641kd+X3OQNTo=,0+iZQda9UclFWxolCN5fz0vKAfs=
-12,-157,0os8MiWmsz7ONh641kd+X3OQNTo=,0+iZQda9UclFWxolCN5fz0vKAfs=
-11,-157,0os8MiWmsz7ONh641kd+X3OQNTo=,0+iZQda9UclFWxolCN5fz0vKAfs=
-10,-157,0os8MiWmsz7ONh641kd+X3OQNTo=,0+iZQda9UclFWxolCN5fz0vKAfs=
-9,-157,0os8MiWmsz7ONh641kd+X3OQNTo=,0+iZQda9UclFWxolCN5fz0vKAfs=
-8,-157,0os8MiWmsz7ONh641kd+X3OQNTo=,0+iZQda9UclFWxolCN5fz0vKAfs=
-7,-157,0os8MiWmsz7ONh641kd+X3OQNTo=,0+iZQda9UclFWxolCN5fz0vKAfs=
-6,-157,0os8MiWmsz7ONh641kd+X3OQNTo=,0+iZQda9UclFWxolCN5fz0vKAfs=
-5,-157,0os8MiWmsz7ONh641kd+X3OQNTo=,0+iZQda9UclFWxolCN5fz0vKAfs=
-4,-157,0os8MiWmsz7ONh641kd+X3OQNTo=,0+iZQda9UclFWxolCN5fz0vKAfs=
-3,-157,0os8MiWmsz7ONh641kd+X3OQNTo=,0+iZQda9UclFWxolCN5fz0vKAfs=
-2,-157,0os8MiWmsz7ONh641kd+X3OQNTo=,0+iZQda9UclFWxolCN5fz0vKAfs=
-15,-158,0os8MiWmsz7ONh641kd+X3OQNTo=,0+iZQda9UclFWxolCN5fz0vKAfs=
-1,-157,0os8MiWmsz7ONh641kd+X3OQNTo=,0+iZQda9UclFWxolCN5fz0vKAfs=
-16,-160,0os8MiWmsz7ONh641kd+X3OQNTo=,0+iZQda9UclFWxolCN5fz0vKAfs=
-16,-156,0os8MiWmsz7ONh641kd+X3OQNTo=,0+iZQda9UclFWxolCN5fz0vKAfs=
-15,-156,0os8MiWmsz7ONh641kd+X3OQNTo=,0+iZQda9UclFWxolCN5fz0vKAfs=
-14,-156,0os8MiWmsz7ONh641kd+X3OQNTo=,0+iZQda9UclFWxolCN5fz0vKAfs=
-13,-156,0os8MiWmsz7ONh641kd+X3OQNTo=,0+iZQda9UclFWxolCN5fz0vKAfs=
-14,-158,0os8MiWmsz7ONh641kd+X3OQNTo=,0+iZQda9UclFWxolCN5fz0vKAfs=
-11,-160,0os8MiWmsz7ONh641kd+X3OQNTo=,0+iZQda9UclFWxolCN5fz0vKAfs=
-6,-145,0os8MiWmsz7ONh641kd+X3OQNTo=,0+iZQda9UclFWxolCN5fz0vKAfs=
-5,-145,0os8MiWmsz7ONh641kd+X3OQNTo=,0+iZQda9UclFWxolCN5fz0vKAfs=
-12,-156,0os8MiWmsz7ONh641kd+X3OQNTo=,0+iZQda9UclFWxolCN5fz0vKAfs=
-11,-156,0os8MiWmsz7ONh641kd+X3OQNTo=,0+iZQda9UclFWxolCN5fz0vKAfs=
-10,-156,0os8MiWmsz7ONh641kd+X3OQNTo=,0+iZQda9UclFWxolCN5fz0vKAfs=
-9,-156,0os8MiWmsz7ONh641kd+X3OQNTo=,0+iZQda9UclFWxolCN5fz0vKAfs=
-8,-156,0os8MiWmsz7ONh641kd+X3OQNTo=,0+iZQda9UclFWxolCN5fz0vKAfs=
-7,-145,0os8MiWmsz7ONh641kd+X3OQNTo=,0+iZQda9UclFWxolCN5fz0vKAfs=
-8,-145,0os8MiWmsz7ONh641kd+X3OQNTo=,0+iZQda9UclFWxolCN5fz0vKAfs=
-7,-156,0os8MiWmsz7ONh641kd+X3OQNTo=,0+iZQda9UclFWxolCN5fz0vKAfs=
-6,-156,0os8MiWmsz7ONh641kd+X3OQNTo=,0+iZQda9UclFWxolCN5fz0vKAfs=
-5,-156,0os8MiWmsz7ONh641kd+X3OQNTo=,0+iZQda9UclFWxolCN5fz0vKAfs=
-4,-156,0os8MiWmsz7ONh641kd+X3OQNTo=,0+iZQda9UclFWxolCN5fz0vKAfs=
-3,-156,0os8MiWmsz7ONh641kd+X3OQNTo=,0+iZQda9UclFWxolCN5fz0vKAfs=
-10,-145,0os8MiWmsz7ONh641kd+X3OQNTo=,0+iZQda9UclFWxolCN5fz0vKAfs=
-11,-145,0os8MiWmsz7ONh641kd+X3OQNTo=,0+iZQda9UclFWxolCN5fz0vKAfs=
-12,-145,0os8MiWmsz7ONh641kd+X3OQNTo=,0+iZQda9UclFWxolCN5fz0vKAfs=
-2,-156,0os8MiWmsz7ONh641kd+X3OQNTo=,0+iZQda9UclFWxolCN5fz0vKAfs=
-10,-160,0os8MiWmsz7ONh641kd+X3OQNTo=,0+iZQda9UclFWxolCN5fz0vKAfs=
-9,-145,0os8MiWmsz7ONh641kd+X3OQNTo=,0+iZQda9UclFWxolCN5fz0vKAfs=
-13,-145,0os8MiWmsz7ONh641kd+X3OQNTo=,0+iZQda9UclFWxolCN5fz0vKAfs=
-1,-156,0os8MiWmsz7ONh641kd+X3OQNTo=,0+iZQda9UclFWxolCN5fz0vKAfs=
-16,-155,0os8MiWmsz7ONh641kd+X3OQNTo=,0+iZQda9UclFWxolCN5fz0vKAfs=
-15,-155,0os8MiWmsz7ONh641kd+X3OQNTo=,0+iZQda9UclFWxolCN5fz0vKAfs=
-14,-155,0os8MiWmsz7ONh641kd+X3OQNTo=,0+iZQda9UclFWxolCN5fz0vKAfs=
-15,-159,0os8MiWmsz7ONh641kd+X3OQNTo=,0+iZQda9UclFWxolCN5fz0vKAfs=
-1,-159,0os8MiWmsz7ONh641kd+X3OQNTo=,0+iZQda9UclFWxolCN5fz0vKAfs=
-15,-145,0os8MiWmsz7ONh641kd+X3OQNTo=,0+iZQda9UclFWxolCN5fz0vKAfs=
-13,-155,0os8MiWmsz7ONh641kd+X3OQNTo=,0+iZQda9UclFWxolCN5fz0vKAfs=
-14,-145,0os8MiWmsz7ONh641kd+X3OQNTo=,0+iZQda9UclFWxolCN5fz0vKAfs=
-2,-159,0os8MiWmsz7ONh641kd+X3OQNTo=,0+iZQda9UclFWxolCN5fz0vKAfs=
-3,-159,0os8MiWmsz7ONh641kd+X3OQNTo=,0+iZQda9UclFWxolCN5fz0vKAfs=
-4,-159,0os8MiWmsz7ONh641kd+X3OQNTo=,0+iZQda9UclFWxolCN5fz0vKAfs=
-5,-159,0os8MiWmsz7ONh641kd+X3OQNTo=,0+iZQda9UclFWxolCN5fz0vKAfs=
-6,-159,0os8MiWmsz7ONh641kd+X3OQNTo=,0+iZQda9UclFWxolCN5fz0vKAfs=
-7,-159,0os8MiWmsz7ONh641kd+X3OQNTo=,0+iZQda9UclFWxolCN5fz0vKAfs=
-8,-159,0os8MiWmsz7ONh641kd+X3OQNTo=,0+iZQda9UclFWxolCN5fz0vKAfs=
-9,-159,0os8MiWmsz7ONh641kd+X3OQNTo=,0+iZQda9UclFWxolCN5fz0vKAfs=
-10,-159,0os8MiWmsz7ONh641kd+X3OQNTo=,0+iZQda9UclFWxolCN5fz0vKAfs=
-11,-159,0os8MiWmsz7ONh641kd+X3OQNTo=,0+iZQda9UclFWxolCN5fz0vKAfs=
-16,-145,0os8MiWmsz7ONh641kd+X3OQNTo=,0+iZQda9UclFWxolCN5fz0vKAfs=
-13,-159,0os8MiWmsz7ONh641kd+X3OQNTo=,0+iZQda9UclFWxolCN5fz0vKAfs=
-14,-159,0os8MiWmsz7ONh641kd+X3OQNTo=,0+iZQda9UclFWxolCN5fz0vKAfs=
-2,-146,0os8MiWmsz7ONh641kd+X3OQNTo=,0+iZQda9UclFWxolCN5fz0vKAfs=
-4,-158,0os8MiWmsz7ONh641kd+X3OQNTo=,0+iZQda9UclFWxolCN5fz0vKAfs=
-12,-159,0os8MiWmsz7ONh641kd+X3OQNTo=,0+iZQda9UclFWxolCN5fz0vKAfs=
-3,-146,0os8MiWmsz7ONh641kd+X3OQNTo=,0+iZQda9UclFWxolCN5fz0vKAfs=
-14,-160,0os8MiWmsz7ONh641kd+X3OQNTo=,0+iZQda9UclFWxolCN5fz0vKAfs=
-4,-146,0os8MiWmsz7ONh641kd+X3OQNTo=,0+iZQda9UclFWxolCN5fz0vKAfs=
-5,-146,0os8MiWmsz7ONh641kd+X3OQNTo=,0+iZQda9UclFWxolCN5fz0vKAfs=
-6,-146,0os8MiWmsz7ONh641kd+X3OQNTo=,0+iZQda9UclFWxolCN5fz0vKAfs=
-7,-146,0os8MiWmsz7ONh641kd+X3OQNTo=,0+iZQda9UclFWxolCN5fz0vKAfs=
-8,-146,0os8MiWmsz7ONh641kd+X3OQNTo=,0+iZQda9UclFWxolCN5fz0vKAfs=
-10,-146,0os8MiWmsz7ONh641kd+X3OQNTo=,0+iZQda9UclFWxolCN5fz0vKAfs=
-9,-146,0os8MiWmsz7ONh641kd+X3OQNTo=,0+iZQda9UclFWxolCN5fz0vKAfs=
-13,-146,0os8MiWmsz7ONh641kd+X3OQNTo=,0+iZQda9UclFWxolCN5fz0vKAfs=
-11,-146,0os8MiWmsz7ONh641kd+X3OQNTo=,0+iZQda9UclFWxolCN5fz0vKAfs=
-14,-146,0os8MiWmsz7ONh641kd+X3OQNTo=,0+iZQda9UclFWxolCN5fz0vKAfs=
-12,-155,0os8MiWmsz7ONh641kd+X3OQNTo=,0+iZQda9UclFWxolCN5fz0vKAfs=
-1,-146,0os8MiWmsz7ONh641kd+X3OQNTo=,0+iZQda9UclFWxolCN5fz0vKAfs=
-15,-146,0os8MiWmsz7ONh641kd+X3OQNTo=,0+iZQda9UclFWxolCN5fz0vKAfs=
-16,-159,0os8MiWmsz7ONh641kd+X3OQNTo=,0+iZQda9UclFWxolCN5fz0vKAfs=
-12,-146,0os8MiWmsz7ONh641kd+X3OQNTo=,0+iZQda9UclFWxolCN5fz0vKAfs=
-1,-147,0os8MiWmsz7ONh641kd+X3OQNTo=,0+iZQda9UclFWxolCN5fz0vKAfs=
-1,-160,0os8MiWmsz7ONh641kd+X3OQNTo=,0+iZQda9UclFWxolCN5fz0vKAfs=
-5,-158,0os8MiWmsz7ONh641kd+X3OQNTo=,0+iZQda9UclFWxolCN5fz0vKAfs=
-2,-147,0os8MiWmsz7ONh641kd+X3OQNTo=,0+iZQda9UclFWxolCN5fz0vKAfs=
-4,-147,0os8MiWmsz7ONh641kd+X3OQNTo=,0+iZQda9UclFWxolCN5fz0vKAfs=
-13,-158,0os8MiWmsz7ONh641kd+X3OQNTo=,0+iZQda9UclFWxolCN5fz0vKAfs=
-3,-147,0os8MiWmsz7ONh641kd+X3OQNTo=,0+iZQda9UclFWxolCN5fz0vKAfs=
-6,-147,0os8MiWmsz7ONh641kd+X3OQNTo=,0+iZQda9UclFWxolCN5fz0vKAfs=
-11,-155,0os8MiWmsz7ONh641kd+X3OQNTo=,0+iZQda9UclFWxolCN5fz0vKAfs=
-9,-160,0os8MiWmsz7ONh641kd+X3OQNTo=,0+iZQda9UclFWxolCN5fz0vKAfs=
-10,-155,0os8MiWmsz7ONh641kd+X3OQNTo=,0+iZQda9UclFWxolCN5fz0vKAfs=
-9,-155,0os8MiWmsz7ONh641kd+X3OQNTo=,0+iZQda9UclFWxolCN5fz0vKAfs=
-5,-147,0os8MiWmsz7ONh641kd+X3OQNTo=,0+iZQda9UclFWxolCN5fz0vKAfs=
-8,-147,0os8MiWmsz7ONh641kd+X3OQNTo=,0+iZQda9UclFWxolCN5fz0vKAfs=
-9,-147,0os8MiWmsz7ONh641kd+X3OQNTo=,0+iZQda9UclFWxolCN5fz0vKAfs=
-8,-155,0os8MiWmsz7ONh641kd+X3OQNTo=,0+iZQda9UclFWxolCN5fz0vKAfs=
-7,-155,0os8MiWmsz7ONh641kd+X3OQNTo=,0+iZQda9UclFWxolCN5fz0vKAfs=
-6,-155,0os8MiWmsz7ONh641kd+X3OQNTo=,0+iZQda9UclFWxolCN5fz0vKAfs=
-7,-147,0os8MiWmsz7ONh641kd+X3OQNTo=,0+iZQda9UclFWxolCN5fz0vKAfs=
-11,-147,0os8MiWmsz7ONh641kd+X3OQNTo=,0+iZQda9UclFWxolCN5fz0vKAfs=
-10,-147,0os8MiWmsz7ONh641kd+X3OQNTo=,0+iZQda9UclFWxolCN5fz0vKAfs=
-5,-155,0os8MiWmsz7ONh641kd+X3OQNTo=,0+iZQda9UclFWxolCN5fz0vKAfs=
-14,-147,0os8MiWmsz7ONh641kd+X3OQNTo=,0+iZQda9UclFWxolCN5fz0vKAfs=
-12,-147,0os8MiWmsz7ONh641kd+X3OQNTo=,0+iZQda9UclFWxolCN5fz0vKAfs=
-16,-146,0os8MiWmsz7ONh641kd+X3OQNTo=,0+iZQda9UclFWxolCN5fz0vKAfs=
-16,-147,0os8MiWmsz7ONh641kd+X3OQNTo=,0+iZQda9UclFWxolCN5fz0vKAfs=
-15,-160,0os8MiWmsz7ONh641kd+X3OQNTo=,0+iZQda9UclFWxolCN5fz0vKAfs=
-13,-147,0os8MiWmsz7ONh641kd+X3OQNTo=,0+iZQda9UclFWxolCN5fz0vKAfs=
-1,-148,0os8MiWmsz7ONh641kd+X3OQNTo=,0+iZQda9UclFWxolCN5fz0vKAfs=
-3,-148,0os8MiWmsz7ONh641kd+X3OQNTo=,0+iZQda9UclFWxolCN5fz0vKAfs=
-2,-160,0os8MiWmsz7ONh641kd+X3OQNTo=,0+iZQda9UclFWxolCN5fz0vKAfs=
-6,-158,0os8MiWmsz7ONh641kd+X3OQNTo=,0+iZQda9UclFWxolCN5fz0vKAfs=
-2,-148,0os8MiWmsz7ONh641kd+X3OQNTo=,0+iZQda9UclFWxolCN5fz0vKAfs=
-4,-148,0os8MiWmsz7ONh641kd+X3OQNTo=,0+iZQda9UclFWxolCN5fz0vKAfs=
-4,-155,0os8MiWmsz7ONh641kd+X3OQNTo=,0+iZQda9UclFWxolCN5fz0vKAfs=
-6,-148,0os8MiWmsz7ONh641kd+X3OQNTo=,0+iZQda9UclFWxolCN5fz0vKAfs=
-5,-148,0os8MiWmsz7ONh641kd+X3OQNTo=,0+iZQda9UclFWxolCN5fz0vKAfs=
-9,-148,0os8MiWmsz7ONh641kd+X3OQNTo=,0+iZQda9UclFWxolCN5fz0vKAfs=
-8,-148,0os8MiWmsz7ONh641kd+X3OQNTo=,0+iZQda9UclFWxolCN5fz0vKAfs=
-7,-148,0os8MiWmsz7ONh641kd+X3OQNTo=,0+iZQda9UclFWxolCN5fz0vKAfs=
-3,-155,0os8MiWmsz7ONh641kd+X3OQNTo=,0+iZQda9UclFWxolCN5fz0vKAfs=
-10,-148,0os8MiWmsz7ONh641kd+X3OQNTo=,0+iZQda9UclFWxolCN5fz0vKAfs=
-11,-148,0os8MiWmsz7ONh641kd+X3OQNTo=,0+iZQda9UclFWxolCN5fz0vKAfs=
-13,-148,0os8MiWmsz7ONh641kd+X3OQNTo=,0+iZQda9UclFWxolCN5fz0vKAfs=
-15,-148,0os8MiWmsz7ONh641kd+X3OQNTo=,0+iZQda9UclFWxolCN5fz0vKAfs=
-2,-155,0os8MiWmsz7ONh641kd+X3OQNTo=,0+iZQda9UclFWxolCN5fz0vKAfs=
-1,-155,0os8MiWmsz7ONh641kd+X3OQNTo=,0+iZQda9UclFWxolCN5fz0vKAfs=
-16,-154,0os8MiWmsz7ONh641kd+X3OQNTo=,0+iZQda9UclFWxolCN5fz0vKAfs=
-15,-154,0os8MiWmsz7ONh641kd+X3OQNTo=,0+iZQda9UclFWxolCN5fz0vKAfs=
-16,-148,0os8MiWmsz7ONh641kd+X3OQNTo=,0+iZQda9UclFWxolCN5fz0vKAfs=
-15,-147,0os8MiWmsz7ONh641kd+X3OQNTo=,0+iZQda9UclFWxolCN5fz0vKAfs=
-12,-148,0os8MiWmsz7ONh641kd+X3OQNTo=,0+iZQda9UclFWxolCN5fz0vKAfs=
-1,-149,0os8MiWmsz7ONh641kd+X3OQNTo=,0+iZQda9UclFWxolCN5fz0vKAfs=
-2,-149,0os8MiWmsz7ONh641kd+X3OQNTo=,0+iZQda9UclFWxolCN5fz0vKAfs=
-3,-160,0os8MiWmsz7ONh641kd+X3OQNTo=,0+iZQda9UclFWxolCN5fz0vKAfs=
-3,-149,0os8MiWmsz7ONh641kd+X3OQNTo=,0+iZQda9UclFWxolCN5fz0vKAfs=
-7,-158,0os8MiWmsz7ONh641kd+X3OQNTo=,0+iZQda9UclFWxolCN5fz0vKAfs=
-4,-149,0os8MiWmsz7ONh641kd+X3OQNTo=,0+iZQda9UclFWxolCN5fz0vKAfs=
-14,-154,0os8MiWmsz7ONh641kd+X3OQNTo=,0+iZQda9UclFWxolCN5fz0vKAfs=
-5,-149,0os8MiWmsz7ONh641kd+X3OQNTo=,0+iZQda9UclFWxolCN5fz0vKAfs=
-7,-149,0os8MiWmsz7ONh641kd+X3OQNTo=,0+iZQda9UclFWxolCN5fz0vKAfs=
-14,-148,0os8MiWmsz7ONh641kd+X3OQNTo=,0+iZQda9UclFWxolCN5fz0vKAfs=
-10,-149,0os8MiWmsz7ONh641kd+X3OQNTo=,0+iZQda9UclFWxolCN5fz0vKAfs=
-9,-149,0os8MiWmsz7ONh641kd+X3OQNTo=,0+iZQda9UclFWxolCN5fz0vKAfs=
-13,-154,0os8MiWmsz7ONh641kd+X3OQNTo=,0+iZQda9UclFWxolCN5fz0vKAfs=
-12,-154,0os8MiWmsz7ONh641kd+X3OQNTo=,0+iZQda9UclFWxolCN5fz0vKAfs=
-11,-154,0os8MiWmsz7ONh641kd+X3OQNTo=,0+iZQda9UclFWxolCN5fz0vKAfs=
-11,-149,0os8MiWmsz7ONh641kd+X3OQNTo=,0+iZQda9UclFWxolCN5fz0vKAfs=
-6,-149,0os8MiWmsz7ONh641kd+X3OQNTo=,0+iZQda9UclFWxolCN5fz0vKAfs=
-12,-158,0os8MiWmsz7ONh641kd+X3OQNTo=,0+iZQda9UclFWxolCN5fz0vKAfs=
-10,-154,0os8MiWmsz7ONh641kd+X3OQNTo=,0+iZQda9UclFWxolCN5fz0vKAfs=
-8,-160,0os8MiWmsz7ONh641kd+X3OQNTo=,0+iZQda9UclFWxolCN5fz0vKAfs=
-9,-154,0os8MiWmsz7ONh641kd+X3OQNTo=,0+iZQda9UclFWxolCN5fz0vKAfs=
-8,-154,0os8MiWmsz7ONh641kd+X3OQNTo=,0+iZQda9UclFWxolCN5fz0vKAfs=
-7,-154,0os8MiWmsz7ONh641kd+X3OQNTo=,0+iZQda9UclFWxolCN5fz0vKAfs=
-13,-149,0os8MiWmsz7ONh641kd+X3OQNTo=,0+iZQda9UclFWxolCN5fz0vKAfs=
-12,-149,0os8MiWmsz7ONh641kd+X3OQNTo=,0+iZQda9UclFWxolCN5fz0vKAfs=
-16,-149,0os8MiWmsz7ONh641kd+X3OQNTo=,0+iZQda9UclFWxolCN5fz0vKAfs=
-1,-150,0os8MiWmsz7ONh641kd+X3OQNTo=,0+iZQda9UclFWxolCN5fz0vKAfs=
-15,-149,0os8MiWmsz7ONh641kd+X3OQNTo=,0+iZQda9UclFWxolCN5fz0vKAfs=
-6,-154,0os8MiWmsz7ONh641kd+X3OQNTo=,0+iZQda9UclFWxolCN5fz0vKAfs=
-3,-150,0os8MiWmsz7ONh641kd+X3OQNTo=,0+iZQda9UclFWxolCN5fz0vKAfs=
-14,-149,0os8MiWmsz7ONh641kd+X3OQNTo=,0+iZQda9UclFWxolCN5fz0vKAfs=
-2,-150,0os8MiWmsz7ONh641kd+X3OQNTo=,0+iZQda9UclFWxolCN5fz0vKAfs=
-4,-160,0os8MiWmsz7ONh641kd+X3OQNTo=,0+iZQda9UclFWxolCN5fz0vKAfs=
-4,-150,0os8MiWmsz7ONh641kd+X3OQNTo=,0+iZQda9UclFWxolCN5fz0vKAfs=
-8,-158,0os8MiWmsz7ONh641kd+X3OQNTo=,0+iZQda9UclFWxolCN5fz0vKAfs=
-5,-154,0os8MiWmsz7ONh641kd+X3OQNTo=,0+iZQda9UclFWxolCN5fz0vKAfs=
-5,-150,0os8MiWmsz7ONh641kd+X3OQNTo=,0+iZQda9UclFWxolCN5fz0vKAfs=
-7,-150,0os8MiWmsz7ONh641kd+X3OQNTo=,0+iZQda9UclFWxolCN5fz0vKAfs=
-4,-154,0os8MiWmsz7ONh641kd+X3OQNTo=,0+iZQda9UclFWxolCN5fz0vKAfs=
-9,-150,0os8MiWmsz7ONh641kd+X3OQNTo=,0+iZQda9UclFWxolCN5fz0vKAfs=
-8,-150,0os8MiWmsz7ONh641kd+X3OQNTo=,0+iZQda9UclFWxolCN5fz0vKAfs=
-10,-150,0os8MiWmsz7ONh641kd+X3OQNTo=,0+iZQda9UclFWxolCN5fz0vKAfs=
-6,-150,0os8MiWmsz7ONh641kd+X3OQNTo=,0+iZQda9UclFWxolCN5fz0vKAfs=
-8,-149,0os8MiWmsz7ONh641kd+X3OQNTo=,0+iZQda9UclFWxolCN5fz0vKAfs=
-3,-154,0os8MiWmsz7ONh641kd+X3OQNTo=,0+iZQda9UclFWxolCN5fz0vKAfs=
-2,-154,0os8MiWmsz7ONh641kd+X3OQNTo=,0+iZQda9UclFWxolCN5fz0vKAfs=
-1,-154,0os8MiWmsz7ONh641kd+X3OQNTo=,0+iZQda9UclFWxolCN5fz0vKAfs=
-16,-153,0os8MiWmsz7ONh641kd+X3OQNTo=,0+iZQda9UclFWxolCN5fz0vKAfs=
-15,-153,0os8MiWmsz7ONh641kd+X3OQNTo=,0+iZQda9UclFWxolCN5fz0vKAfs=
-14,-153,0os8MiWmsz7ONh641kd+X3OQNTo=,0+iZQda9UclFWxolCN5fz0vKAfs=
-12,-150,0os8MiWmsz7ONh641kd+X3OQNTo=,0+iZQda9UclFWxolCN5fz0vKAfs=
-13,-153,0os8MiWmsz7ONh641kd+X3OQNTo=,0+iZQda9UclFWxolCN5fz0vKAfs=
-12,-153,0os8MiWmsz7ONh641kd+X3OQNTo=,0+iZQda9UclFWxolCN5fz0vKAfs=
-11,-153,0os8MiWmsz7ONh641kd+X3OQNTo=,0+iZQda9UclFWxolCN5fz0vKAfs=
-10,-153,0os8MiWmsz7ONh641kd+X3OQNTo=,0+iZQda9UclFWxolCN5fz0vKAfs=
-11,-158,0os8MiWmsz7ONh641kd+X3OQNTo=,0+iZQda9UclFWxolCN5fz0vKAfs=
-14,-150,0os8MiWmsz7ONh641kd+X3OQNTo=,0+iZQda9UclFWxolCN5fz0vKAfs=
-16,-150,0os8MiWmsz7ONh641kd+X3OQNTo=,0+iZQda9UclFWxolCN5fz0vKAfs=
-1,-151,0os8MiWmsz7ONh641kd+X3OQNTo=,0+iZQda9UclFWxolCN5fz0vKAfs=
-2,-151,0os8MiWmsz7ONh641kd+X3OQNTo=,0+iZQda9UclFWxolCN5fz0vKAfs=
-3,-151,0os8MiWmsz7ONh641kd+X3OQNTo=,0+iZQda9UclFWxolCN5fz0vKAfs=
-9,-153,0os8MiWmsz7ONh641kd+X3OQNTo=,0+iZQda9UclFWxolCN5fz0vKAfs=
-7,-160,0os8MiWmsz7ONh641kd+X3OQNTo=,0+iZQda9UclFWxolCN5fz0vKAfs=
-15,-150,0os8MiWmsz7ONh641kd+X3OQNTo=,0+iZQda9UclFWxolCN5fz0vKAfs=
-5,-151,0os8MiWmsz7ONh641kd+X3OQNTo=,0+iZQda9UclFWxolCN5fz0vKAfs=
-13,-150,0os8MiWmsz7ONh641kd+X3OQNTo=,0+iZQda9UclFWxolCN5fz0vKAfs=
-5,-160,0os8MiWmsz7ONh641kd+X3OQNTo=,0+iZQda9UclFWxolCN5fz0vKAfs=
-9,-158,0os8MiWmsz7ONh641kd+X3OQNTo=,0+iZQda9UclFWxolCN5fz0vKAfs=
-4,-151,0os8MiWmsz7ONh641kd+X3OQNTo=,0+iZQda9UclFWxolCN5fz0vKAfs=
-8,-153,0os8MiWmsz7ONh641kd+X3OQNTo=,0+iZQda9UclFWxolCN5fz0vKAfs=
-6,-151,0os8MiWmsz7ONh641kd+X3OQNTo=,0+iZQda9UclFWxolCN5fz0vKAfs=
-9,-151,0os8MiWmsz7ONh641kd+X3OQNTo=,0+iZQda9UclFWxolCN5fz0vKAfs=
-10,-151,0os8MiWmsz7ONh641kd+X3OQNTo=,0+iZQda9UclFWxolCN5fz0vKAfs=
-11,-151,0os8MiWmsz7ONh641kd+X3OQNTo=,0+iZQda9UclFWxolCN5fz0vKAfs=
-8,-151,0os8MiWmsz7ONh641kd+X3OQNTo=,0+iZQda9UclFWxolCN5fz0vKAfs=
-12,-151,0os8MiWmsz7ONh641kd+X3OQNTo=,0+iZQda9UclFWxolCN5fz0vKAfs=
-7,-151,0os8MiWmsz7ONh641kd+X3OQNTo=,0+iZQda9UclFWxolCN5fz0vKAfs=
-11,-150,0os8MiWmsz7ONh641kd+X3OQNTo=,0+iZQda9UclFWxolCN5fz0vKAfs=
-16,-151,0os8MiWmsz7ONh641kd+X3OQNTo=,0+iZQda9UclFWxolCN5fz0vKAfs=
-1,-152,0os8MiWmsz7ONh641kd+X3OQNTo=,0+iZQda9UclFWxolCN5fz0vKAfs=
-2,-152,0os8MiWmsz7ONh641kd+X3OQNTo=,0+iZQda9UclFWxolCN5fz0vKAfs=
-7,-153,0os8MiWmsz7ONh641kd+X3OQNTo=,0+iZQda9UclFWxolCN5fz0vKAfs=
-3,-152,0os8MiWmsz7ONh641kd+X3OQNTo=,0+iZQda9UclFWxolCN5fz0vKAfs=
-14,-151,0os8MiWmsz7ONh641kd+X3OQNTo=,0+iZQda9UclFWxolCN5fz0vKAfs=
-15,-151,0os8MiWmsz7ONh641kd+X3OQNTo=,0+iZQda9UclFWxolCN5fz0vKAfs=
-5,-152,0os8MiWmsz7ONh641kd+X3OQNTo=,0+iZQda9UclFWxolCN5fz0vKAfs=
-4,-152,0os8MiWmsz7ONh641kd+X3OQNTo=,0+iZQda9UclFWxolCN5fz0vKAfs=
-6,-160,0os8MiWmsz7ONh641kd+X3OQNTo=,0+iZQda9UclFWxolCN5fz0vKAfs=
-6,-153,0os8MiWmsz7ONh641kd+X3OQNTo=,0+iZQda9UclFWxolCN5fz0vKAfs=
-8,-152,0os8MiWmsz7ONh641kd+X3OQNTo=,0+iZQda9UclFWxolCN5fz0vKAfs=
-10,-158,0os8MiWmsz7ONh641kd+X3OQNTo=,0+iZQda9UclFWxolCN5fz0vKAfs=
-10,-152,0os8MiWmsz7ONh641kd+X3OQNTo=,0+iZQda9UclFWxolCN5fz0vKAfs=
-9,-152,0os8MiWmsz7ONh641kd+X3OQNTo=,0+iZQda9UclFWxolCN5fz0vKAfs=
-11,-152,0os8MiWmsz7ONh641kd+X3OQNTo=,0+iZQda9UclFWxolCN5fz0vKAfs=
-7,-152,0os8MiWmsz7ONh641kd+X3OQNTo=,0+iZQda9UclFWxolCN5fz0vKAfs=
-12,-152,0os8MiWmsz7ONh641kd+X3OQNTo=,0+iZQda9UclFWxolCN5fz0vKAfs=
-14,-152,0os8MiWmsz7ONh641kd+X3OQNTo=,0+iZQda9UclFWxolCN5fz0vKAfs=
-16,-152,0os8MiWmsz7ONh641kd+X3OQNTo=,0+iZQda9UclFWxolCN5fz0vKAfs=
-6,-152,0os8MiWmsz7ONh641kd+X3OQNTo=,0+iZQda9UclFWxolCN5fz0vKAfs=
-1,-153,0os8MiWmsz7ONh641kd+X3OQNTo=,0+iZQda9UclFWxolCN5fz0vKAfs=
-2,-153,0os8MiWmsz7ONh641kd+X3OQNTo=,0+iZQda9UclFWxolCN5fz0vKAfs=
-15,-152,0os8MiWmsz7ONh641kd+X3OQNTo=,0+iZQda9UclFWxolCN5fz0vKAfs=
-5,-153,0os8MiWmsz7ONh641kd+X3OQNTo=,0+iZQda9UclFWxolCN5fz0vKAfs=
-13,-152,0os8MiWmsz7ONh641kd+X3OQNTo=,0+iZQda9UclFWxolCN5fz0vKAfs=
-4,-153,0os8MiWmsz7ONh641kd+X3OQNTo=,0+iZQda9UclFWxolCN5fz0vKAfs=
-3,-153,0os8MiWmsz7ONh641kd+X3OQNTo=,0+iZQda9UclFWxolCN5fz0vKAfs=
-13,-151,0os8MiWmsz7ONh641kd+X3OQNTo=,0+iZQda9UclFWxolCN5fz0vKAfs=
-29,-160,eQM8cgsFG1CZNOzttEYThuzDvRc=,Y/MelZZJcA14rD/MAmmP7Dmt77c=
-19,-158,eQM8cgsFG1CZNOzttEYThuzDvRc=,Y/MelZZJcA14rD/MAmmP7Dmt77c=
-20,-158,eQM8cgsFG1CZNOzttEYThuzDvRc=,Y/MelZZJcA14rD/MAmmP7Dmt77c=
-17,-145,eQM8cgsFG1CZNOzttEYThuzDvRc=,Y/MelZZJcA14rD/MAmmP7Dmt77c=
-21,-158,eQM8cgsFG1CZNOzttEYThuzDvRc=,Y/MelZZJcA14rD/MAmmP7Dmt77c=
-17,-159,eQM8cgsFG1CZNOzttEYThuzDvRc=,Y/MelZZJcA14rD/MAmmP7Dmt77c=
-22,-158,eQM8cgsFG1CZNOzttEYThuzDvRc=,Y/MelZZJcA14rD/MAmmP7Dmt77c=
-23,-158,eQM8cgsFG1CZNOzttEYThuzDvRc=,Y/MelZZJcA14rD/MAmmP7Dmt77c=
-24,-158,eQM8cgsFG1CZNOzttEYThuzDvRc=,Y/MelZZJcA14rD/MAmmP7Dmt77c=
-25,-158,eQM8cgsFG1CZNOzttEYThuzDvRc=,Y/MelZZJcA14rD/MAmmP7Dmt77c=
-26,-158,eQM8cgsFG1CZNOzttEYThuzDvRc=,Y/MelZZJcA14rD/MAmmP7Dmt77c=
-27,-158,eQM8cgsFG1CZNOzttEYThuzDvRc=,Y/MelZZJcA14rD/MAmmP7Dmt77c=
-28,-158,eQM8cgsFG1CZNOzttEYThuzDvRc=,Y/MelZZJcA14rD/MAmmP7Dmt77c=
-29,-158,eQM8cgsFG1CZNOzttEYThuzDvRc=,Y/MelZZJcA14rD/MAmmP7Dmt77c=
-20,-157,eQM8cgsFG1CZNOzttEYThuzDvRc=,Y/MelZZJcA14rD/MAmmP7Dmt77c=
-30,-158,eQM8cgsFG1CZNOzttEYThuzDvRc=,Y/MelZZJcA14rD/MAmmP7Dmt77c=
-31,-158,eQM8cgsFG1CZNOzttEYThuzDvRc=,Y/MelZZJcA14rD/MAmmP7Dmt77c=
-32,-158,eQM8cgsFG1CZNOzttEYThuzDvRc=,Y/MelZZJcA14rD/MAmmP7Dmt77c=
-18,-158,eQM8cgsFG1CZNOzttEYThuzDvRc=,Y/MelZZJcA14rD/MAmmP7Dmt77c=
-21,-157,eQM8cgsFG1CZNOzttEYThuzDvRc=,Y/MelZZJcA14rD/MAmmP7Dmt77c=
-30,-160,eQM8cgsFG1CZNOzttEYThuzDvRc=,Y/MelZZJcA14rD/MAmmP7Dmt77c=
-19,-157,eQM8cgsFG1CZNOzttEYThuzDvRc=,Y/MelZZJcA14rD/MAmmP7Dmt77c=
-28,-160,eQM8cgsFG1CZNOzttEYThuzDvRc=,Y/MelZZJcA14rD/MAmmP7Dmt77c=
-18,-157,eQM8cgsFG1CZNOzttEYThuzDvRc=,Y/MelZZJcA14rD/MAmmP7Dmt77c=
-27,-160,eQM8cgsFG1CZNOzttEYThuzDvRc=,Y/MelZZJcA14rD/MAmmP7Dmt77c=
-17,-157,eQM8cgsFG1CZNOzttEYThuzDvRc=,Y/MelZZJcA14rD/MAmmP7Dmt77c=
-32,-156,eQM8cgsFG1CZNOzttEYThuzDvRc=,Y/MelZZJcA14rD/MAmmP7Dmt77c=
-30,-159,eQM8cgsFG1CZNOzttEYThuzDvRc=,Y/MelZZJcA14rD/MAmmP7Dmt77c=
-31,-156,eQM8cgsFG1CZNOzttEYThuzDvRc=,Y/MelZZJcA14rD/MAmmP7Dmt77c=
-30,-156,eQM8cgsFG1CZNOzttEYThuzDvRc=,Y/MelZZJcA14rD/MAmmP7Dmt77c=
-29,-156,eQM8cgsFG1CZNOzttEYThuzDvRc=,Y/MelZZJcA14rD/MAmmP7Dmt77c=
-28,-156,eQM8cgsFG1CZNOzttEYThuzDvRc=,Y/MelZZJcA14rD/MAmmP7Dmt77c=
-27,-156,eQM8cgsFG1CZNOzttEYThuzDvRc=,Y/MelZZJcA14rD/MAmmP7Dmt77c=
-26,-156,eQM8cgsFG1CZNOzttEYThuzDvRc=,Y/MelZZJcA14rD/MAmmP7Dmt77c=
-24,-156,eQM8cgsFG1CZNOzttEYThuzDvRc=,Y/MelZZJcA14rD/MAmmP7Dmt77c=
-23,-156,eQM8cgsFG1CZNOzttEYThuzDvRc=,Y/MelZZJcA14rD/MAmmP7Dmt77c=
-25,-156,eQM8cgsFG1CZNOzttEYThuzDvRc=,Y/MelZZJcA14rD/MAmmP7Dmt77c=
-22,-156,eQM8cgsFG1CZNOzttEYThuzDvRc=,Y/MelZZJcA14rD/MAmmP7Dmt77c=
-21,-156,eQM8cgsFG1CZNOzttEYThuzDvRc=,Y/MelZZJcA14rD/MAmmP7Dmt77c=
-17,-158,eQM8cgsFG1CZNOzttEYThuzDvRc=,Y/MelZZJcA14rD/MAmmP7Dmt77c=
-32,-160,eQM8cgsFG1CZNOzttEYThuzDvRc=,Y/MelZZJcA14rD/MAmmP7Dmt77c=
-20,-156,eQM8cgsFG1CZNOzttEYThuzDvRc=,Y/MelZZJcA14rD/MAmmP7Dmt77c=
-19,-156,eQM8cgsFG1CZNOzttEYThuzDvRc=,Y/MelZZJcA14rD/MAmmP7Dmt77c=
-18,-156,eQM8cgsFG1CZNOzttEYThuzDvRc=,Y/MelZZJcA14rD/MAmmP7Dmt77c=
-17,-156,eQM8cgsFG1CZNOzttEYThuzDvRc=,Y/MelZZJcA14rD/MAmmP7Dmt77c=
-29,-159,eQM8cgsFG1CZNOzttEYThuzDvRc=,Y/MelZZJcA14rD/MAmmP7Dmt77c=
-32,-155,eQM8cgsFG1CZNOzttEYThuzDvRc=,Y/MelZZJcA14rD/MAmmP7Dmt77c=
-31,-155,eQM8cgsFG1CZNOzttEYThuzDvRc=,Y/MelZZJcA14rD/MAmmP7Dmt77c=
-30,-155,eQM8cgsFG1CZNOzttEYThuzDvRc=,Y/MelZZJcA14rD/MAmmP7Dmt77c=
-28,-155,eQM8cgsFG1CZNOzttEYThuzDvRc=,Y/MelZZJcA14rD/MAmmP7Dmt77c=
-27,-155,eQM8cgsFG1CZNOzttEYThuzDvRc=,Y/MelZZJcA14rD/MAmmP7Dmt77c=
-26,-155,eQM8cgsFG1CZNOzttEYThuzDvRc=,Y/MelZZJcA14rD/MAmmP7Dmt77c=
-25,-155,eQM8cgsFG1CZNOzttEYThuzDvRc=,Y/MelZZJcA14rD/MAmmP7Dmt77c=
-24,-155,eQM8cgsFG1CZNOzttEYThuzDvRc=,Y/MelZZJcA14rD/MAmmP7Dmt77c=
-23,-155,eQM8cgsFG1CZNOzttEYThuzDvRc=,Y/MelZZJcA14rD/MAmmP7Dmt77c=
-22,-155,eQM8cgsFG1CZNOzttEYThuzDvRc=,Y/MelZZJcA14rD/MAmmP7Dmt77c=
-28,-159,eQM8cgsFG1CZNOzttEYThuzDvRc=,Y/MelZZJcA14rD/MAmmP7Dmt77c=
-32,-157,eQM8cgsFG1CZNOzttEYThuzDvRc=,Y/MelZZJcA14rD/MAmmP7Dmt77c=
-25,-160,eQM8cgsFG1CZNOzttEYThuzDvRc=,Y/MelZZJcA14rD/MAmmP7Dmt77c=
-21,-155,eQM8cgsFG1CZNOzttEYThuzDvRc=,Y/MelZZJcA14rD/MAmmP7Dmt77c=
-20,-155,eQM8cgsFG1CZNOzttEYThuzDvRc=,Y/MelZZJcA14rD/MAmmP7Dmt77c=
-19,-155,eQM8cgsFG1CZNOzttEYThuzDvRc=,Y/MelZZJcA14rD/MAmmP7Dmt77c=
-18,-155,eQM8cgsFG1CZNOzttEYThuzDvRc=,Y/MelZZJcA14rD/MAmmP7Dmt77c=
-17,-155,eQM8cgsFG1CZNOzttEYThuzDvRc=,Y/MelZZJcA14rD/MAmmP7Dmt77c=
-32,-154,eQM8cgsFG1CZNOzttEYThuzDvRc=,Y/MelZZJcA14rD/MAmmP7Dmt77c=
-27,-159,eQM8cgsFG1CZNOzttEYThuzDvRc=,Y/MelZZJcA14rD/MAmmP7Dmt77c=
-31,-154,eQM8cgsFG1CZNOzttEYThuzDvRc=,Y/MelZZJcA14rD/MAmmP7Dmt77c=
-30,-154,eQM8cgsFG1CZNOzttEYThuzDvRc=,Y/MelZZJcA14rD/MAmmP7Dmt77c=
-29,-154,eQM8cgsFG1CZNOzttEYThuzDvRc=,Y/MelZZJcA14rD/MAmmP7Dmt77c=
-28,-154,eQM8cgsFG1CZNOzttEYThuzDvRc=,Y/MelZZJcA14rD/MAmmP7Dmt77c=
-27,-154,eQM8cgsFG1CZNOzttEYThuzDvRc=,Y/MelZZJcA14rD/MAmmP7Dmt77c=
-26,-154,eQM8cgsFG1CZNOzttEYThuzDvRc=,Y/MelZZJcA14rD/MAmmP7Dmt77c=
-25,-154,eQM8cgsFG1CZNOzttEYThuzDvRc=,Y/MelZZJcA14rD/MAmmP7Dmt77c=
-24,-154,eQM8cgsFG1CZNOzttEYThuzDvRc=,Y/MelZZJcA14rD/MAmmP7Dmt77c=
-23,-154,eQM8cgsFG1CZNOzttEYThuzDvRc=,Y/MelZZJcA14rD/MAmmP7Dmt77c=
-31,-157,eQM8cgsFG1CZNOzttEYThuzDvRc=,Y/MelZZJcA14rD/MAmmP7Dmt77c=
-24,-160,eQM8cgsFG1CZNOzttEYThuzDvRc=,Y/MelZZJcA14rD/MAmmP7Dmt77c=
-22,-154,eQM8cgsFG1CZNOzttEYThuzDvRc=,Y/MelZZJcA14rD/MAmmP7Dmt77c=
-21,-154,eQM8cgsFG1CZNOzttEYThuzDvRc=,Y/MelZZJcA14rD/MAmmP7Dmt77c=
-20,-154,eQM8cgsFG1CZNOzttEYThuzDvRc=,Y/MelZZJcA14rD/MAmmP7Dmt77c=
-19,-154,eQM8cgsFG1CZNOzttEYThuzDvRc=,Y/MelZZJcA14rD/MAmmP7Dmt77c=
-18,-154,eQM8cgsFG1CZNOzttEYThuzDvRc=,Y/MelZZJcA14rD/MAmmP7Dmt77c=
-17,-154,eQM8cgsFG1CZNOzttEYThuzDvRc=,Y/MelZZJcA14rD/MAmmP7Dmt77c=
-32,-153,eQM8cgsFG1CZNOzttEYThuzDvRc=,Y/MelZZJcA14rD/MAmmP7Dmt77c=
-26,-159,eQM8cgsFG1CZNOzttEYThuzDvRc=,Y/MelZZJcA14rD/MAmmP7Dmt77c=
-31,-153,eQM8cgsFG1CZNOzttEYThuzDvRc=,Y/MelZZJcA14rD/MAmmP7Dmt77c=
-30,-153,eQM8cgsFG1CZNOzttEYThuzDvRc=,Y/MelZZJcA14rD/MAmmP7Dmt77c=
-29,-153,eQM8cgsFG1CZNOzttEYThuzDvRc=,Y/MelZZJcA14rD/MAmmP7Dmt77c=
-28,-153,eQM8cgsFG1CZNOzttEYThuzDvRc=,Y/MelZZJcA14rD/MAmmP7Dmt77c=
-27,-153,eQM8cgsFG1CZNOzttEYThuzDvRc=,Y/MelZZJcA14rD/MAmmP7Dmt77c=
-26,-153,eQM8cgsFG1CZNOzttEYThuzDvRc=,Y/MelZZJcA14rD/MAmmP7Dmt77c=
-25,-153,eQM8cgsFG1CZNOzttEYThuzDvRc=,Y/MelZZJcA14rD/MAmmP7Dmt77c=
-24,-153,eQM8cgsFG1CZNOzttEYThuzDvRc=,Y/MelZZJcA14rD/MAmmP7Dmt77c=
-30,-157,eQM8cgsFG1CZNOzttEYThuzDvRc=,Y/MelZZJcA14rD/MAmmP7Dmt77c=
-23,-160,eQM8cgsFG1CZNOzttEYThuzDvRc=,Y/MelZZJcA14rD/MAmmP7Dmt77c=
-23,-153,eQM8cgsFG1CZNOzttEYThuzDvRc=,Y/MelZZJcA14rD/MAmmP7Dmt77c=
-22,-153,eQM8cgsFG1CZNOzttEYThuzDvRc=,Y/MelZZJcA14rD/MAmmP7Dmt77c=
-21,-153,eQM8cgsFG1CZNOzttEYThuzDvRc=,Y/MelZZJcA14rD/MAmmP7Dmt77c=
-20,-153,eQM8cgsFG1CZNOzttEYThuzDvRc=,Y/MelZZJcA14rD/MAmmP7Dmt77c=
-19,-153,eQM8cgsFG1CZNOzttEYThuzDvRc=,Y/MelZZJcA14rD/MAmmP7Dmt77c=
-18,-153,eQM8cgsFG1CZNOzttEYThuzDvRc=,Y/MelZZJcA14rD/MAmmP7Dmt77c=
-17,-153,eQM8cgsFG1CZNOzttEYThuzDvRc=,Y/MelZZJcA14rD/MAmmP7Dmt77c=
-32,-152,eQM8cgsFG1CZNOzttEYThuzDvRc=,Y/MelZZJcA14rD/MAmmP7Dmt77c=
-25,-159,eQM8cgsFG1CZNOzttEYThuzDvRc=,Y/MelZZJcA14rD/MAmmP7Dmt77c=
-31,-152,eQM8cgsFG1CZNOzttEYThuzDvRc=,Y/MelZZJcA14rD/MAmmP7Dmt77c=
-30,-152,eQM8cgsFG1CZNOzttEYThuzDvRc=,Y/MelZZJcA14rD/MAmmP7Dmt77c=
-29,-152,eQM8cgsFG1CZNOzttEYThuzDvRc=,Y/MelZZJcA14rD/MAmmP7Dmt77c=
-28,-152,eQM8cgsFG1CZNOzttEYThuzDvRc=,Y/MelZZJcA14rD/MAmmP7Dmt77c=
-27,-152,eQM8cgsFG1CZNOzttEYThuzDvRc=,Y/MelZZJcA14rD/MAmmP7Dmt77c=
-26,-152,eQM8cgsFG1CZNOzttEYThuzDvRc=,Y/MelZZJcA14rD/MAmmP7Dmt77c=
-25,-152,eQM8cgsFG1CZNOzttEYThuzDvRc=,Y/MelZZJcA14rD/MAmmP7Dmt77c=
-29,-157,eQM8cgsFG1CZNOzttEYThuzDvRc=,Y/MelZZJcA14rD/MAmmP7Dmt77c=
-22,-160,eQM8cgsFG1CZNOzttEYThuzDvRc=,Y/MelZZJcA14rD/MAmmP7Dmt77c=
-24,-152,eQM8cgsFG1CZNOzttEYThuzDvRc=,Y/MelZZJcA14rD/MAmmP7Dmt77c=
-23,-152,eQM8cgsFG1CZNOzttEYThuzDvRc=,Y/MelZZJcA14rD/MAmmP7Dmt77c=
-22,-152,eQM8cgsFG1CZNOzttEYThuzDvRc=,Y/MelZZJcA14rD/MAmmP7Dmt77c=
-21,-152,eQM8cgsFG1CZNOzttEYThuzDvRc=,Y/MelZZJcA14rD/MAmmP7Dmt77c=
-20,-152,eQM8cgsFG1CZNOzttEYThuzDvRc=,Y/MelZZJcA14rD/MAmmP7Dmt77c=
-19,-152,eQM8cgsFG1CZNOzttEYThuzDvRc=,Y/MelZZJcA14rD/MAmmP7Dmt77c=
-18,-152,eQM8cgsFG1CZNOzttEYThuzDvRc=,Y/MelZZJcA14rD/MAmmP7Dmt77c=
-17,-152,eQM8cgsFG1CZNOzttEYThuzDvRc=,Y/MelZZJcA14rD/MAmmP7Dmt77c=
-32,-151,eQM8cgsFG1CZNOzttEYThuzDvRc=,Y/MelZZJcA14rD/MAmmP7Dmt77c=
-24,-159,eQM8cgsFG1CZNOzttEYThuzDvRc=,Y/MelZZJcA14rD/MAmmP7Dmt77c=
-31,-151,eQM8cgsFG1CZNOzttEYThuzDvRc=,Y/MelZZJcA14rD/MAmmP7Dmt77c=
-30,-151,eQM8cgsFG1CZNOzttEYThuzDvRc=,Y/MelZZJcA14rD/MAmmP7Dmt77c=
-29,-151,eQM8cgsFG1CZNOzttEYThuzDvRc=,Y/MelZZJcA14rD/MAmmP7Dmt77c=
-28,-151,eQM8cgsFG1CZNOzttEYThuzDvRc=,Y/MelZZJcA14rD/MAmmP7Dmt77c=
-27,-151,eQM8cgsFG1CZNOzttEYThuzDvRc=,Y/MelZZJcA14rD/MAmmP7Dmt77c=
-26,-151,eQM8cgsFG1CZNOzttEYThuzDvRc=,Y/MelZZJcA14rD/MAmmP7Dmt77c=
-28,-157,eQM8cgsFG1CZNOzttEYThuzDvRc=,Y/MelZZJcA14rD/MAmmP7Dmt77c=
-21,-160,eQM8cgsFG1CZNOzttEYThuzDvRc=,Y/MelZZJcA14rD/MAmmP7Dmt77c=
-25,-151,eQM8cgsFG1CZNOzttEYThuzDvRc=,Y/MelZZJcA14rD/MAmmP7Dmt77c=
-24,-151,eQM8cgsFG1CZNOzttEYThuzDvRc=,Y/MelZZJcA14rD/MAmmP7Dmt77c=
-23,-151,eQM8cgsFG1CZNOzttEYThuzDvRc=,Y/MelZZJcA14rD/MAmmP7Dmt77c=
-22,-151,eQM8cgsFG1CZNOzttEYThuzDvRc=,Y/MelZZJcA14rD/MAmmP7Dmt77c=
-21,-151,eQM8cgsFG1CZNOzttEYThuzDvRc=,Y/MelZZJcA14rD/MAmmP7Dmt77c=
-20,-151,eQM8cgsFG1CZNOzttEYThuzDvRc=,Y/MelZZJcA14rD/MAmmP7Dmt77c=
-19,-151,eQM8cgsFG1CZNOzttEYThuzDvRc=,Y/MelZZJcA14rD/MAmmP7Dmt77c=
-18,-151,eQM8cgsFG1CZNOzttEYThuzDvRc=,Y/MelZZJcA14rD/MAmmP7Dmt77c=
-17,-151,eQM8cgsFG1CZNOzttEYThuzDvRc=,Y/MelZZJcA14rD/MAmmP7Dmt77c=
-32,-150,eQM8cgsFG1CZNOzttEYThuzDvRc=,Y/MelZZJcA14rD/MAmmP7Dmt77c=
-23,-159,eQM8cgsFG1CZNOzttEYThuzDvRc=,Y/MelZZJcA14rD/MAmmP7Dmt77c=
-31,-150,eQM8cgsFG1CZNOzttEYThuzDvRc=,Y/MelZZJcA14rD/MAmmP7Dmt77c=
-30,-150,eQM8cgsFG1CZNOzttEYThuzDvRc=,Y/MelZZJcA14rD/MAmmP7Dmt77c=
-29,-150,eQM8cgsFG1CZNOzttEYThuzDvRc=,Y/MelZZJcA14rD/MAmmP7Dmt77c=
-28,-150,eQM8cgsFG1CZNOzttEYThuzDvRc=,Y/MelZZJcA14rD/MAmmP7Dmt77c=
-27,-150,eQM8cgsFG1CZNOzttEYThuzDvRc=,Y/MelZZJcA14rD/MAmmP7Dmt77c=
-27,-157,eQM8cgsFG1CZNOzttEYThuzDvRc=,Y/MelZZJcA14rD/MAmmP7Dmt77c=
-20,-160,eQM8cgsFG1CZNOzttEYThuzDvRc=,Y/MelZZJcA14rD/MAmmP7Dmt77c=
-26,-150,eQM8cgsFG1CZNOzttEYThuzDvRc=,Y/MelZZJcA14rD/MAmmP7Dmt77c=
-25,-150,eQM8cgsFG1CZNOzttEYThuzDvRc=,Y/MelZZJcA14rD/MAmmP7Dmt77c=
-24,-150,eQM8cgsFG1CZNOzttEYThuzDvRc=,Y/MelZZJcA14rD/MAmmP7Dmt77c=
-23,-150,eQM8cgsFG1CZNOzttEYThuzDvRc=,Y/MelZZJcA14rD/MAmmP7Dmt77c=
-22,-150,eQM8cgsFG1CZNOzttEYThuzDvRc=,Y/MelZZJcA14rD/MAmmP7Dmt77c=
-21,-150,eQM8cgsFG1CZNOzttEYThuzDvRc=,Y/MelZZJcA14rD/MAmmP7Dmt77c=
-20,-150,eQM8cgsFG1CZNOzttEYThuzDvRc=,Y/MelZZJcA14rD/MAmmP7Dmt77c=
-19,-150,eQM8cgsFG1CZNOzttEYThuzDvRc=,Y/MelZZJcA14rD/MAmmP7Dmt77c=
-18,-150,eQM8cgsFG1CZNOzttEYThuzDvRc=,Y/MelZZJcA14rD/MAmmP7Dmt77c=
-17,-150,eQM8cgsFG1CZNOzttEYThuzDvRc=,Y/MelZZJcA14rD/MAmmP7Dmt77c=
-32,-149,eQM8cgsFG1CZNOzttEYThuzDvRc=,Y/MelZZJcA14rD/MAmmP7Dmt77c=
-22,-159,eQM8cgsFG1CZNOzttEYThuzDvRc=,Y/MelZZJcA14rD/MAmmP7Dmt77c=
-31,-149,eQM8cgsFG1CZNOzttEYThuzDvRc=,Y/MelZZJcA14rD/MAmmP7Dmt77c=
-30,-149,eQM8cgsFG1CZNOzttEYThuzDvRc=,Y/MelZZJcA14rD/MAmmP7Dmt77c=
-29,-149,eQM8cgsFG1CZNOzttEYThuzDvRc=,Y/MelZZJcA14rD/MAmmP7Dmt77c=
-28,-149,eQM8cgsFG1CZNOzttEYThuzDvRc=,Y/MelZZJcA14rD/MAmmP7Dmt77c=
-26,-157,eQM8cgsFG1CZNOzttEYThuzDvRc=,Y/MelZZJcA14rD/MAmmP7Dmt77c=
-19,-160,eQM8cgsFG1CZNOzttEYThuzDvRc=,Y/MelZZJcA14rD/MAmmP7Dmt77c=
-27,-149,eQM8cgsFG1CZNOzttEYThuzDvRc=,Y/MelZZJcA14rD/MAmmP7Dmt77c=
-26,-149,eQM8cgsFG1CZNOzttEYThuzDvRc=,Y/MelZZJcA14rD/MAmmP7Dmt77c=
-25,-149,eQM8cgsFG1CZNOzttEYThuzDvRc=,Y/MelZZJcA14rD/MAmmP7Dmt77c=
-24,-149,eQM8cgsFG1CZNOzttEYThuzDvRc=,Y/MelZZJcA14rD/MAmmP7Dmt77c=
-23,-149,eQM8cgsFG1CZNOzttEYThuzDvRc=,Y/MelZZJcA14rD/MAmmP7Dmt77c=
-22,-149,eQM8cgsFG1CZNOzttEYThuzDvRc=,Y/MelZZJcA14rD/MAmmP7Dmt77c=
-21,-149,eQM8cgsFG1CZNOzttEYThuzDvRc=,Y/MelZZJcA14rD/MAmmP7Dmt77c=
-20,-149,eQM8cgsFG1CZNOzttEYThuzDvRc=,Y/MelZZJcA14rD/MAmmP7Dmt77c=
-19,-149,eQM8cgsFG1CZNOzttEYThuzDvRc=,Y/MelZZJcA14rD/MAmmP7Dmt77c=
-18,-149,eQM8cgsFG1CZNOzttEYThuzDvRc=,Y/MelZZJcA14rD/MAmmP7Dmt77c=
-17,-149,eQM8cgsFG1CZNOzttEYThuzDvRc=,Y/MelZZJcA14rD/MAmmP7Dmt77c=
-32,-148,eQM8cgsFG1CZNOzttEYThuzDvRc=,Y/MelZZJcA14rD/MAmmP7Dmt77c=
-21,-159,eQM8cgsFG1CZNOzttEYThuzDvRc=,Y/MelZZJcA14rD/MAmmP7Dmt77c=
-31,-148,eQM8cgsFG1CZNOzttEYThuzDvRc=,Y/MelZZJcA14rD/MAmmP7Dmt77c=
-30,-148,eQM8cgsFG1CZNOzttEYThuzDvRc=,Y/MelZZJcA14rD/MAmmP7Dmt77c=
-29,-148,eQM8cgsFG1CZNOzttEYThuzDvRc=,Y/MelZZJcA14rD/MAmmP7Dmt77c=
-25,-157,eQM8cgsFG1CZNOzttEYThuzDvRc=,Y/MelZZJcA14rD/MAmmP7Dmt77c=
-18,-160,eQM8cgsFG1CZNOzttEYThuzDvRc=,Y/MelZZJcA14rD/MAmmP7Dmt77c=
-28,-148,eQM8cgsFG1CZNOzttEYThuzDvRc=,Y/MelZZJcA14rD/MAmmP7Dmt77c=
-27,-148,eQM8cgsFG1CZNOzttEYThuzDvRc=,Y/MelZZJcA14rD/MAmmP7Dmt77c=
-26,-148,eQM8cgsFG1CZNOzttEYThuzDvRc=,Y/MelZZJcA14rD/MAmmP7Dmt77c=
-25,-148,eQM8cgsFG1CZNOzttEYThuzDvRc=,Y/MelZZJcA14rD/MAmmP7Dmt77c=
-24,-148,eQM8cgsFG1CZNOzttEYThuzDvRc=,Y/MelZZJcA14rD/MAmmP7Dmt77c=
-23,-148,eQM8cgsFG1CZNOzttEYThuzDvRc=,Y/MelZZJcA14rD/MAmmP7Dmt77c=
-22,-148,eQM8cgsFG1CZNOzttEYThuzDvRc=,Y/MelZZJcA14rD/MAmmP7Dmt77c=
-21,-148,eQM8cgsFG1CZNOzttEYThuzDvRc=,Y/MelZZJcA14rD/MAmmP7Dmt77c=
-20,-148,eQM8cgsFG1CZNOzttEYThuzDvRc=,Y/MelZZJcA14rD/MAmmP7Dmt77c=
-19,-145,eQM8cgsFG1CZNOzttEYThuzDvRc=,Y/MelZZJcA14rD/MAmmP7Dmt77c=
-22,-157,eQM8cgsFG1CZNOzttEYThuzDvRc=,Y/MelZZJcA14rD/MAmmP7Dmt77c=
-18,-145,eQM8cgsFG1CZNOzttEYThuzDvRc=,Y/MelZZJcA14rD/MAmmP7Dmt77c=
-19,-148,eQM8cgsFG1CZNOzttEYThuzDvRc=,Y/MelZZJcA14rD/MAmmP7Dmt77c=
-21,-145,eQM8cgsFG1CZNOzttEYThuzDvRc=,Y/MelZZJcA14rD/MAmmP7Dmt77c=
-20,-145,eQM8cgsFG1CZNOzttEYThuzDvRc=,Y/MelZZJcA14rD/MAmmP7Dmt77c=
-18,-148,eQM8cgsFG1CZNOzttEYThuzDvRc=,Y/MelZZJcA14rD/MAmmP7Dmt77c=
-23,-145,eQM8cgsFG1CZNOzttEYThuzDvRc=,Y/MelZZJcA14rD/MAmmP7Dmt77c=
-24,-145,eQM8cgsFG1CZNOzttEYThuzDvRc=,Y/MelZZJcA14rD/MAmmP7Dmt77c=
-25,-145,eQM8cgsFG1CZNOzttEYThuzDvRc=,Y/MelZZJcA14rD/MAmmP7Dmt77c=
-26,-145,eQM8cgsFG1CZNOzttEYThuzDvRc=,Y/MelZZJcA14rD/MAmmP7Dmt77c=
-27,-145,eQM8cgsFG1CZNOzttEYThuzDvRc=,Y/MelZZJcA14rD/MAmmP7Dmt77c=
-28,-145,eQM8cgsFG1CZNOzttEYThuzDvRc=,Y/MelZZJcA14rD/MAmmP7Dmt77c=
-29,-145,eQM8cgsFG1CZNOzttEYThuzDvRc=,Y/MelZZJcA14rD/MAmmP7Dmt77c=
-30,-145,eQM8cgsFG1CZNOzttEYThuzDvRc=,Y/MelZZJcA14rD/MAmmP7Dmt77c=
-31,-145,eQM8cgsFG1CZNOzttEYThuzDvRc=,Y/MelZZJcA14rD/MAmmP7Dmt77c=
-18,-159,eQM8cgsFG1CZNOzttEYThuzDvRc=,Y/MelZZJcA14rD/MAmmP7Dmt77c=
-32,-145,eQM8cgsFG1CZNOzttEYThuzDvRc=,Y/MelZZJcA14rD/MAmmP7Dmt77c=
-22,-145,eQM8cgsFG1CZNOzttEYThuzDvRc=,Y/MelZZJcA14rD/MAmmP7Dmt77c=
-18,-146,eQM8cgsFG1CZNOzttEYThuzDvRc=,Y/MelZZJcA14rD/MAmmP7Dmt77c=
-17,-146,eQM8cgsFG1CZNOzttEYThuzDvRc=,Y/MelZZJcA14rD/MAmmP7Dmt77c=
-17,-148,eQM8cgsFG1CZNOzttEYThuzDvRc=,Y/MelZZJcA14rD/MAmmP7Dmt77c=
-20,-159,eQM8cgsFG1CZNOzttEYThuzDvRc=,Y/MelZZJcA14rD/MAmmP7Dmt77c=
-32,-147,eQM8cgsFG1CZNOzttEYThuzDvRc=,Y/MelZZJcA14rD/MAmmP7Dmt77c=
-31,-147,eQM8cgsFG1CZNOzttEYThuzDvRc=,Y/MelZZJcA14rD/MAmmP7Dmt77c=
-30,-147,eQM8cgsFG1CZNOzttEYThuzDvRc=,Y/MelZZJcA14rD/MAmmP7Dmt77c=
-24,-157,eQM8cgsFG1CZNOzttEYThuzDvRc=,Y/MelZZJcA14rD/MAmmP7Dmt77c=
-19,-159,eQM8cgsFG1CZNOzttEYThuzDvRc=,Y/MelZZJcA14rD/MAmmP7Dmt77c=
-17,-160,eQM8cgsFG1CZNOzttEYThuzDvRc=,Y/MelZZJcA14rD/MAmmP7Dmt77c=
-29,-147,eQM8cgsFG1CZNOzttEYThuzDvRc=,Y/MelZZJcA14rD/MAmmP7Dmt77c=
-28,-147,eQM8cgsFG1CZNOzttEYThuzDvRc=,Y/MelZZJcA14rD/MAmmP7Dmt77c=
-27,-147,eQM8cgsFG1CZNOzttEYThuzDvRc=,Y/MelZZJcA14rD/MAmmP7Dmt77c=
-26,-147,eQM8cgsFG1CZNOzttEYThuzDvRc=,Y/MelZZJcA14rD/MAmmP7Dmt77c=
-25,-147,eQM8cgsFG1CZNOzttEYThuzDvRc=,Y/MelZZJcA14rD/MAmmP7Dmt77c=
-24,-147,eQM8cgsFG1CZNOzttEYThuzDvRc=,Y/MelZZJcA14rD/MAmmP7Dmt77c=
-23,-147,eQM8cgsFG1CZNOzttEYThuzDvRc=,Y/MelZZJcA14rD/MAmmP7Dmt77c=
-22,-147,eQM8cgsFG1CZNOzttEYThuzDvRc=,Y/MelZZJcA14rD/MAmmP7Dmt77c=
-19,-146,eQM8cgsFG1CZNOzttEYThuzDvRc=,Y/MelZZJcA14rD/MAmmP7Dmt77c=
-21,-147,eQM8cgsFG1CZNOzttEYThuzDvRc=,Y/MelZZJcA14rD/MAmmP7Dmt77c=
-20,-146,eQM8cgsFG1CZNOzttEYThuzDvRc=,Y/MelZZJcA14rD/MAmmP7Dmt77c=
-21,-146,eQM8cgsFG1CZNOzttEYThuzDvRc=,Y/MelZZJcA14rD/MAmmP7Dmt77c=
-23,-146,eQM8cgsFG1CZNOzttEYThuzDvRc=,Y/MelZZJcA14rD/MAmmP7Dmt77c=
-24,-146,eQM8cgsFG1CZNOzttEYThuzDvRc=,Y/MelZZJcA14rD/MAmmP7Dmt77c=
-25,-146,eQM8cgsFG1CZNOzttEYThuzDvRc=,Y/MelZZJcA14rD/MAmmP7Dmt77c=
-26,-146,eQM8cgsFG1CZNOzttEYThuzDvRc=,Y/MelZZJcA14rD/MAmmP7Dmt77c=
-27,-146,eQM8cgsFG1CZNOzttEYThuzDvRc=,Y/MelZZJcA14rD/MAmmP7Dmt77c=
-28,-146,eQM8cgsFG1CZNOzttEYThuzDvRc=,Y/MelZZJcA14rD/MAmmP7Dmt77c=
-29,-146,eQM8cgsFG1CZNOzttEYThuzDvRc=,Y/MelZZJcA14rD/MAmmP7Dmt77c=
-30,-146,eQM8cgsFG1CZNOzttEYThuzDvRc=,Y/MelZZJcA14rD/MAmmP7Dmt77c=
-31,-159,eQM8cgsFG1CZNOzttEYThuzDvRc=,Y/MelZZJcA14rD/MAmmP7Dmt77c=
-23,-157,eQM8cgsFG1CZNOzttEYThuzDvRc=,Y/MelZZJcA14rD/MAmmP7Dmt77c=
-32,-159,eQM8cgsFG1CZNOzttEYThuzDvRc=,Y/MelZZJcA14rD/MAmmP7Dmt77c=
-31,-146,eQM8cgsFG1CZNOzttEYThuzDvRc=,Y/MelZZJcA14rD/MAmmP7Dmt77c=
-32,-146,eQM8cgsFG1CZNOzttEYThuzDvRc=,Y/MelZZJcA14rD/MAmmP7Dmt77c=
-31,-160,eQM8cgsFG1CZNOzttEYThuzDvRc=,Y/MelZZJcA14rD/MAmmP7Dmt77c=
-22,-146,eQM8cgsFG1CZNOzttEYThuzDvRc=,Y/MelZZJcA14rD/MAmmP7Dmt77c=
-17,-147,eQM8cgsFG1CZNOzttEYThuzDvRc=,Y/MelZZJcA14rD/MAmmP7Dmt77c=
-20,-147,eQM8cgsFG1CZNOzttEYThuzDvRc=,Y/MelZZJcA14rD/MAmmP7Dmt77c=
-18,-147,eQM8cgsFG1CZNOzttEYThuzDvRc=,Y/MelZZJcA14rD/MAmmP7Dmt77c=
-19,-147,eQM8cgsFG1CZNOzttEYThuzDvRc=,Y/MelZZJcA14rD/MAmmP7Dmt77c=
-26,-160,eQM8cgsFG1CZNOzttEYThuzDvRc=,Y/MelZZJcA14rD/MAmmP7Dmt77c=
-29,-155,eQM8cgsFG1CZNOzttEYThuzDvRc=,Y/MelZZJcA14rD/MAmmP7Dmt77c=
-17,-129,eQM8cgsFG1CZNOzttEYThuzDvRc=,Rk6Tj5m3rl5V5YfEeHkO/UkEqTI=
-18,-129,eQM8cgsFG1CZNOzttEYThuzDvRc=,Rk6Tj5m3rl5V5YfEeHkO/UkEqTI=
-19,-129,eQM8cgsFG1CZNOzttEYThuzDvRc=,Rk6Tj5m3rl5V5YfEeHkO/UkEqTI=
-20,-129,eQM8cgsFG1CZNOzttEYThuzDvRc=,Rk6Tj5m3rl5V5YfEeHkO/UkEqTI=
-19,-142,eQM8cgsFG1CZNOzttEYThuzDvRc=,Rk6Tj5m3rl5V5YfEeHkO/UkEqTI=
-21,-129,eQM8cgsFG1CZNOzttEYThuzDvRc=,Rk6Tj5m3rl5V5YfEeHkO/UkEqTI=
-22,-129,eQM8cgsFG1CZNOzttEYThuzDvRc=,Rk6Tj5m3rl5V5YfEeHkO/UkEqTI=
-23,-129,eQM8cgsFG1CZNOzttEYThuzDvRc=,Rk6Tj5m3rl5V5YfEeHkO/UkEqTI=
-25,-129,eQM8cgsFG1CZNOzttEYThuzDvRc=,Rk6Tj5m3rl5V5YfEeHkO/UkEqTI=
-18,-142,eQM8cgsFG1CZNOzttEYThuzDvRc=,Rk6Tj5m3rl5V5YfEeHkO/UkEqTI=
-26,-129,eQM8cgsFG1CZNOzttEYThuzDvRc=,Rk6Tj5m3rl5V5YfEeHkO/UkEqTI=
-27,-129,eQM8cgsFG1CZNOzttEYThuzDvRc=,Rk6Tj5m3rl5V5YfEeHkO/UkEqTI=
-28,-129,eQM8cgsFG1CZNOzttEYThuzDvRc=,Rk6Tj5m3rl5V5YfEeHkO/UkEqTI=
-30,-129,eQM8cgsFG1CZNOzttEYThuzDvRc=,Rk6Tj5m3rl5V5YfEeHkO/UkEqTI=
-29,-129,eQM8cgsFG1CZNOzttEYThuzDvRc=,Rk6Tj5m3rl5V5YfEeHkO/UkEqTI=
-31,-143,eQM8cgsFG1CZNOzttEYThuzDvRc=,Rk6Tj5m3rl5V5YfEeHkO/UkEqTI=
-31,-129,eQM8cgsFG1CZNOzttEYThuzDvRc=,Rk6Tj5m3rl5V5YfEeHkO/UkEqTI=
-32,-129,eQM8cgsFG1CZNOzttEYThuzDvRc=,Rk6Tj5m3rl5V5YfEeHkO/UkEqTI=
-18,-143,eQM8cgsFG1CZNOzttEYThuzDvRc=,Rk6Tj5m3rl5V5YfEeHkO/UkEqTI=
-17,-130,eQM8cgsFG1CZNOzttEYThuzDvRc=,Rk6Tj5m3rl5V5YfEeHkO/UkEqTI=
-19,-143,eQM8cgsFG1CZNOzttEYThuzDvRc=,Rk6Tj5m3rl5V5YfEeHkO/UkEqTI=
-20,-143,eQM8cgsFG1CZNOzttEYThuzDvRc=,Rk6Tj5m3rl5V5YfEeHkO/UkEqTI=
-21,-143,eQM8cgsFG1CZNOzttEYThuzDvRc=,Rk6Tj5m3rl5V5YfEeHkO/UkEqTI=
-17,-142,eQM8cgsFG1CZNOzttEYThuzDvRc=,Rk6Tj5m3rl5V5YfEeHkO/UkEqTI=
-32,-141,eQM8cgsFG1CZNOzttEYThuzDvRc=,Rk6Tj5m3rl5V5YfEeHkO/UkEqTI=
-31,-141,eQM8cgsFG1CZNOzttEYThuzDvRc=,Rk6Tj5m3rl5V5YfEeHkO/UkEqTI=
-30,-141,eQM8cgsFG1CZNOzttEYThuzDvRc=,Rk6Tj5m3rl5V5YfEeHkO/UkEqTI=
-32,-142,eQM8cgsFG1CZNOzttEYThuzDvRc=,Rk6Tj5m3rl5V5YfEeHkO/UkEqTI=
-28,-144,eQM8cgsFG1CZNOzttEYThuzDvRc=,Rk6Tj5m3rl5V5YfEeHkO/UkEqTI=
-28,-141,eQM8cgsFG1CZNOzttEYThuzDvRc=,Rk6Tj5m3rl5V5YfEeHkO/UkEqTI=
-29,-141,eQM8cgsFG1CZNOzttEYThuzDvRc=,Rk6Tj5m3rl5V5YfEeHkO/UkEqTI=
-27,-141,eQM8cgsFG1CZNOzttEYThuzDvRc=,Rk6Tj5m3rl5V5YfEeHkO/UkEqTI=
-26,-141,eQM8cgsFG1CZNOzttEYThuzDvRc=,Rk6Tj5m3rl5V5YfEeHkO/UkEqTI=
-25,-141,eQM8cgsFG1CZNOzttEYThuzDvRc=,Rk6Tj5m3rl5V5YfEeHkO/UkEqTI=
-17,-143,eQM8cgsFG1CZNOzttEYThuzDvRc=,Rk6Tj5m3rl5V5YfEeHkO/UkEqTI=
-24,-143,eQM8cgsFG1CZNOzttEYThuzDvRc=,Rk6Tj5m3rl5V5YfEeHkO/UkEqTI=
-25,-143,eQM8cgsFG1CZNOzttEYThuzDvRc=,Rk6Tj5m3rl5V5YfEeHkO/UkEqTI=
-26,-143,eQM8cgsFG1CZNOzttEYThuzDvRc=,Rk6Tj5m3rl5V5YfEeHkO/UkEqTI=
-27,-143,eQM8cgsFG1CZNOzttEYThuzDvRc=,Rk6Tj5m3rl5V5YfEeHkO/UkEqTI=
-28,-143,eQM8cgsFG1CZNOzttEYThuzDvRc=,Rk6Tj5m3rl5V5YfEeHkO/UkEqTI=
-29,-143,eQM8cgsFG1CZNOzttEYThuzDvRc=,Rk6Tj5m3rl5V5YfEeHkO/UkEqTI=
-30,-143,eQM8cgsFG1CZNOzttEYThuzDvRc=,Rk6Tj5m3rl5V5YfEeHkO/UkEqTI=
-18,-130,eQM8cgsFG1CZNOzttEYThuzDvRc=,Rk6Tj5m3rl5V5YfEeHkO/UkEqTI=
-30,-144,eQM8cgsFG1CZNOzttEYThuzDvRc=,Rk6Tj5m3rl5V5YfEeHkO/UkEqTI=
-20,-142,eQM8cgsFG1CZNOzttEYThuzDvRc=,Rk6Tj5m3rl5V5YfEeHkO/UkEqTI=
-19,-130,eQM8cgsFG1CZNOzttEYThuzDvRc=,Rk6Tj5m3rl5V5YfEeHkO/UkEqTI=
-20,-130,eQM8cgsFG1CZNOzttEYThuzDvRc=,Rk6Tj5m3rl5V5YfEeHkO/UkEqTI=
-21,-130,eQM8cgsFG1CZNOzttEYThuzDvRc=,Rk6Tj5m3rl5V5YfEeHkO/UkEqTI=
-22,-130,eQM8cgsFG1CZNOzttEYThuzDvRc=,Rk6Tj5m3rl5V5YfEeHkO/UkEqTI=
-23,-130,eQM8cgsFG1CZNOzttEYThuzDvRc=,Rk6Tj5m3rl5V5YfEeHkO/UkEqTI=
-24,-130,eQM8cgsFG1CZNOzttEYThuzDvRc=,Rk6Tj5m3rl5V5YfEeHkO/UkEqTI=
-25,-130,eQM8cgsFG1CZNOzttEYThuzDvRc=,Rk6Tj5m3rl5V5YfEeHkO/UkEqTI=
-26,-130,eQM8cgsFG1CZNOzttEYThuzDvRc=,Rk6Tj5m3rl5V5YfEeHkO/UkEqTI=
-27,-130,eQM8cgsFG1CZNOzttEYThuzDvRc=,Rk6Tj5m3rl5V5YfEeHkO/UkEqTI=
-28,-130,eQM8cgsFG1CZNOzttEYThuzDvRc=,Rk6Tj5m3rl5V5YfEeHkO/UkEqTI=
-29,-130,eQM8cgsFG1CZNOzttEYThuzDvRc=,Rk6Tj5m3rl5V5YfEeHkO/UkEqTI=
-30,-130,eQM8cgsFG1CZNOzttEYThuzDvRc=,Rk6Tj5m3rl5V5YfEeHkO/UkEqTI=
-31,-130,eQM8cgsFG1CZNOzttEYThuzDvRc=,Rk6Tj5m3rl5V5YfEeHkO/UkEqTI=
-32,-130,eQM8cgsFG1CZNOzttEYThuzDvRc=,Rk6Tj5m3rl5V5YfEeHkO/UkEqTI=
-17,-131,eQM8cgsFG1CZNOzttEYThuzDvRc=,Rk6Tj5m3rl5V5YfEeHkO/UkEqTI=
-32,-143,eQM8cgsFG1CZNOzttEYThuzDvRc=,Rk6Tj5m3rl5V5YfEeHkO/UkEqTI=
-18,-131,eQM8cgsFG1CZNOzttEYThuzDvRc=,Rk6Tj5m3rl5V5YfEeHkO/UkEqTI=
-17,-144,eQM8cgsFG1CZNOzttEYThuzDvRc=,Rk6Tj5m3rl5V5YfEeHkO/UkEqTI=
-19,-131,eQM8cgsFG1CZNOzttEYThuzDvRc=,Rk6Tj5m3rl5V5YfEeHkO/UkEqTI=
-23,-143,eQM8cgsFG1CZNOzttEYThuzDvRc=,Rk6Tj5m3rl5V5YfEeHkO/UkEqTI=
-20,-131,eQM8cgsFG1CZNOzttEYThuzDvRc=,Rk6Tj5m3rl5V5YfEeHkO/UkEqTI=
-21,-131,eQM8cgsFG1CZNOzttEYThuzDvRc=,Rk6Tj5m3rl5V5YfEeHkO/UkEqTI=
-22,-131,eQM8cgsFG1CZNOzttEYThuzDvRc=,Rk6Tj5m3rl5V5YfEeHkO/UkEqTI=
-23,-131,eQM8cgsFG1CZNOzttEYThuzDvRc=,Rk6Tj5m3rl5V5YfEeHkO/UkEqTI=
-24,-131,eQM8cgsFG1CZNOzttEYThuzDvRc=,Rk6Tj5m3rl5V5YfEeHkO/UkEqTI=
-25,-131,eQM8cgsFG1CZNOzttEYThuzDvRc=,Rk6Tj5m3rl5V5YfEeHkO/UkEqTI=
-26,-131,eQM8cgsFG1CZNOzttEYThuzDvRc=,Rk6Tj5m3rl5V5YfEeHkO/UkEqTI=
-27,-131,eQM8cgsFG1CZNOzttEYThuzDvRc=,Rk6Tj5m3rl5V5YfEeHkO/UkEqTI=
-28,-131,eQM8cgsFG1CZNOzttEYThuzDvRc=,Rk6Tj5m3rl5V5YfEeHkO/UkEqTI=
-29,-131,eQM8cgsFG1CZNOzttEYThuzDvRc=,Rk6Tj5m3rl5V5YfEeHkO/UkEqTI=
-30,-131,eQM8cgsFG1CZNOzttEYThuzDvRc=,Rk6Tj5m3rl5V5YfEeHkO/UkEqTI=
-31,-131,eQM8cgsFG1CZNOzttEYThuzDvRc=,Rk6Tj5m3rl5V5YfEeHkO/UkEqTI=
-31,-144,eQM8cgsFG1CZNOzttEYThuzDvRc=,Rk6Tj5m3rl5V5YfEeHkO/UkEqTI=
-32,-131,eQM8cgsFG1CZNOzttEYThuzDvRc=,Rk6Tj5m3rl5V5YfEeHkO/UkEqTI=
-17,-132,eQM8cgsFG1CZNOzttEYThuzDvRc=,Rk6Tj5m3rl5V5YfEeHkO/UkEqTI=
-18,-132,eQM8cgsFG1CZNOzttEYThuzDvRc=,Rk6Tj5m3rl5V5YfEeHkO/UkEqTI=
-19,-132,eQM8cgsFG1CZNOzttEYThuzDvRc=,Rk6Tj5m3rl5V5YfEeHkO/UkEqTI=
-24,-141,eQM8cgsFG1CZNOzttEYThuzDvRc=,Rk6Tj5m3rl5V5YfEeHkO/UkEqTI=
-23,-141,eQM8cgsFG1CZNOzttEYThuzDvRc=,Rk6Tj5m3rl5V5YfEeHkO/UkEqTI=
-21,-142,eQM8cgsFG1CZNOzttEYThuzDvRc=,Rk6Tj5m3rl5V5YfEeHkO/UkEqTI=
-20,-132,eQM8cgsFG1CZNOzttEYThuzDvRc=,Rk6Tj5m3rl5V5YfEeHkO/UkEqTI=
-22,-142,eQM8cgsFG1CZNOzttEYThuzDvRc=,Rk6Tj5m3rl5V5YfEeHkO/UkEqTI=
-21,-132,eQM8cgsFG1CZNOzttEYThuzDvRc=,Rk6Tj5m3rl5V5YfEeHkO/UkEqTI=
-22,-132,eQM8cgsFG1CZNOzttEYThuzDvRc=,Rk6Tj5m3rl5V5YfEeHkO/UkEqTI=
-23,-132,eQM8cgsFG1CZNOzttEYThuzDvRc=,Rk6Tj5m3rl5V5YfEeHkO/UkEqTI=
-24,-132,eQM8cgsFG1CZNOzttEYThuzDvRc=,Rk6Tj5m3rl5V5YfEeHkO/UkEqTI=
-25,-132,eQM8cgsFG1CZNOzttEYThuzDvRc=,Rk6Tj5m3rl5V5YfEeHkO/UkEqTI=
-26,-132,eQM8cgsFG1CZNOzttEYThuzDvRc=,Rk6Tj5m3rl5V5YfEeHkO/UkEqTI=
-27,-132,eQM8cgsFG1CZNOzttEYThuzDvRc=,Rk6Tj5m3rl5V5YfEeHkO/UkEqTI=
-28,-132,eQM8cgsFG1CZNOzttEYThuzDvRc=,Rk6Tj5m3rl5V5YfEeHkO/UkEqTI=
-29,-132,eQM8cgsFG1CZNOzttEYThuzDvRc=,Rk6Tj5m3rl5V5YfEeHkO/UkEqTI=
-30,-132,eQM8cgsFG1CZNOzttEYThuzDvRc=,Rk6Tj5m3rl5V5YfEeHkO/UkEqTI=
-31,-132,eQM8cgsFG1CZNOzttEYThuzDvRc=,Rk6Tj5m3rl5V5YfEeHkO/UkEqTI=
-32,-132,eQM8cgsFG1CZNOzttEYThuzDvRc=,Rk6Tj5m3rl5V5YfEeHkO/UkEqTI=
-17,-133,eQM8cgsFG1CZNOzttEYThuzDvRc=,Rk6Tj5m3rl5V5YfEeHkO/UkEqTI=
-18,-133,eQM8cgsFG1CZNOzttEYThuzDvRc=,Rk6Tj5m3rl5V5YfEeHkO/UkEqTI=
-19,-133,eQM8cgsFG1CZNOzttEYThuzDvRc=,Rk6Tj5m3rl5V5YfEeHkO/UkEqTI=
-20,-133,eQM8cgsFG1CZNOzttEYThuzDvRc=,Rk6Tj5m3rl5V5YfEeHkO/UkEqTI=
-21,-133,eQM8cgsFG1CZNOzttEYThuzDvRc=,Rk6Tj5m3rl5V5YfEeHkO/UkEqTI=
-18,-144,eQM8cgsFG1CZNOzttEYThuzDvRc=,Rk6Tj5m3rl5V5YfEeHkO/UkEqTI=
-19,-144,eQM8cgsFG1CZNOzttEYThuzDvRc=,Rk6Tj5m3rl5V5YfEeHkO/UkEqTI=
-22,-133,eQM8cgsFG1CZNOzttEYThuzDvRc=,Rk6Tj5m3rl5V5YfEeHkO/UkEqTI=
-23,-133,eQM8cgsFG1CZNOzttEYThuzDvRc=,Rk6Tj5m3rl5V5YfEeHkO/UkEqTI=
-24,-133,eQM8cgsFG1CZNOzttEYThuzDvRc=,Rk6Tj5m3rl5V5YfEeHkO/UkEqTI=
-25,-133,eQM8cgsFG1CZNOzttEYThuzDvRc=,Rk6Tj5m3rl5V5YfEeHkO/UkEqTI=
-26,-133,eQM8cgsFG1CZNOzttEYThuzDvRc=,Rk6Tj5m3rl5V5YfEeHkO/UkEqTI=
-27,-133,eQM8cgsFG1CZNOzttEYThuzDvRc=,Rk6Tj5m3rl5V5YfEeHkO/UkEqTI=
-28,-133,eQM8cgsFG1CZNOzttEYThuzDvRc=,Rk6Tj5m3rl5V5YfEeHkO/UkEqTI=
-29,-133,eQM8cgsFG1CZNOzttEYThuzDvRc=,Rk6Tj5m3rl5V5YfEeHkO/UkEqTI=
-30,-133,eQM8cgsFG1CZNOzttEYThuzDvRc=,Rk6Tj5m3rl5V5YfEeHkO/UkEqTI=
-31,-133,eQM8cgsFG1CZNOzttEYThuzDvRc=,Rk6Tj5m3rl5V5YfEeHkO/UkEqTI=
-32,-133,eQM8cgsFG1CZNOzttEYThuzDvRc=,Rk6Tj5m3rl5V5YfEeHkO/UkEqTI=
-17,-134,eQM8cgsFG1CZNOzttEYThuzDvRc=,Rk6Tj5m3rl5V5YfEeHkO/UkEqTI=
-18,-134,eQM8cgsFG1CZNOzttEYThuzDvRc=,Rk6Tj5m3rl5V5YfEeHkO/UkEqTI=
-19,-134,eQM8cgsFG1CZNOzttEYThuzDvRc=,Rk6Tj5m3rl5V5YfEeHkO/UkEqTI=
-20,-134,eQM8cgsFG1CZNOzttEYThuzDvRc=,Rk6Tj5m3rl5V5YfEeHkO/UkEqTI=
-21,-134,eQM8cgsFG1CZNOzttEYThuzDvRc=,Rk6Tj5m3rl5V5YfEeHkO/UkEqTI=
-22,-134,eQM8cgsFG1CZNOzttEYThuzDvRc=,Rk6Tj5m3rl5V5YfEeHkO/UkEqTI=
-23,-142,eQM8cgsFG1CZNOzttEYThuzDvRc=,Rk6Tj5m3rl5V5YfEeHkO/UkEqTI=
-24,-142,eQM8cgsFG1CZNOzttEYThuzDvRc=,Rk6Tj5m3rl5V5YfEeHkO/UkEqTI=
-23,-134,eQM8cgsFG1CZNOzttEYThuzDvRc=,Rk6Tj5m3rl5V5YfEeHkO/UkEqTI=
-24,-134,eQM8cgsFG1CZNOzttEYThuzDvRc=,Rk6Tj5m3rl5V5YfEeHkO/UkEqTI=
-25,-134,eQM8cgsFG1CZNOzttEYThuzDvRc=,Rk6Tj5m3rl5V5YfEeHkO/UkEqTI=
-26,-134,eQM8cgsFG1CZNOzttEYThuzDvRc=,Rk6Tj5m3rl5V5YfEeHkO/UkEqTI=
-27,-134,eQM8cgsFG1CZNOzttEYThuzDvRc=,Rk6Tj5m3rl5V5YfEeHkO/UkEqTI=
-28,-134,eQM8cgsFG1CZNOzttEYThuzDvRc=,Rk6Tj5m3rl5V5YfEeHkO/UkEqTI=
-29,-134,eQM8cgsFG1CZNOzttEYThuzDvRc=,Rk6Tj5m3rl5V5YfEeHkO/UkEqTI=
-30,-134,eQM8cgsFG1CZNOzttEYThuzDvRc=,Rk6Tj5m3rl5V5YfEeHkO/UkEqTI=
-31,-134,eQM8cgsFG1CZNOzttEYThuzDvRc=,Rk6Tj5m3rl5V5YfEeHkO/UkEqTI=
-32,-134,eQM8cgsFG1CZNOzttEYThuzDvRc=,Rk6Tj5m3rl5V5YfEeHkO/UkEqTI=
-20,-144,eQM8cgsFG1CZNOzttEYThuzDvRc=,Rk6Tj5m3rl5V5YfEeHkO/UkEqTI=
-18,-135,eQM8cgsFG1CZNOzttEYThuzDvRc=,Rk6Tj5m3rl5V5YfEeHkO/UkEqTI=
-19,-135,eQM8cgsFG1CZNOzttEYThuzDvRc=,Rk6Tj5m3rl5V5YfEeHkO/UkEqTI=
-20,-135,eQM8cgsFG1CZNOzttEYThuzDvRc=,Rk6Tj5m3rl5V5YfEeHkO/UkEqTI=
-21,-135,eQM8cgsFG1CZNOzttEYThuzDvRc=,Rk6Tj5m3rl5V5YfEeHkO/UkEqTI=
-22,-135,eQM8cgsFG1CZNOzttEYThuzDvRc=,Rk6Tj5m3rl5V5YfEeHkO/UkEqTI=
-23,-135,eQM8cgsFG1CZNOzttEYThuzDvRc=,Rk6Tj5m3rl5V5YfEeHkO/UkEqTI=
-17,-135,eQM8cgsFG1CZNOzttEYThuzDvRc=,Rk6Tj5m3rl5V5YfEeHkO/UkEqTI=
-25,-142,eQM8cgsFG1CZNOzttEYThuzDvRc=,Rk6Tj5m3rl5V5YfEeHkO/UkEqTI=
-24,-135,eQM8cgsFG1CZNOzttEYThuzDvRc=,Rk6Tj5m3rl5V5YfEeHkO/UkEqTI=
-25,-135,eQM8cgsFG1CZNOzttEYThuzDvRc=,Rk6Tj5m3rl5V5YfEeHkO/UkEqTI=
-26,-135,eQM8cgsFG1CZNOzttEYThuzDvRc=,Rk6Tj5m3rl5V5YfEeHkO/UkEqTI=
-27,-135,eQM8cgsFG1CZNOzttEYThuzDvRc=,Rk6Tj5m3rl5V5YfEeHkO/UkEqTI=
-28,-135,eQM8cgsFG1CZNOzttEYThuzDvRc=,Rk6Tj5m3rl5V5YfEeHkO/UkEqTI=
-29,-135,eQM8cgsFG1CZNOzttEYThuzDvRc=,Rk6Tj5m3rl5V5YfEeHkO/UkEqTI=
-30,-135,eQM8cgsFG1CZNOzttEYThuzDvRc=,Rk6Tj5m3rl5V5YfEeHkO/UkEqTI=
-31,-135,eQM8cgsFG1CZNOzttEYThuzDvRc=,Rk6Tj5m3rl5V5YfEeHkO/UkEqTI=
-32,-135,eQM8cgsFG1CZNOzttEYThuzDvRc=,Rk6Tj5m3rl5V5YfEeHkO/UkEqTI=
-17,-136,eQM8cgsFG1CZNOzttEYThuzDvRc=,Rk6Tj5m3rl5V5YfEeHkO/UkEqTI=
-18,-136,eQM8cgsFG1CZNOzttEYThuzDvRc=,Rk6Tj5m3rl5V5YfEeHkO/UkEqTI=
-19,-136,eQM8cgsFG1CZNOzttEYThuzDvRc=,Rk6Tj5m3rl5V5YfEeHkO/UkEqTI=
-20,-136,eQM8cgsFG1CZNOzttEYThuzDvRc=,Rk6Tj5m3rl5V5YfEeHkO/UkEqTI=
-21,-136,eQM8cgsFG1CZNOzttEYThuzDvRc=,Rk6Tj5m3rl5V5YfEeHkO/UkEqTI=
-22,-136,eQM8cgsFG1CZNOzttEYThuzDvRc=,Rk6Tj5m3rl5V5YfEeHkO/UkEqTI=
-23,-136,eQM8cgsFG1CZNOzttEYThuzDvRc=,Rk6Tj5m3rl5V5YfEeHkO/UkEqTI=
-24,-136,eQM8cgsFG1CZNOzttEYThuzDvRc=,Rk6Tj5m3rl5V5YfEeHkO/UkEqTI=
-22,-143,eQM8cgsFG1CZNOzttEYThuzDvRc=,Rk6Tj5m3rl5V5YfEeHkO/UkEqTI=
-26,-142,eQM8cgsFG1CZNOzttEYThuzDvRc=,Rk6Tj5m3rl5V5YfEeHkO/UkEqTI=
-25,-136,eQM8cgsFG1CZNOzttEYThuzDvRc=,Rk6Tj5m3rl5V5YfEeHkO/UkEqTI=
-26,-136,eQM8cgsFG1CZNOzttEYThuzDvRc=,Rk6Tj5m3rl5V5YfEeHkO/UkEqTI=
-27,-136,eQM8cgsFG1CZNOzttEYThuzDvRc=,Rk6Tj5m3rl5V5YfEeHkO/UkEqTI=
-28,-136,eQM8cgsFG1CZNOzttEYThuzDvRc=,Rk6Tj5m3rl5V5YfEeHkO/UkEqTI=
-29,-136,eQM8cgsFG1CZNOzttEYThuzDvRc=,Rk6Tj5m3rl5V5YfEeHkO/UkEqTI=
-30,-136,eQM8cgsFG1CZNOzttEYThuzDvRc=,Rk6Tj5m3rl5V5YfEeHkO/UkEqTI=
-31,-136,eQM8cgsFG1CZNOzttEYThuzDvRc=,Rk6Tj5m3rl5V5YfEeHkO/UkEqTI=
-32,-136,eQM8cgsFG1CZNOzttEYThuzDvRc=,Rk6Tj5m3rl5V5YfEeHkO/UkEqTI=
-22,-144,eQM8cgsFG1CZNOzttEYThuzDvRc=,Rk6Tj5m3rl5V5YfEeHkO/UkEqTI=
-18,-137,eQM8cgsFG1CZNOzttEYThuzDvRc=,Rk6Tj5m3rl5V5YfEeHkO/UkEqTI=
-22,-141,eQM8cgsFG1CZNOzttEYThuzDvRc=,Rk6Tj5m3rl5V5YfEeHkO/UkEqTI=
-19,-137,eQM8cgsFG1CZNOzttEYThuzDvRc=,Rk6Tj5m3rl5V5YfEeHkO/UkEqTI=
-20,-137,eQM8cgsFG1CZNOzttEYThuzDvRc=,Rk6Tj5m3rl5V5YfEeHkO/UkEqTI=
-21,-141,eQM8cgsFG1CZNOzttEYThuzDvRc=,Rk6Tj5m3rl5V5YfEeHkO/UkEqTI=
-20,-141,eQM8cgsFG1CZNOzttEYThuzDvRc=,Rk6Tj5m3rl5V5YfEeHkO/UkEqTI=
-21,-137,eQM8cgsFG1CZNOzttEYThuzDvRc=,Rk6Tj5m3rl5V5YfEeHkO/UkEqTI=
-22,-137,eQM8cgsFG1CZNOzttEYThuzDvRc=,Rk6Tj5m3rl5V5YfEeHkO/UkEqTI=
-23,-137,eQM8cgsFG1CZNOzttEYThuzDvRc=,Rk6Tj5m3rl5V5YfEeHkO/UkEqTI=
-19,-141,eQM8cgsFG1CZNOzttEYThuzDvRc=,Rk6Tj5m3rl5V5YfEeHkO/UkEqTI=
-21,-144,eQM8cgsFG1CZNOzttEYThuzDvRc=,Rk6Tj5m3rl5V5YfEeHkO/UkEqTI=
-29,-144,eQM8cgsFG1CZNOzttEYThuzDvRc=,Rk6Tj5m3rl5V5YfEeHkO/UkEqTI=
-17,-137,eQM8cgsFG1CZNOzttEYThuzDvRc=,Rk6Tj5m3rl5V5YfEeHkO/UkEqTI=
-27,-142,eQM8cgsFG1CZNOzttEYThuzDvRc=,Rk6Tj5m3rl5V5YfEeHkO/UkEqTI=
-26,-137,eQM8cgsFG1CZNOzttEYThuzDvRc=,Rk6Tj5m3rl5V5YfEeHkO/UkEqTI=
-27,-137,eQM8cgsFG1CZNOzttEYThuzDvRc=,Rk6Tj5m3rl5V5YfEeHkO/UkEqTI=
-28,-137,eQM8cgsFG1CZNOzttEYThuzDvRc=,Rk6Tj5m3rl5V5YfEeHkO/UkEqTI=
-29,-137,eQM8cgsFG1CZNOzttEYThuzDvRc=,Rk6Tj5m3rl5V5YfEeHkO/UkEqTI=
-30,-137,eQM8cgsFG1CZNOzttEYThuzDvRc=,Rk6Tj5m3rl5V5YfEeHkO/UkEqTI=
-31,-137,eQM8cgsFG1CZNOzttEYThuzDvRc=,Rk6Tj5m3rl5V5YfEeHkO/UkEqTI=
-32,-137,eQM8cgsFG1CZNOzttEYThuzDvRc=,Rk6Tj5m3rl5V5YfEeHkO/UkEqTI=
-24,-137,eQM8cgsFG1CZNOzttEYThuzDvRc=,Rk6Tj5m3rl5V5YfEeHkO/UkEqTI=
-23,-144,eQM8cgsFG1CZNOzttEYThuzDvRc=,Rk6Tj5m3rl5V5YfEeHkO/UkEqTI=
-17,-138,eQM8cgsFG1CZNOzttEYThuzDvRc=,Rk6Tj5m3rl5V5YfEeHkO/UkEqTI=
-20,-138,eQM8cgsFG1CZNOzttEYThuzDvRc=,Rk6Tj5m3rl5V5YfEeHkO/UkEqTI=
-19,-138,eQM8cgsFG1CZNOzttEYThuzDvRc=,Rk6Tj5m3rl5V5YfEeHkO/UkEqTI=
-22,-138,eQM8cgsFG1CZNOzttEYThuzDvRc=,Rk6Tj5m3rl5V5YfEeHkO/UkEqTI=
-18,-138,eQM8cgsFG1CZNOzttEYThuzDvRc=,Rk6Tj5m3rl5V5YfEeHkO/UkEqTI=
-24,-129,eQM8cgsFG1CZNOzttEYThuzDvRc=,Rk6Tj5m3rl5V5YfEeHkO/UkEqTI=
-21,-138,eQM8cgsFG1CZNOzttEYThuzDvRc=,Rk6Tj5m3rl5V5YfEeHkO/UkEqTI=
-24,-138,eQM8cgsFG1CZNOzttEYThuzDvRc=,Rk6Tj5m3rl5V5YfEeHkO/UkEqTI=
-24,-144,eQM8cgsFG1CZNOzttEYThuzDvRc=,Rk6Tj5m3rl5V5YfEeHkO/UkEqTI=
-28,-142,eQM8cgsFG1CZNOzttEYThuzDvRc=,Rk6Tj5m3rl5V5YfEeHkO/UkEqTI=
-27,-138,eQM8cgsFG1CZNOzttEYThuzDvRc=,Rk6Tj5m3rl5V5YfEeHkO/UkEqTI=
-28,-138,eQM8cgsFG1CZNOzttEYThuzDvRc=,Rk6Tj5m3rl5V5YfEeHkO/UkEqTI=
-29,-138,eQM8cgsFG1CZNOzttEYThuzDvRc=,Rk6Tj5m3rl5V5YfEeHkO/UkEqTI=
-30,-138,eQM8cgsFG1CZNOzttEYThuzDvRc=,Rk6Tj5m3rl5V5YfEeHkO/UkEqTI=
-31,-138,eQM8cgsFG1CZNOzttEYThuzDvRc=,Rk6Tj5m3rl5V5YfEeHkO/UkEqTI=
-32,-138,eQM8cgsFG1CZNOzttEYThuzDvRc=,Rk6Tj5m3rl5V5YfEeHkO/UkEqTI=
-17,-139,eQM8cgsFG1CZNOzttEYThuzDvRc=,Rk6Tj5m3rl5V5YfEeHkO/UkEqTI=
-18,-139,eQM8cgsFG1CZNOzttEYThuzDvRc=,Rk6Tj5m3rl5V5YfEeHkO/UkEqTI=
-23,-138,eQM8cgsFG1CZNOzttEYThuzDvRc=,Rk6Tj5m3rl5V5YfEeHkO/UkEqTI=
-19,-139,eQM8cgsFG1CZNOzttEYThuzDvRc=,Rk6Tj5m3rl5V5YfEeHkO/UkEqTI=
-25,-137,eQM8cgsFG1CZNOzttEYThuzDvRc=,Rk6Tj5m3rl5V5YfEeHkO/UkEqTI=
-20,-139,eQM8cgsFG1CZNOzttEYThuzDvRc=,Rk6Tj5m3rl5V5YfEeHkO/UkEqTI=
-25,-138,eQM8cgsFG1CZNOzttEYThuzDvRc=,Rk6Tj5m3rl5V5YfEeHkO/UkEqTI=
-24,-139,eQM8cgsFG1CZNOzttEYThuzDvRc=,Rk6Tj5m3rl5V5YfEeHkO/UkEqTI=
-23,-139,eQM8cgsFG1CZNOzttEYThuzDvRc=,Rk6Tj5m3rl5V5YfEeHkO/UkEqTI=
-21,-139,eQM8cgsFG1CZNOzttEYThuzDvRc=,Rk6Tj5m3rl5V5YfEeHkO/UkEqTI=
-27,-139,eQM8cgsFG1CZNOzttEYThuzDvRc=,Rk6Tj5m3rl5V5YfEeHkO/UkEqTI=
-25,-144,eQM8cgsFG1CZNOzttEYThuzDvRc=,Rk6Tj5m3rl5V5YfEeHkO/UkEqTI=
-29,-142,eQM8cgsFG1CZNOzttEYThuzDvRc=,Rk6Tj5m3rl5V5YfEeHkO/UkEqTI=
-28,-139,eQM8cgsFG1CZNOzttEYThuzDvRc=,Rk6Tj5m3rl5V5YfEeHkO/UkEqTI=
-29,-139,eQM8cgsFG1CZNOzttEYThuzDvRc=,Rk6Tj5m3rl5V5YfEeHkO/UkEqTI=
-30,-139,eQM8cgsFG1CZNOzttEYThuzDvRc=,Rk6Tj5m3rl5V5YfEeHkO/UkEqTI=
-31,-139,eQM8cgsFG1CZNOzttEYThuzDvRc=,Rk6Tj5m3rl5V5YfEeHkO/UkEqTI=
-32,-139,eQM8cgsFG1CZNOzttEYThuzDvRc=,Rk6Tj5m3rl5V5YfEeHkO/UkEqTI=
-26,-144,eQM8cgsFG1CZNOzttEYThuzDvRc=,Rk6Tj5m3rl5V5YfEeHkO/UkEqTI=
-26,-139,eQM8cgsFG1CZNOzttEYThuzDvRc=,Rk6Tj5m3rl5V5YfEeHkO/UkEqTI=
-17,-140,eQM8cgsFG1CZNOzttEYThuzDvRc=,Rk6Tj5m3rl5V5YfEeHkO/UkEqTI=
-18,-140,eQM8cgsFG1CZNOzttEYThuzDvRc=,Rk6Tj5m3rl5V5YfEeHkO/UkEqTI=
-19,-140,eQM8cgsFG1CZNOzttEYThuzDvRc=,Rk6Tj5m3rl5V5YfEeHkO/UkEqTI=
-26,-138,eQM8cgsFG1CZNOzttEYThuzDvRc=,Rk6Tj5m3rl5V5YfEeHkO/UkEqTI=
-20,-140,eQM8cgsFG1CZNOzttEYThuzDvRc=,Rk6Tj5m3rl5V5YfEeHkO/UkEqTI=
-22,-139,eQM8cgsFG1CZNOzttEYThuzDvRc=,Rk6Tj5m3rl5V5YfEeHkO/UkEqTI=
-23,-140,eQM8cgsFG1CZNOzttEYThuzDvRc=,Rk6Tj5m3rl5V5YfEeHkO/UkEqTI=
-24,-140,eQM8cgsFG1CZNOzttEYThuzDvRc=,Rk6Tj5m3rl5V5YfEeHkO/UkEqTI=
-26,-140,eQM8cgsFG1CZNOzttEYThuzDvRc=,Rk6Tj5m3rl5V5YfEeHkO/UkEqTI=
-27,-140,eQM8cgsFG1CZNOzttEYThuzDvRc=,Rk6Tj5m3rl5V5YfEeHkO/UkEqTI=
-27,-144,eQM8cgsFG1CZNOzttEYThuzDvRc=,Rk6Tj5m3rl5V5YfEeHkO/UkEqTI=
-28,-140,eQM8cgsFG1CZNOzttEYThuzDvRc=,Rk6Tj5m3rl5V5YfEeHkO/UkEqTI=
-30,-142,eQM8cgsFG1CZNOzttEYThuzDvRc=,Rk6Tj5m3rl5V5YfEeHkO/UkEqTI=
-29,-140,eQM8cgsFG1CZNOzttEYThuzDvRc=,Rk6Tj5m3rl5V5YfEeHkO/UkEqTI=
-30,-140,eQM8cgsFG1CZNOzttEYThuzDvRc=,Rk6Tj5m3rl5V5YfEeHkO/UkEqTI=
-31,-140,eQM8cgsFG1CZNOzttEYThuzDvRc=,Rk6Tj5m3rl5V5YfEeHkO/UkEqTI=
-32,-140,eQM8cgsFG1CZNOzttEYThuzDvRc=,Rk6Tj5m3rl5V5YfEeHkO/UkEqTI=
-32,-144,eQM8cgsFG1CZNOzttEYThuzDvRc=,Rk6Tj5m3rl5V5YfEeHkO/UkEqTI=
-31,-142,eQM8cgsFG1CZNOzttEYThuzDvRc=,Rk6Tj5m3rl5V5YfEeHkO/UkEqTI=
-21,-140,eQM8cgsFG1CZNOzttEYThuzDvRc=,Rk6Tj5m3rl5V5YfEeHkO/UkEqTI=
-25,-140,eQM8cgsFG1CZNOzttEYThuzDvRc=,Rk6Tj5m3rl5V5YfEeHkO/UkEqTI=
-18,-141,eQM8cgsFG1CZNOzttEYThuzDvRc=,Rk6Tj5m3rl5V5YfEeHkO/UkEqTI=
-22,-140,eQM8cgsFG1CZNOzttEYThuzDvRc=,Rk6Tj5m3rl5V5YfEeHkO/UkEqTI=
-25,-139,eQM8cgsFG1CZNOzttEYThuzDvRc=,Rk6Tj5m3rl5V5YfEeHkO/UkEqTI=
-17,-141,eQM8cgsFG1CZNOzttEYThuzDvRc=,Rk6Tj5m3rl5V5YfEeHkO/UkEqTI=
