79,63,Vm7WgBMi6N8Q/apXUUuzkeIsZGQ=,leeQHrRE006S9uG98R6ST0ILdbU=
78,63,Vm7WgBMi6N8Q/apXUUuzkeIsZGQ=,leeQHrRE006S9uG98R6ST0ILdbU=
77,63,Vm7WgBMi6N8Q/apXUUuzkeIsZGQ=,leeQHrRE006S9uG98R6ST0ILdbU=
67,48,Vm7WgBMi6N8Q/apXUUuzkeIsZGQ=,leeQHrRE006S9uG98R6ST0ILdbU=
76,63,Vm7WgBMi6N8Q/apXUUuzkeIsZGQ=,leeQHrRE006S9uG98R6ST0ILdbU=
77,50,Vm7WgBMi6N8Q/apXUUuzkeIsZGQ=,leeQHrRE006S9uG98R6ST0ILdbU=
75,63,Vm7WgBMi6N8Q/apXUUuzkeIsZGQ=,leeQHrRE006S9uG98R6ST0ILdbU=
74,63,Vm7WgBMi6N8Q/apXUUuzkeIsZGQ=,leeQHrRE006S9uG98R6ST0ILdbU=
78,50,Vm7WgBMi6N8Q/apXUUuzkeIsZGQ=,leeQHrRE006S9uG98R6ST0ILdbU=
72,63,Vm7WgBMi6N8Q/apXUUuzkeIsZGQ=,leeQHrRE006S9uG98R6ST0ILdbU=
73,63,Vm7WgBMi6N8Q/apXUUuzkeIsZGQ=,leeQHrRE006S9uG98R6ST0ILdbU=
79,50,Vm7WgBMi6N8Q/apXUUuzkeIsZGQ=,leeQHrRE006S9uG98R6ST0ILdbU=
71,63,Vm7WgBMi6N8Q/apXUUuzkeIsZGQ=,leeQHrRE006S9uG98R6ST0ILdbU=
70,63,Vm7WgBMi6N8Q/apXUUuzkeIsZGQ=,leeQHrRE006S9uG98R6ST0ILdbU=
69,63,Vm7WgBMi6N8Q/apXUUuzkeIsZGQ=,leeQHrRE006S9uG98R6ST0ILdbU=
64,51,Vm7WgBMi6N8Q/apXUUuzkeIsZGQ=,leeQHrRE006S9uG98R6ST0ILdbU=
68,63,rfQzOnY6V8xbN4kKzjcydpIF0Ls=,leeQHrRE006S9uG98R6ST0ILdbU=
65,51,rfQzOnY6V8xbN4kKzjcydpIF0Ls=,leeQHrRE006S9uG98R6ST0ILdbU=
67,63,rfQzOnY6V8xbN4kKzjcydpIF0Ls=,leeQHrRE006S9uG98R6ST0ILdbU=
66,63,rfQzOnY6V8xbN4kKzjcydpIF0Ls=,leeQHrRE006S9uG98R6ST0ILdbU=
66,51,rfQzOnY6V8xbN4kKzjcydpIF0Ls=,leeQHrRE006S9uG98R6ST0ILdbU=
65,63,rfQzOnY6V8xbN4kKzjcydpIF0Ls=,leeQHrRE006S9uG98R6ST0ILdbU=
64,50,rfQzOnY6V8xbN4kKzjcydpIF0Ls=,leeQHrRE006S9uG98R6ST0ILdbU=
65,49,rfQzOnY6V8xbN4kKzjcydpIF0Ls=,leeQHrRE006S9uG98R6ST0ILdbU=
79,49,rfQzOnY6V8xbN4kKzjcydpIF0Ls=,leeQHrRE006S9uG98R6ST0ILdbU=
67,51,rfQzOnY6V8xbN4kKzjcydpIF0Ls=,leeQHrRE006S9uG98R6ST0ILdbU=
78,49,rfQzOnY6V8xbN4kKzjcydpIF0Ls=,leeQHrRE006S9uG98R6ST0ILdbU=
68,51,rfQzOnY6V8xbN4kKzjcydpIF0Ls=,leeQHrRE006S9uG98R6ST0ILdbU=
79,62,rfQzOnY6V8xbN4kKzjcydpIF0Ls=,leeQHrRE006S9uG98R6ST0ILdbU=
64,63,rfQzOnY6V8xbN4kKzjcydpIF0Ls=,leeQHrRE006S9uG98R6ST0ILdbU=
68,48,rfQzOnY6V8xbN4kKzjcydpIF0Ls=,leeQHrRE006S9uG98R6ST0ILdbU=
69,51,rfQzOnY6V8xbN4kKzjcydpIF0Ls=,leeQHrRE006S9uG98R6ST0ILdbU=
77,49,rfQzOnY6V8xbN4kKzjcydpIF0Ls=,leeQHrRE006S9uG98R6ST0ILdbU=
75,49,rfQzOnY6V8xbN4kKzjcydpIF0Ls=,leeQHrRE006S9uG98R6ST0ILdbU=
76,49,rfQzOnY6V8xbN4kKzjcydpIF0Ls=,leeQHrRE006S9uG98R6ST0ILdbU=
70,51,rfQzOnY6V8xbN4kKzjcydpIF0Ls=,leeQHrRE006S9uG98R6ST0ILdbU=
74,49,rfQzOnY6V8xbN4kKzjcydpIF0Ls=,leeQHrRE006S9uG98R6ST0ILdbU=
73,49,rfQzOnY6V8xbN4kKzjcydpIF0Ls=,leeQHrRE006S9uG98R6ST0ILdbU=
71,51,rfQzOnY6V8xbN4kKzjcydpIF0Ls=,leeQHrRE006S9uG98R6ST0ILdbU=
72,49,rfQzOnY6V8xbN4kKzjcydpIF0Ls=,leeQHrRE006S9uG98R6ST0ILdbU=
72,51,rfQzOnY6V8xbN4kKzjcydpIF0Ls=,leeQHrRE006S9uG98R6ST0ILdbU=
71,49,rfQzOnY6V8xbN4kKzjcydpIF0Ls=,leeQHrRE006S9uG98R6ST0ILdbU=
70,49,rfQzOnY6V8xbN4kKzjcydpIF0Ls=,leeQHrRE006S9uG98R6ST0ILdbU=
69,49,rfQzOnY6V8xbN4kKzjcydpIF0Ls=,leeQHrRE006S9uG98R6ST0ILdbU=
73,51,rfQzOnY6V8xbN4kKzjcydpIF0Ls=,leeQHrRE006S9uG98R6ST0ILdbU=
68,49,rfQzOnY6V8xbN4kKzjcydpIF0Ls=,leeQHrRE006S9uG98R6ST0ILdbU=
74,51,rfQzOnY6V8xbN4kKzjcydpIF0Ls=,leeQHrRE006S9uG98R6ST0ILdbU=
67,49,rfQzOnY6V8xbN4kKzjcydpIF0Ls=,leeQHrRE006S9uG98R6ST0ILdbU=
66,49,rfQzOnY6V8xbN4kKzjcydpIF0Ls=,leeQHrRE006S9uG98R6ST0ILdbU=
75,51,rfQzOnY6V8xbN4kKzjcydpIF0Ls=,leeQHrRE006S9uG98R6ST0ILdbU=
78,62,rfQzOnY6V8xbN4kKzjcydpIF0Ls=,leeQHrRE006S9uG98R6ST0ILdbU=
76,51,rfQzOnY6V8xbN4kKzjcydpIF0Ls=,leeQHrRE006S9uG98R6ST0ILdbU=
66,48,rfQzOnY6V8xbN4kKzjcydpIF0Ls=,leeQHrRE006S9uG98R6ST0ILdbU=
76,50,rfQzOnY6V8xbN4kKzjcydpIF0Ls=,leeQHrRE006S9uG98R6ST0ILdbU=
77,51,rfQzOnY6V8xbN4kKzjcydpIF0Ls=,leeQHrRE006S9uG98R6ST0ILdbU=
77,62,rfQzOnY6V8xbN4kKzjcydpIF0Ls=,leeQHrRE006S9uG98R6ST0ILdbU=
78,51,rfQzOnY6V8xbN4kKzjcydpIF0Ls=,leeQHrRE006S9uG98R6ST0ILdbU=
76,62,rfQzOnY6V8xbN4kKzjcydpIF0Ls=,leeQHrRE006S9uG98R6ST0ILdbU=
75,62,rfQzOnY6V8xbN4kKzjcydpIF0Ls=,leeQHrRE006S9uG98R6ST0ILdbU=
79,51,rfQzOnY6V8xbN4kKzjcydpIF0Ls=,leeQHrRE006S9uG98R6ST0ILdbU=
73,62,rfQzOnY6V8xbN4kKzjcydpIF0Ls=,leeQHrRE006S9uG98R6ST0ILdbU=
74,62,rfQzOnY6V8xbN4kKzjcydpIF0Ls=,leeQHrRE006S9uG98R6ST0ILdbU=
65,50,rfQzOnY6V8xbN4kKzjcydpIF0Ls=,leeQHrRE006S9uG98R6ST0ILdbU=
72,62,rfQzOnY6V8xbN4kKzjcydpIF0Ls=,leeQHrRE006S9uG98R6ST0ILdbU=
71,62,rfQzOnY6V8xbN4kKzjcydpIF0Ls=,leeQHrRE006S9uG98R6ST0ILdbU=
64,48,rfQzOnY6V8xbN4kKzjcydpIF0Ls=,leeQHrRE006S9uG98R6ST0ILdbU=
70,62,rfQzOnY6V8xbN4kKzjcydpIF0Ls=,leeQHrRE006S9uG98R6ST0ILdbU=
69,62,rfQzOnY6V8xbN4kKzjcydpIF0Ls=,leeQHrRE006S9uG98R6ST0ILdbU=
64,52,rfQzOnY6V8xbN4kKzjcydpIF0Ls=,leeQHrRE006S9uG98R6ST0ILdbU=
68,62,rfQzOnY6V8xbN4kKzjcydpIF0Ls=,leeQHrRE006S9uG98R6ST0ILdbU=
67,62,rfQzOnY6V8xbN4kKzjcydpIF0Ls=,leeQHrRE006S9uG98R6ST0ILdbU=
66,62,rfQzOnY6V8xbN4kKzjcydpIF0Ls=,leeQHrRE006S9uG98R6ST0ILdbU=
65,52,rfQzOnY6V8xbN4kKzjcydpIF0Ls=,leeQHrRE006S9uG98R6ST0ILdbU=
66,52,rfQzOnY6V8xbN4kKzjcydpIF0Ls=,leeQHrRE006S9uG98R6ST0ILdbU=
65,62,rfQzOnY6V8xbN4kKzjcydpIF0Ls=,leeQHrRE006S9uG98R6ST0ILdbU=
64,62,rfQzOnY6V8xbN4kKzjcydpIF0Ls=,leeQHrRE006S9uG98R6ST0ILdbU=
67,52,rfQzOnY6V8xbN4kKzjcydpIF0Ls=,leeQHrRE006S9uG98R6ST0ILdbU=
64,49,rfQzOnY6V8xbN4kKzjcydpIF0Ls=,leeQHrRE006S9uG98R6ST0ILdbU=
79,61,rfQzOnY6V8xbN4kKzjcydpIF0Ls=,leeQHrRE006S9uG98R6ST0ILdbU=
78,61,rfQzOnY6V8xbN4kKzjcydpIF0Ls=,leeQHrRE006S9uG98R6ST0ILdbU=
66,50,rfQzOnY6V8xbN4kKzjcydpIF0Ls=,leeQHrRE006S9uG98R6ST0ILdbU=
79,48,rfQzOnY6V8xbN4kKzjcydpIF0Ls=,leeQHrRE006S9uG98R6ST0ILdbU=
77,61,rfQzOnY6V8xbN4kKzjcydpIF0Ls=,leeQHrRE006S9uG98R6ST0ILdbU=
68,52,rfQzOnY6V8xbN4kKzjcydpIF0Ls=,leeQHrRE006S9uG98R6ST0ILdbU=
75,50,rfQzOnY6V8xbN4kKzjcydpIF0Ls=,leeQHrRE006S9uG98R6ST0ILdbU=
69,48,rfQzOnY6V8xbN4kKzjcydpIF0Ls=,leeQHrRE006S9uG98R6ST0ILdbU=
76,61,rfQzOnY6V8xbN4kKzjcydpIF0Ls=,leeQHrRE006S9uG98R6ST0ILdbU=
75,61,rfQzOnY6V8xbN4kKzjcydpIF0Ls=,leeQHrRE006S9uG98R6ST0ILdbU=
69,52,rfQzOnY6V8xbN4kKzjcydpIF0Ls=,leeQHrRE006S9uG98R6ST0ILdbU=
74,61,rfQzOnY6V8xbN4kKzjcydpIF0Ls=,leeQHrRE006S9uG98R6ST0ILdbU=
73,61,rfQzOnY6V8xbN4kKzjcydpIF0Ls=,leeQHrRE006S9uG98R6ST0ILdbU=
70,52,rfQzOnY6V8xbN4kKzjcydpIF0Ls=,leeQHrRE006S9uG98R6ST0ILdbU=
72,61,rfQzOnY6V8xbN4kKzjcydpIF0Ls=,leeQHrRE006S9uG98R6ST0ILdbU=
71,61,rfQzOnY6V8xbN4kKzjcydpIF0Ls=,leeQHrRE006S9uG98R6ST0ILdbU=
70,61,rfQzOnY6V8xbN4kKzjcydpIF0Ls=,leeQHrRE006S9uG98R6ST0ILdbU=
71,52,rfQzOnY6V8xbN4kKzjcydpIF0Ls=,leeQHrRE006S9uG98R6ST0ILdbU=
72,52,rfQzOnY6V8xbN4kKzjcydpIF0Ls=,leeQHrRE006S9uG98R6ST0ILdbU=
68,61,rfQzOnY6V8xbN4kKzjcydpIF0Ls=,leeQHrRE006S9uG98R6ST0ILdbU=
69,61,rfQzOnY6V8xbN4kKzjcydpIF0Ls=,leeQHrRE006S9uG98R6ST0ILdbU=
73,52,rfQzOnY6V8xbN4kKzjcydpIF0Ls=,leeQHrRE006S9uG98R6ST0ILdbU=
67,61,rfQzOnY6V8xbN4kKzjcydpIF0Ls=,leeQHrRE006S9uG98R6ST0ILdbU=
66,61,rfQzOnY6V8xbN4kKzjcydpIF0Ls=,leeQHrRE006S9uG98R6ST0ILdbU=
74,52,rfQzOnY6V8xbN4kKzjcydpIF0Ls=,leeQHrRE006S9uG98R6ST0ILdbU=
65,61,rfQzOnY6V8xbN4kKzjcydpIF0Ls=,leeQHrRE006S9uG98R6ST0ILdbU=
75,52,rfQzOnY6V8xbN4kKzjcydpIF0Ls=,leeQHrRE006S9uG98R6ST0ILdbU=
65,48,rfQzOnY6V8xbN4kKzjcydpIF0Ls=,leeQHrRE006S9uG98R6ST0ILdbU=
64,61,rfQzOnY6V8xbN4kKzjcydpIF0Ls=,leeQHrRE006S9uG98R6ST0ILdbU=
76,52,rfQzOnY6V8xbN4kKzjcydpIF0Ls=,leeQHrRE006S9uG98R6ST0ILdbU=
77,52,rfQzOnY6V8xbN4kKzjcydpIF0Ls=,leeQHrRE006S9uG98R6ST0ILdbU=
78,52,rfQzOnY6V8xbN4kKzjcydpIF0Ls=,leeQHrRE006S9uG98R6ST0ILdbU=
70,48,rfQzOnY6V8xbN4kKzjcydpIF0Ls=,leeQHrRE006S9uG98R6ST0ILdbU=
64,53,rfQzOnY6V8xbN4kKzjcydpIF0Ls=,leeQHrRE006S9uG98R6ST0ILdbU=
65,53,rfQzOnY6V8xbN4kKzjcydpIF0Ls=,leeQHrRE006S9uG98R6ST0ILdbU=
67,53,rfQzOnY6V8xbN4kKzjcydpIF0Ls=,leeQHrRE006S9uG98R6ST0ILdbU=
68,53,rfQzOnY6V8xbN4kKzjcydpIF0Ls=,leeQHrRE006S9uG98R6ST0ILdbU=
79,52,rfQzOnY6V8xbN4kKzjcydpIF0Ls=,leeQHrRE006S9uG98R6ST0ILdbU=
67,50,rfQzOnY6V8xbN4kKzjcydpIF0Ls=,leeQHrRE006S9uG98R6ST0ILdbU=
71,48,rfQzOnY6V8xbN4kKzjcydpIF0Ls=,leeQHrRE006S9uG98R6ST0ILdbU=
69,53,rfQzOnY6V8xbN4kKzjcydpIF0Ls=,leeQHrRE006S9uG98R6ST0ILdbU=
66,53,rfQzOnY6V8xbN4kKzjcydpIF0Ls=,leeQHrRE006S9uG98R6ST0ILdbU=
70,53,rfQzOnY6V8xbN4kKzjcydpIF0Ls=,leeQHrRE006S9uG98R6ST0ILdbU=
71,53,rfQzOnY6V8xbN4kKzjcydpIF0Ls=,leeQHrRE006S9uG98R6ST0ILdbU=
72,53,rfQzOnY6V8xbN4kKzjcydpIF0Ls=,leeQHrRE006S9uG98R6ST0ILdbU=
73,53,rfQzOnY6V8xbN4kKzjcydpIF0Ls=,leeQHrRE006S9uG98R6ST0ILdbU=
74,53,rfQzOnY6V8xbN4kKzjcydpIF0Ls=,leeQHrRE006S9uG98R6ST0ILdbU=
75,53,rfQzOnY6V8xbN4kKzjcydpIF0Ls=,leeQHrRE006S9uG98R6ST0ILdbU=
76,53,rfQzOnY6V8xbN4kKzjcydpIF0Ls=,leeQHrRE006S9uG98R6ST0ILdbU=
77,53,rfQzOnY6V8xbN4kKzjcydpIF0Ls=,leeQHrRE006S9uG98R6ST0ILdbU=
78,53,rfQzOnY6V8xbN4kKzjcydpIF0Ls=,leeQHrRE006S9uG98R6ST0ILdbU=
79,53,rfQzOnY6V8xbN4kKzjcydpIF0Ls=,leeQHrRE006S9uG98R6ST0ILdbU=
64,54,rfQzOnY6V8xbN4kKzjcydpIF0Ls=,leeQHrRE006S9uG98R6ST0ILdbU=
65,54,rfQzOnY6V8xbN4kKzjcydpIF0Ls=,leeQHrRE006S9uG98R6ST0ILdbU=
66,54,rfQzOnY6V8xbN4kKzjcydpIF0Ls=,leeQHrRE006S9uG98R6ST0ILdbU=
67,54,rfQzOnY6V8xbN4kKzjcydpIF0Ls=,leeQHrRE006S9uG98R6ST0ILdbU=
68,54,rfQzOnY6V8xbN4kKzjcydpIF0Ls=,leeQHrRE006S9uG98R6ST0ILdbU=
69,54,rfQzOnY6V8xbN4kKzjcydpIF0Ls=,leeQHrRE006S9uG98R6ST0ILdbU=
68,50,rfQzOnY6V8xbN4kKzjcydpIF0Ls=,leeQHrRE006S9uG98R6ST0ILdbU=
72,48,rfQzOnY6V8xbN4kKzjcydpIF0Ls=,leeQHrRE006S9uG98R6ST0ILdbU=
70,54,rfQzOnY6V8xbN4kKzjcydpIF0Ls=,leeQHrRE006S9uG98R6ST0ILdbU=
71,54,rfQzOnY6V8xbN4kKzjcydpIF0Ls=,leeQHrRE006S9uG98R6ST0ILdbU=
72,54,rfQzOnY6V8xbN4kKzjcydpIF0Ls=,leeQHrRE006S9uG98R6ST0ILdbU=
73,54,rfQzOnY6V8xbN4kKzjcydpIF0Ls=,leeQHrRE006S9uG98R6ST0ILdbU=
74,54,rfQzOnY6V8xbN4kKzjcydpIF0Ls=,leeQHrRE006S9uG98R6ST0ILdbU=
75,54,rfQzOnY6V8xbN4kKzjcydpIF0Ls=,leeQHrRE006S9uG98R6ST0ILdbU=
76,54,rfQzOnY6V8xbN4kKzjcydpIF0Ls=,leeQHrRE006S9uG98R6ST0ILdbU=
78,54,rfQzOnY6V8xbN4kKzjcydpIF0Ls=,leeQHrRE006S9uG98R6ST0ILdbU=
77,54,rfQzOnY6V8xbN4kKzjcydpIF0Ls=,leeQHrRE006S9uG98R6ST0ILdbU=
79,54,rfQzOnY6V8xbN4kKzjcydpIF0Ls=,leeQHrRE006S9uG98R6ST0ILdbU=
64,55,rfQzOnY6V8xbN4kKzjcydpIF0Ls=,leeQHrRE006S9uG98R6ST0ILdbU=
65,55,rfQzOnY6V8xbN4kKzjcydpIF0Ls=,leeQHrRE006S9uG98R6ST0ILdbU=
66,55,rfQzOnY6V8xbN4kKzjcydpIF0Ls=,leeQHrRE006S9uG98R6ST0ILdbU=
67,55,rfQzOnY6V8xbN4kKzjcydpIF0Ls=,leeQHrRE006S9uG98R6ST0ILdbU=
68,55,rfQzOnY6V8xbN4kKzjcydpIF0Ls=,leeQHrRE006S9uG98R6ST0ILdbU=
69,55,rfQzOnY6V8xbN4kKzjcydpIF0Ls=,leeQHrRE006S9uG98R6ST0ILdbU=
70,55,rfQzOnY6V8xbN4kKzjcydpIF0Ls=,leeQHrRE006S9uG98R6ST0ILdbU=
69,50,rfQzOnY6V8xbN4kKzjcydpIF0Ls=,leeQHrRE006S9uG98R6ST0ILdbU=
73,48,rfQzOnY6V8xbN4kKzjcydpIF0Ls=,leeQHrRE006S9uG98R6ST0ILdbU=
71,55,rfQzOnY6V8xbN4kKzjcydpIF0Ls=,leeQHrRE006S9uG98R6ST0ILdbU=
72,55,rfQzOnY6V8xbN4kKzjcydpIF0Ls=,leeQHrRE006S9uG98R6ST0ILdbU=
73,55,rfQzOnY6V8xbN4kKzjcydpIF0Ls=,leeQHrRE006S9uG98R6ST0ILdbU=
74,55,rfQzOnY6V8xbN4kKzjcydpIF0Ls=,leeQHrRE006S9uG98R6ST0ILdbU=
75,55,rfQzOnY6V8xbN4kKzjcydpIF0Ls=,leeQHrRE006S9uG98R6ST0ILdbU=
79,60,rfQzOnY6V8xbN4kKzjcydpIF0Ls=,leeQHrRE006S9uG98R6ST0ILdbU=
76,55,rfQzOnY6V8xbN4kKzjcydpIF0Ls=,leeQHrRE006S9uG98R6ST0ILdbU=
77,55,rfQzOnY6V8xbN4kKzjcydpIF0Ls=,leeQHrRE006S9uG98R6ST0ILdbU=
78,55,rfQzOnY6V8xbN4kKzjcydpIF0Ls=,leeQHrRE006S9uG98R6ST0ILdbU=
79,55,rfQzOnY6V8xbN4kKzjcydpIF0Ls=,leeQHrRE006S9uG98R6ST0ILdbU=
64,56,rfQzOnY6V8xbN4kKzjcydpIF0Ls=,leeQHrRE006S9uG98R6ST0ILdbU=
65,56,rfQzOnY6V8xbN4kKzjcydpIF0Ls=,leeQHrRE006S9uG98R6ST0ILdbU=
66,56,rfQzOnY6V8xbN4kKzjcydpIF0Ls=,leeQHrRE006S9uG98R6ST0ILdbU=
67,56,rfQzOnY6V8xbN4kKzjcydpIF0Ls=,leeQHrRE006S9uG98R6ST0ILdbU=
68,56,rfQzOnY6V8xbN4kKzjcydpIF0Ls=,leeQHrRE006S9uG98R6ST0ILdbU=
69,56,rfQzOnY6V8xbN4kKzjcydpIF0Ls=,leeQHrRE006S9uG98R6ST0ILdbU=
70,56,rfQzOnY6V8xbN4kKzjcydpIF0Ls=,leeQHrRE006S9uG98R6ST0ILdbU=
71,56,rfQzOnY6V8xbN4kKzjcydpIF0Ls=,leeQHrRE006S9uG98R6ST0ILdbU=
70,50,rfQzOnY6V8xbN4kKzjcydpIF0Ls=,leeQHrRE006S9uG98R6ST0ILdbU=
74,48,rfQzOnY6V8xbN4kKzjcydpIF0Ls=,leeQHrRE006S9uG98R6ST0ILdbU=
72,56,rfQzOnY6V8xbN4kKzjcydpIF0Ls=,leeQHrRE006S9uG98R6ST0ILdbU=
73,56,rfQzOnY6V8xbN4kKzjcydpIF0Ls=,leeQHrRE006S9uG98R6ST0ILdbU=
74,56,rfQzOnY6V8xbN4kKzjcydpIF0Ls=,leeQHrRE006S9uG98R6ST0ILdbU=
78,60,rfQzOnY6V8xbN4kKzjcydpIF0Ls=,leeQHrRE006S9uG98R6ST0ILdbU=
78,48,rfQzOnY6V8xbN4kKzjcydpIF0Ls=,leeQHrRE006S9uG98R6ST0ILdbU=
75,56,rfQzOnY6V8xbN4kKzjcydpIF0Ls=,leeQHrRE006S9uG98R6ST0ILdbU=
77,60,rfQzOnY6V8xbN4kKzjcydpIF0Ls=,leeQHrRE006S9uG98R6ST0ILdbU=
74,50,rfQzOnY6V8xbN4kKzjcydpIF0Ls=,leeQHrRE006S9uG98R6ST0ILdbU=
76,56,rfQzOnY6V8xbN4kKzjcydpIF0Ls=,leeQHrRE006S9uG98R6ST0ILdbU=
76,60,rfQzOnY6V8xbN4kKzjcydpIF0Ls=,leeQHrRE006S9uG98R6ST0ILdbU=
74,60,rfQzOnY6V8xbN4kKzjcydpIF0Ls=,leeQHrRE006S9uG98R6ST0ILdbU=
75,60,rfQzOnY6V8xbN4kKzjcydpIF0Ls=,leeQHrRE006S9uG98R6ST0ILdbU=
77,56,rfQzOnY6V8xbN4kKzjcydpIF0Ls=,leeQHrRE006S9uG98R6ST0ILdbU=
78,56,rfQzOnY6V8xbN4kKzjcydpIF0Ls=,leeQHrRE006S9uG98R6ST0ILdbU=
79,56,rfQzOnY6V8xbN4kKzjcydpIF0Ls=,leeQHrRE006S9uG98R6ST0ILdbU=
73,60,rfQzOnY6V8xbN4kKzjcydpIF0Ls=,leeQHrRE006S9uG98R6ST0ILdbU=
72,60,rfQzOnY6V8xbN4kKzjcydpIF0Ls=,leeQHrRE006S9uG98R6ST0ILdbU=
70,60,rfQzOnY6V8xbN4kKzjcydpIF0Ls=,leeQHrRE006S9uG98R6ST0ILdbU=
69,60,rfQzOnY6V8xbN4kKzjcydpIF0Ls=,leeQHrRE006S9uG98R6ST0ILdbU=
64,57,rfQzOnY6V8xbN4kKzjcydpIF0Ls=,leeQHrRE006S9uG98R6ST0ILdbU=
68,60,rfQzOnY6V8xbN4kKzjcydpIF0Ls=,leeQHrRE006S9uG98R6ST0ILdbU=
65,57,rfQzOnY6V8xbN4kKzjcydpIF0Ls=,leeQHrRE006S9uG98R6ST0ILdbU=
67,60,rfQzOnY6V8xbN4kKzjcydpIF0Ls=,leeQHrRE006S9uG98R6ST0ILdbU=
66,60,rfQzOnY6V8xbN4kKzjcydpIF0Ls=,leeQHrRE006S9uG98R6ST0ILdbU=
71,60,rfQzOnY6V8xbN4kKzjcydpIF0Ls=,leeQHrRE006S9uG98R6ST0ILdbU=
64,60,rfQzOnY6V8xbN4kKzjcydpIF0Ls=,leeQHrRE006S9uG98R6ST0ILdbU=
66,57,rfQzOnY6V8xbN4kKzjcydpIF0Ls=,leeQHrRE006S9uG98R6ST0ILdbU=
65,60,rfQzOnY6V8xbN4kKzjcydpIF0Ls=,leeQHrRE006S9uG98R6ST0ILdbU=
67,57,rfQzOnY6V8xbN4kKzjcydpIF0Ls=,leeQHrRE006S9uG98R6ST0ILdbU=
68,57,rfQzOnY6V8xbN4kKzjcydpIF0Ls=,leeQHrRE006S9uG98R6ST0ILdbU=
79,59,rfQzOnY6V8xbN4kKzjcydpIF0Ls=,leeQHrRE006S9uG98R6ST0ILdbU=
77,59,rfQzOnY6V8xbN4kKzjcydpIF0Ls=,leeQHrRE006S9uG98R6ST0ILdbU=
76,59,rfQzOnY6V8xbN4kKzjcydpIF0Ls=,leeQHrRE006S9uG98R6ST0ILdbU=
75,59,rfQzOnY6V8xbN4kKzjcydpIF0Ls=,leeQHrRE006S9uG98R6ST0ILdbU=
77,48,rfQzOnY6V8xbN4kKzjcydpIF0Ls=,leeQHrRE006S9uG98R6ST0ILdbU=
73,50,rfQzOnY6V8xbN4kKzjcydpIF0Ls=,leeQHrRE006S9uG98R6ST0ILdbU=
74,59,rfQzOnY6V8xbN4kKzjcydpIF0Ls=,leeQHrRE006S9uG98R6ST0ILdbU=
78,59,rfQzOnY6V8xbN4kKzjcydpIF0Ls=,leeQHrRE006S9uG98R6ST0ILdbU=
72,59,rfQzOnY6V8xbN4kKzjcydpIF0Ls=,leeQHrRE006S9uG98R6ST0ILdbU=
71,59,rfQzOnY6V8xbN4kKzjcydpIF0Ls=,leeQHrRE006S9uG98R6ST0ILdbU=
69,57,rfQzOnY6V8xbN4kKzjcydpIF0Ls=,leeQHrRE006S9uG98R6ST0ILdbU=
70,57,rfQzOnY6V8xbN4kKzjcydpIF0Ls=,leeQHrRE006S9uG98R6ST0ILdbU=
73,59,rfQzOnY6V8xbN4kKzjcydpIF0Ls=,leeQHrRE006S9uG98R6ST0ILdbU=
70,59,rfQzOnY6V8xbN4kKzjcydpIF0Ls=,leeQHrRE006S9uG98R6ST0ILdbU=
68,59,rfQzOnY6V8xbN4kKzjcydpIF0Ls=,leeQHrRE006S9uG98R6ST0ILdbU=
67,59,rfQzOnY6V8xbN4kKzjcydpIF0Ls=,leeQHrRE006S9uG98R6ST0ILdbU=
71,57,rfQzOnY6V8xbN4kKzjcydpIF0Ls=,leeQHrRE006S9uG98R6ST0ILdbU=
72,57,rfQzOnY6V8xbN4kKzjcydpIF0Ls=,leeQHrRE006S9uG98R6ST0ILdbU=
71,50,rfQzOnY6V8xbN4kKzjcydpIF0Ls=,leeQHrRE006S9uG98R6ST0ILdbU=
75,48,rfQzOnY6V8xbN4kKzjcydpIF0Ls=,leeQHrRE006S9uG98R6ST0ILdbU=
66,59,rfQzOnY6V8xbN4kKzjcydpIF0Ls=,leeQHrRE006S9uG98R6ST0ILdbU=
73,57,rfQzOnY6V8xbN4kKzjcydpIF0Ls=,leeQHrRE006S9uG98R6ST0ILdbU=
74,57,rfQzOnY6V8xbN4kKzjcydpIF0Ls=,leeQHrRE006S9uG98R6ST0ILdbU=
69,59,rfQzOnY6V8xbN4kKzjcydpIF0Ls=,leeQHrRE006S9uG98R6ST0ILdbU=
64,59,rfQzOnY6V8xbN4kKzjcydpIF0Ls=,leeQHrRE006S9uG98R6ST0ILdbU=
75,57,rfQzOnY6V8xbN4kKzjcydpIF0Ls=,leeQHrRE006S9uG98R6ST0ILdbU=
76,57,rfQzOnY6V8xbN4kKzjcydpIF0Ls=,leeQHrRE006S9uG98R6ST0ILdbU=
77,57,rfQzOnY6V8xbN4kKzjcydpIF0Ls=,leeQHrRE006S9uG98R6ST0ILdbU=
78,57,rfQzOnY6V8xbN4kKzjcydpIF0Ls=,leeQHrRE006S9uG98R6ST0ILdbU=
79,58,rfQzOnY6V8xbN4kKzjcydpIF0Ls=,leeQHrRE006S9uG98R6ST0ILdbU=
78,58,rfQzOnY6V8xbN4kKzjcydpIF0Ls=,leeQHrRE006S9uG98R6ST0ILdbU=
79,57,rfQzOnY6V8xbN4kKzjcydpIF0Ls=,leeQHrRE006S9uG98R6ST0ILdbU=
65,59,rfQzOnY6V8xbN4kKzjcydpIF0Ls=,leeQHrRE006S9uG98R6ST0ILdbU=
76,58,rfQzOnY6V8xbN4kKzjcydpIF0Ls=,leeQHrRE006S9uG98R6ST0ILdbU=
77,58,rfQzOnY6V8xbN4kKzjcydpIF0Ls=,leeQHrRE006S9uG98R6ST0ILdbU=
64,58,rfQzOnY6V8xbN4kKzjcydpIF0Ls=,leeQHrRE006S9uG98R6ST0ILdbU=
74,58,rfQzOnY6V8xbN4kKzjcydpIF0Ls=,leeQHrRE006S9uG98R6ST0ILdbU=
76,48,rfQzOnY6V8xbN4kKzjcydpIF0Ls=,leeQHrRE006S9uG98R6ST0ILdbU=
72,50,rfQzOnY6V8xbN4kKzjcydpIF0Ls=,leeQHrRE006S9uG98R6ST0ILdbU=
65,58,rfQzOnY6V8xbN4kKzjcydpIF0Ls=,leeQHrRE006S9uG98R6ST0ILdbU=
73,58,rfQzOnY6V8xbN4kKzjcydpIF0Ls=,leeQHrRE006S9uG98R6ST0ILdbU=
75,58,rfQzOnY6V8xbN4kKzjcydpIF0Ls=,leeQHrRE006S9uG98R6ST0ILdbU=
66,58,rfQzOnY6V8xbN4kKzjcydpIF0Ls=,leeQHrRE006S9uG98R6ST0ILdbU=
71,58,rfQzOnY6V8xbN4kKzjcydpIF0Ls=,leeQHrRE006S9uG98R6ST0ILdbU=
67,58,rfQzOnY6V8xbN4kKzjcydpIF0Ls=,leeQHrRE006S9uG98R6ST0ILdbU=
68,58,rfQzOnY6V8xbN4kKzjcydpIF0Ls=,leeQHrRE006S9uG98R6ST0ILdbU=
72,58,rfQzOnY6V8xbN4kKzjcydpIF0Ls=,leeQHrRE006S9uG98R6ST0ILdbU=
70,58,rfQzOnY6V8xbN4kKzjcydpIF0Ls=,leeQHrRE006S9uG98R6ST0ILdbU=
69,58,rfQzOnY6V8xbN4kKzjcydpIF0Ls=,leeQHrRE006S9uG98R6ST0ILdbU=
83,48,B+xza5IySAorlNd5VKoQlKnomjQ=,MAfYBWdfdD+lsVFzttUWROzTEQY=
93,50,B+xza5IySAorlNd5VKoQlKnomjQ=,MAfYBWdfdD+lsVFzttUWROzTEQY=
91,50,B+xza5IySAorlNd5VKoQlKnomjQ=,MAfYBWdfdD+lsVFzttUWROzTEQY=
92,50,B+xza5IySAorlNd5VKoQlKnomjQ=,MAfYBWdfdD+lsVFzttUWROzTEQY=
95,63,B+xza5IySAorlNd5VKoQlKnomjQ=,MAfYBWdfdD+lsVFzttUWROzTEQY=
95,49,B+xza5IySAorlNd5VKoQlKnomjQ=,MAfYBWdfdD+lsVFzttUWROzTEQY=
89,50,B+xza5IySAorlNd5VKoQlKnomjQ=,MAfYBWdfdD+lsVFzttUWROzTEQY=
90,50,B+xza5IySAorlNd5VKoQlKnomjQ=,MAfYBWdfdD+lsVFzttUWROzTEQY=
88,50,B+xza5IySAorlNd5VKoQlKnomjQ=,MAfYBWdfdD+lsVFzttUWROzTEQY=
87,50,B+xza5IySAorlNd5VKoQlKnomjQ=,MAfYBWdfdD+lsVFzttUWROzTEQY=
86,50,B+xza5IySAorlNd5VKoQlKnomjQ=,MAfYBWdfdD+lsVFzttUWROzTEQY=
92,51,B+xza5IySAorlNd5VKoQlKnomjQ=,MAfYBWdfdD+lsVFzttUWROzTEQY=
85,50,B+xza5IySAorlNd5VKoQlKnomjQ=,MAfYBWdfdD+lsVFzttUWROzTEQY=
84,50,B+xza5IySAorlNd5VKoQlKnomjQ=,MAfYBWdfdD+lsVFzttUWROzTEQY=
83,50,B+xza5IySAorlNd5VKoQlKnomjQ=,MAfYBWdfdD+lsVFzttUWROzTEQY=
94,50,B+xza5IySAorlNd5VKoQlKnomjQ=,MAfYBWdfdD+lsVFzttUWROzTEQY=
82,50,B+xza5IySAorlNd5VKoQlKnomjQ=,MAfYBWdfdD+lsVFzttUWROzTEQY=
81,50,B+xza5IySAorlNd5VKoQlKnomjQ=,MAfYBWdfdD+lsVFzttUWROzTEQY=
94,63,B+xza5IySAorlNd5VKoQlKnomjQ=,MAfYBWdfdD+lsVFzttUWROzTEQY=
84,48,B+xza5IySAorlNd5VKoQlKnomjQ=,MAfYBWdfdD+lsVFzttUWROzTEQY=
80,50,B+xza5IySAorlNd5VKoQlKnomjQ=,MAfYBWdfdD+lsVFzttUWROzTEQY=
93,51,B+xza5IySAorlNd5VKoQlKnomjQ=,MAfYBWdfdD+lsVFzttUWROzTEQY=
91,51,B+xza5IySAorlNd5VKoQlKnomjQ=,MAfYBWdfdD+lsVFzttUWROzTEQY=
82,48,B+xza5IySAorlNd5VKoQlKnomjQ=,MAfYBWdfdD+lsVFzttUWROzTEQY=
93,63,B+xza5IySAorlNd5VKoQlKnomjQ=,MAfYBWdfdD+lsVFzttUWROzTEQY=
94,51,B+xza5IySAorlNd5VKoQlKnomjQ=,MAfYBWdfdD+lsVFzttUWROzTEQY=
90,51,B+xza5IySAorlNd5VKoQlKnomjQ=,MAfYBWdfdD+lsVFzttUWROzTEQY=
92,63,B+xza5IySAorlNd5VKoQlKnomjQ=,MAfYBWdfdD+lsVFzttUWROzTEQY=
95,51,B+xza5IySAorlNd5VKoQlKnomjQ=,MAfYBWdfdD+lsVFzttUWROzTEQY=
91,63,B+xza5IySAorlNd5VKoQlKnomjQ=,MAfYBWdfdD+lsVFzttUWROzTEQY=
90,63,B+xza5IySAorlNd5VKoQlKnomjQ=,MAfYBWdfdD+lsVFzttUWROzTEQY=
85,48,B+xza5IySAorlNd5VKoQlKnomjQ=,MAfYBWdfdD+lsVFzttUWROzTEQY=
89,63,B+xza5IySAorlNd5VKoQlKnomjQ=,MAfYBWdfdD+lsVFzttUWROzTEQY=
88,63,B+xza5IySAorlNd5VKoQlKnomjQ=,MAfYBWdfdD+lsVFzttUWROzTEQY=
82,49,B+xza5IySAorlNd5VKoQlKnomjQ=,MAfYBWdfdD+lsVFzttUWROzTEQY=
87,63,B+xza5IySAorlNd5VKoQlKnomjQ=,MAfYBWdfdD+lsVFzttUWROzTEQY=
86,63,B+xza5IySAorlNd5VKoQlKnomjQ=,MAfYBWdfdD+lsVFzttUWROzTEQY=
80,52,B+xza5IySAorlNd5VKoQlKnomjQ=,MAfYBWdfdD+lsVFzttUWROzTEQY=
85,63,B+xza5IySAorlNd5VKoQlKnomjQ=,MAfYBWdfdD+lsVFzttUWROzTEQY=
84,63,B+xza5IySAorlNd5VKoQlKnomjQ=,MAfYBWdfdD+lsVFzttUWROzTEQY=
81,52,B+xza5IySAorlNd5VKoQlKnomjQ=,MAfYBWdfdD+lsVFzttUWROzTEQY=
83,63,B+xza5IySAorlNd5VKoQlKnomjQ=,MAfYBWdfdD+lsVFzttUWROzTEQY=
82,63,B+xza5IySAorlNd5VKoQlKnomjQ=,MAfYBWdfdD+lsVFzttUWROzTEQY=
82,52,B+xza5IySAorlNd5VKoQlKnomjQ=,MAfYBWdfdD+lsVFzttUWROzTEQY=
81,63,B+xza5IySAorlNd5VKoQlKnomjQ=,MAfYBWdfdD+lsVFzttUWROzTEQY=
94,49,B+xza5IySAorlNd5VKoQlKnomjQ=,MAfYBWdfdD+lsVFzttUWROzTEQY=
83,52,B+xza5IySAorlNd5VKoQlKnomjQ=,MAfYBWdfdD+lsVFzttUWROzTEQY=
80,63,B+xza5IySAorlNd5VKoQlKnomjQ=,MAfYBWdfdD+lsVFzttUWROzTEQY=
95,62,B+xza5IySAorlNd5VKoQlKnomjQ=,MAfYBWdfdD+lsVFzttUWROzTEQY=
84,52,B+xza5IySAorlNd5VKoQlKnomjQ=,MAfYBWdfdD+lsVFzttUWROzTEQY=
94,62,B+xza5IySAorlNd5VKoQlKnomjQ=,MAfYBWdfdD+lsVFzttUWROzTEQY=
93,62,B+xza5IySAorlNd5VKoQlKnomjQ=,MAfYBWdfdD+lsVFzttUWROzTEQY=
85,52,B+xza5IySAorlNd5VKoQlKnomjQ=,MAfYBWdfdD+lsVFzttUWROzTEQY=
92,62,B+xza5IySAorlNd5VKoQlKnomjQ=,MAfYBWdfdD+lsVFzttUWROzTEQY=
91,62,B+xza5IySAorlNd5VKoQlKnomjQ=,MAfYBWdfdD+lsVFzttUWROzTEQY=
86,52,B+xza5IySAorlNd5VKoQlKnomjQ=,MAfYBWdfdD+lsVFzttUWROzTEQY=
90,62,B+xza5IySAorlNd5VKoQlKnomjQ=,MAfYBWdfdD+lsVFzttUWROzTEQY=
87,52,B+xza5IySAorlNd5VKoQlKnomjQ=,MAfYBWdfdD+lsVFzttUWROzTEQY=
89,62,B+xza5IySAorlNd5VKoQlKnomjQ=,MAfYBWdfdD+lsVFzttUWROzTEQY=
88,52,B+xza5IySAorlNd5VKoQlKnomjQ=,MAfYBWdfdD+lsVFzttUWROzTEQY=
88,62,B+xza5IySAorlNd5VKoQlKnomjQ=,MAfYBWdfdD+lsVFzttUWROzTEQY=
87,62,B+xza5IySAorlNd5VKoQlKnomjQ=,MAfYBWdfdD+lsVFzttUWROzTEQY=
89,52,B+xza5IySAorlNd5VKoQlKnomjQ=,MAfYBWdfdD+lsVFzttUWROzTEQY=
86,62,B+xza5IySAorlNd5VKoQlKnomjQ=,MAfYBWdfdD+lsVFzttUWROzTEQY=
85,62,B+xza5IySAorlNd5VKoQlKnomjQ=,MAfYBWdfdD+lsVFzttUWROzTEQY=
90,52,B+xza5IySAorlNd5VKoQlKnomjQ=,MAfYBWdfdD+lsVFzttUWROzTEQY=
83,62,B+xza5IySAorlNd5VKoQlKnomjQ=,MAfYBWdfdD+lsVFzttUWROzTEQY=
84,62,B+xza5IySAorlNd5VKoQlKnomjQ=,MAfYBWdfdD+lsVFzttUWROzTEQY=
91,52,B+xza5IySAorlNd5VKoQlKnomjQ=,MAfYBWdfdD+lsVFzttUWROzTEQY=
82,62,B+xza5IySAorlNd5VKoQlKnomjQ=,MAfYBWdfdD+lsVFzttUWROzTEQY=
81,49,B+xza5IySAorlNd5VKoQlKnomjQ=,MAfYBWdfdD+lsVFzttUWROzTEQY=
95,50,B+xza5IySAorlNd5VKoQlKnomjQ=,MAfYBWdfdD+lsVFzttUWROzTEQY=
89,51,B+xza5IySAorlNd5VKoQlKnomjQ=,MAfYBWdfdD+lsVFzttUWROzTEQY=
80,49,B+xza5IySAorlNd5VKoQlKnomjQ=,MAfYBWdfdD+lsVFzttUWROzTEQY=
80,48,B+xza5IySAorlNd5VKoQlKnomjQ=,MAfYBWdfdD+lsVFzttUWROzTEQY=
81,62,B+xza5IySAorlNd5VKoQlKnomjQ=,MAfYBWdfdD+lsVFzttUWROzTEQY=
80,62,B+xza5IySAorlNd5VKoQlKnomjQ=,MAfYBWdfdD+lsVFzttUWROzTEQY=
86,48,B+xza5IySAorlNd5VKoQlKnomjQ=,MAfYBWdfdD+lsVFzttUWROzTEQY=
81,48,B+xza5IySAorlNd5VKoQlKnomjQ=,MAfYBWdfdD+lsVFzttUWROzTEQY=
95,61,B+xza5IySAorlNd5VKoQlKnomjQ=,MAfYBWdfdD+lsVFzttUWROzTEQY=
92,52,B+xza5IySAorlNd5VKoQlKnomjQ=,MAfYBWdfdD+lsVFzttUWROzTEQY=
94,61,B+xza5IySAorlNd5VKoQlKnomjQ=,MAfYBWdfdD+lsVFzttUWROzTEQY=
93,61,B+xza5IySAorlNd5VKoQlKnomjQ=,MAfYBWdfdD+lsVFzttUWROzTEQY=
93,52,B+xza5IySAorlNd5VKoQlKnomjQ=,MAfYBWdfdD+lsVFzttUWROzTEQY=
92,61,B+xza5IySAorlNd5VKoQlKnomjQ=,MAfYBWdfdD+lsVFzttUWROzTEQY=
91,61,B+xza5IySAorlNd5VKoQlKnomjQ=,MAfYBWdfdD+lsVFzttUWROzTEQY=
94,52,B+xza5IySAorlNd5VKoQlKnomjQ=,MAfYBWdfdD+lsVFzttUWROzTEQY=
90,61,B+xza5IySAorlNd5VKoQlKnomjQ=,MAfYBWdfdD+lsVFzttUWROzTEQY=
89,61,B+xza5IySAorlNd5VKoQlKnomjQ=,MAfYBWdfdD+lsVFzttUWROzTEQY=
95,52,B+xza5IySAorlNd5VKoQlKnomjQ=,MAfYBWdfdD+lsVFzttUWROzTEQY=
88,61,B+xza5IySAorlNd5VKoQlKnomjQ=,MAfYBWdfdD+lsVFzttUWROzTEQY=
87,61,B+xza5IySAorlNd5VKoQlKnomjQ=,MAfYBWdfdD+lsVFzttUWROzTEQY=
83,49,B+xza5IySAorlNd5VKoQlKnomjQ=,MAfYBWdfdD+lsVFzttUWROzTEQY=
86,61,B+xza5IySAorlNd5VKoQlKnomjQ=,MAfYBWdfdD+lsVFzttUWROzTEQY=
85,61,B+xza5IySAorlNd5VKoQlKnomjQ=,MAfYBWdfdD+lsVFzttUWROzTEQY=
80,53,B+xza5IySAorlNd5VKoQlKnomjQ=,MAfYBWdfdD+lsVFzttUWROzTEQY=
84,61,B+xza5IySAorlNd5VKoQlKnomjQ=,MAfYBWdfdD+lsVFzttUWROzTEQY=
83,61,B+xza5IySAorlNd5VKoQlKnomjQ=,MAfYBWdfdD+lsVFzttUWROzTEQY=
81,53,B+xza5IySAorlNd5VKoQlKnomjQ=,MAfYBWdfdD+lsVFzttUWROzTEQY=
95,48,B+xza5IySAorlNd5VKoQlKnomjQ=,MAfYBWdfdD+lsVFzttUWROzTEQY=
93,49,B+xza5IySAorlNd5VKoQlKnomjQ=,MAfYBWdfdD+lsVFzttUWROzTEQY=
82,53,B+xza5IySAorlNd5VKoQlKnomjQ=,MAfYBWdfdD+lsVFzttUWROzTEQY=
88,51,B+xza5IySAorlNd5VKoQlKnomjQ=,MAfYBWdfdD+lsVFzttUWROzTEQY=
82,61,B+xza5IySAorlNd5VKoQlKnomjQ=,MAfYBWdfdD+lsVFzttUWROzTEQY=
83,53,B+xza5IySAorlNd5VKoQlKnomjQ=,MAfYBWdfdD+lsVFzttUWROzTEQY=
81,61,B+xza5IySAorlNd5VKoQlKnomjQ=,MAfYBWdfdD+lsVFzttUWROzTEQY=
80,61,B+xza5IySAorlNd5VKoQlKnomjQ=,MAfYBWdfdD+lsVFzttUWROzTEQY=
84,53,B+xza5IySAorlNd5VKoQlKnomjQ=,MAfYBWdfdD+lsVFzttUWROzTEQY=
92,49,B+xza5IySAorlNd5VKoQlKnomjQ=,MAfYBWdfdD+lsVFzttUWROzTEQY=
85,53,B+xza5IySAorlNd5VKoQlKnomjQ=,MAfYBWdfdD+lsVFzttUWROzTEQY=
94,60,B+xza5IySAorlNd5VKoQlKnomjQ=,MAfYBWdfdD+lsVFzttUWROzTEQY=
86,53,B+xza5IySAorlNd5VKoQlKnomjQ=,MAfYBWdfdD+lsVFzttUWROzTEQY=
93,60,B+xza5IySAorlNd5VKoQlKnomjQ=,MAfYBWdfdD+lsVFzttUWROzTEQY=
92,60,B+xza5IySAorlNd5VKoQlKnomjQ=,MAfYBWdfdD+lsVFzttUWROzTEQY=
87,53,B+xza5IySAorlNd5VKoQlKnomjQ=,MAfYBWdfdD+lsVFzttUWROzTEQY=
88,53,B+xza5IySAorlNd5VKoQlKnomjQ=,MAfYBWdfdD+lsVFzttUWROzTEQY=
89,53,B+xza5IySAorlNd5VKoQlKnomjQ=,MAfYBWdfdD+lsVFzttUWROzTEQY=
90,53,B+xza5IySAorlNd5VKoQlKnomjQ=,MAfYBWdfdD+lsVFzttUWROzTEQY=
84,49,B+xza5IySAorlNd5VKoQlKnomjQ=,MAfYBWdfdD+lsVFzttUWROzTEQY=
80,51,B+xza5IySAorlNd5VKoQlKnomjQ=,MAfYBWdfdD+lsVFzttUWROzTEQY=
87,48,B+xza5IySAorlNd5VKoQlKnomjQ=,MAfYBWdfdD+lsVFzttUWROzTEQY=
92,53,B+xza5IySAorlNd5VKoQlKnomjQ=,MAfYBWdfdD+lsVFzttUWROzTEQY=
91,53,B+xza5IySAorlNd5VKoQlKnomjQ=,MAfYBWdfdD+lsVFzttUWROzTEQY=
93,53,B+xza5IySAorlNd5VKoQlKnomjQ=,MAfYBWdfdD+lsVFzttUWROzTEQY=
94,53,B+xza5IySAorlNd5VKoQlKnomjQ=,MAfYBWdfdD+lsVFzttUWROzTEQY=
95,53,B+xza5IySAorlNd5VKoQlKnomjQ=,MAfYBWdfdD+lsVFzttUWROzTEQY=
80,54,B+xza5IySAorlNd5VKoQlKnomjQ=,MAfYBWdfdD+lsVFzttUWROzTEQY=
85,49,B+xza5IySAorlNd5VKoQlKnomjQ=,MAfYBWdfdD+lsVFzttUWROzTEQY=
81,54,B+xza5IySAorlNd5VKoQlKnomjQ=,MAfYBWdfdD+lsVFzttUWROzTEQY=
82,54,B+xza5IySAorlNd5VKoQlKnomjQ=,MAfYBWdfdD+lsVFzttUWROzTEQY=
83,54,B+xza5IySAorlNd5VKoQlKnomjQ=,MAfYBWdfdD+lsVFzttUWROzTEQY=
84,54,B+xza5IySAorlNd5VKoQlKnomjQ=,MAfYBWdfdD+lsVFzttUWROzTEQY=
85,54,B+xza5IySAorlNd5VKoQlKnomjQ=,MAfYBWdfdD+lsVFzttUWROzTEQY=
86,54,B+xza5IySAorlNd5VKoQlKnomjQ=,MAfYBWdfdD+lsVFzttUWROzTEQY=
87,54,B+xza5IySAorlNd5VKoQlKnomjQ=,MAfYBWdfdD+lsVFzttUWROzTEQY=
88,54,B+xza5IySAorlNd5VKoQlKnomjQ=,MAfYBWdfdD+lsVFzttUWROzTEQY=
89,54,B+xza5IySAorlNd5VKoQlKnomjQ=,MAfYBWdfdD+lsVFzttUWROzTEQY=
81,51,B+xza5IySAorlNd5VKoQlKnomjQ=,MAfYBWdfdD+lsVFzttUWROzTEQY=
88,48,B+xza5IySAorlNd5VKoQlKnomjQ=,MAfYBWdfdD+lsVFzttUWROzTEQY=
90,54,B+xza5IySAorlNd5VKoQlKnomjQ=,MAfYBWdfdD+lsVFzttUWROzTEQY=
91,54,B+xza5IySAorlNd5VKoQlKnomjQ=,MAfYBWdfdD+lsVFzttUWROzTEQY=
92,54,B+xza5IySAorlNd5VKoQlKnomjQ=,MAfYBWdfdD+lsVFzttUWROzTEQY=
93,54,B+xza5IySAorlNd5VKoQlKnomjQ=,MAfYBWdfdD+lsVFzttUWROzTEQY=
94,54,B+xza5IySAorlNd5VKoQlKnomjQ=,MAfYBWdfdD+lsVFzttUWROzTEQY=
95,54,B+xza5IySAorlNd5VKoQlKnomjQ=,MAfYBWdfdD+lsVFzttUWROzTEQY=
80,55,B+xza5IySAorlNd5VKoQlKnomjQ=,MAfYBWdfdD+lsVFzttUWROzTEQY=
86,49,B+xza5IySAorlNd5VKoQlKnomjQ=,MAfYBWdfdD+lsVFzttUWROzTEQY=
95,60,B+xza5IySAorlNd5VKoQlKnomjQ=,MAfYBWdfdD+lsVFzttUWROzTEQY=
81,55,B+xza5IySAorlNd5VKoQlKnomjQ=,MAfYBWdfdD+lsVFzttUWROzTEQY=
90,60,B+xza5IySAorlNd5VKoQlKnomjQ=,MAfYBWdfdD+lsVFzttUWROzTEQY=
82,55,B+xza5IySAorlNd5VKoQlKnomjQ=,MAfYBWdfdD+lsVFzttUWROzTEQY=
91,60,B+xza5IySAorlNd5VKoQlKnomjQ=,MAfYBWdfdD+lsVFzttUWROzTEQY=
88,60,B+xza5IySAorlNd5VKoQlKnomjQ=,MAfYBWdfdD+lsVFzttUWROzTEQY=
87,60,B+xza5IySAorlNd5VKoQlKnomjQ=,MAfYBWdfdD+lsVFzttUWROzTEQY=
85,60,B+xza5IySAorlNd5VKoQlKnomjQ=,MAfYBWdfdD+lsVFzttUWROzTEQY=
86,60,B+xza5IySAorlNd5VKoQlKnomjQ=,MAfYBWdfdD+lsVFzttUWROzTEQY=
84,60,B+xza5IySAorlNd5VKoQlKnomjQ=,MAfYBWdfdD+lsVFzttUWROzTEQY=
94,48,B+xza5IySAorlNd5VKoQlKnomjQ=,MAfYBWdfdD+lsVFzttUWROzTEQY=
87,51,B+xza5IySAorlNd5VKoQlKnomjQ=,MAfYBWdfdD+lsVFzttUWROzTEQY=
83,60,B+xza5IySAorlNd5VKoQlKnomjQ=,MAfYBWdfdD+lsVFzttUWROzTEQY=
82,60,B+xza5IySAorlNd5VKoQlKnomjQ=,MAfYBWdfdD+lsVFzttUWROzTEQY=
81,60,B+xza5IySAorlNd5VKoQlKnomjQ=,MAfYBWdfdD+lsVFzttUWROzTEQY=
91,49,B+xza5IySAorlNd5VKoQlKnomjQ=,MAfYBWdfdD+lsVFzttUWROzTEQY=
89,60,B+xza5IySAorlNd5VKoQlKnomjQ=,MAfYBWdfdD+lsVFzttUWROzTEQY=
83,55,B+xza5IySAorlNd5VKoQlKnomjQ=,MAfYBWdfdD+lsVFzttUWROzTEQY=
84,55,B+xza5IySAorlNd5VKoQlKnomjQ=,MAfYBWdfdD+lsVFzttUWROzTEQY=
80,60,B+xza5IySAorlNd5VKoQlKnomjQ=,MAfYBWdfdD+lsVFzttUWROzTEQY=
85,55,B+xza5IySAorlNd5VKoQlKnomjQ=,MAfYBWdfdD+lsVFzttUWROzTEQY=
86,55,B+xza5IySAorlNd5VKoQlKnomjQ=,MAfYBWdfdD+lsVFzttUWROzTEQY=
95,59,B+xza5IySAorlNd5VKoQlKnomjQ=,MAfYBWdfdD+lsVFzttUWROzTEQY=
93,59,B+xza5IySAorlNd5VKoQlKnomjQ=,MAfYBWdfdD+lsVFzttUWROzTEQY=
87,55,B+xza5IySAorlNd5VKoQlKnomjQ=,MAfYBWdfdD+lsVFzttUWROzTEQY=
94,59,B+xza5IySAorlNd5VKoQlKnomjQ=,MAfYBWdfdD+lsVFzttUWROzTEQY=
88,55,B+xza5IySAorlNd5VKoQlKnomjQ=,MAfYBWdfdD+lsVFzttUWROzTEQY=
82,51,B+xza5IySAorlNd5VKoQlKnomjQ=,MAfYBWdfdD+lsVFzttUWROzTEQY=
89,48,B+xza5IySAorlNd5VKoQlKnomjQ=,MAfYBWdfdD+lsVFzttUWROzTEQY=
92,59,B+xza5IySAorlNd5VKoQlKnomjQ=,MAfYBWdfdD+lsVFzttUWROzTEQY=
89,55,B+xza5IySAorlNd5VKoQlKnomjQ=,MAfYBWdfdD+lsVFzttUWROzTEQY=
90,55,B+xza5IySAorlNd5VKoQlKnomjQ=,MAfYBWdfdD+lsVFzttUWROzTEQY=
91,55,B+xza5IySAorlNd5VKoQlKnomjQ=,MAfYBWdfdD+lsVFzttUWROzTEQY=
91,59,B+xza5IySAorlNd5VKoQlKnomjQ=,MAfYBWdfdD+lsVFzttUWROzTEQY=
92,55,B+xza5IySAorlNd5VKoQlKnomjQ=,MAfYBWdfdD+lsVFzttUWROzTEQY=
88,59,B+xza5IySAorlNd5VKoQlKnomjQ=,MAfYBWdfdD+lsVFzttUWROzTEQY=
86,59,B+xza5IySAorlNd5VKoQlKnomjQ=,MAfYBWdfdD+lsVFzttUWROzTEQY=
87,59,B+xza5IySAorlNd5VKoQlKnomjQ=,MAfYBWdfdD+lsVFzttUWROzTEQY=
94,55,B+xza5IySAorlNd5VKoQlKnomjQ=,MAfYBWdfdD+lsVFzttUWROzTEQY=
93,55,B+xza5IySAorlNd5VKoQlKnomjQ=,MAfYBWdfdD+lsVFzttUWROzTEQY=
85,59,B+xza5IySAorlNd5VKoQlKnomjQ=,MAfYBWdfdD+lsVFzttUWROzTEQY=
93,48,B+xza5IySAorlNd5VKoQlKnomjQ=,MAfYBWdfdD+lsVFzttUWROzTEQY=
86,51,B+xza5IySAorlNd5VKoQlKnomjQ=,MAfYBWdfdD+lsVFzttUWROzTEQY=
84,59,B+xza5IySAorlNd5VKoQlKnomjQ=,MAfYBWdfdD+lsVFzttUWROzTEQY=
83,59,B+xza5IySAorlNd5VKoQlKnomjQ=,MAfYBWdfdD+lsVFzttUWROzTEQY=
82,59,B+xza5IySAorlNd5VKoQlKnomjQ=,MAfYBWdfdD+lsVFzttUWROzTEQY=
95,55,B+xza5IySAorlNd5VKoQlKnomjQ=,MAfYBWdfdD+lsVFzttUWROzTEQY=
80,56,B+xza5IySAorlNd5VKoQlKnomjQ=,MAfYBWdfdD+lsVFzttUWROzTEQY=
87,49,B+xza5IySAorlNd5VKoQlKnomjQ=,MAfYBWdfdD+lsVFzttUWROzTEQY=
81,56,B+xza5IySAorlNd5VKoQlKnomjQ=,MAfYBWdfdD+lsVFzttUWROzTEQY=
90,59,B+xza5IySAorlNd5VKoQlKnomjQ=,MAfYBWdfdD+lsVFzttUWROzTEQY=
90,49,B+xza5IySAorlNd5VKoQlKnomjQ=,MAfYBWdfdD+lsVFzttUWROzTEQY=
81,59,B+xza5IySAorlNd5VKoQlKnomjQ=,MAfYBWdfdD+lsVFzttUWROzTEQY=
82,56,B+xza5IySAorlNd5VKoQlKnomjQ=,MAfYBWdfdD+lsVFzttUWROzTEQY=
80,59,B+xza5IySAorlNd5VKoQlKnomjQ=,MAfYBWdfdD+lsVFzttUWROzTEQY=
89,59,B+xza5IySAorlNd5VKoQlKnomjQ=,MAfYBWdfdD+lsVFzttUWROzTEQY=
95,58,B+xza5IySAorlNd5VKoQlKnomjQ=,MAfYBWdfdD+lsVFzttUWROzTEQY=
93,58,B+xza5IySAorlNd5VKoQlKnomjQ=,MAfYBWdfdD+lsVFzttUWROzTEQY=
91,58,B+xza5IySAorlNd5VKoQlKnomjQ=,MAfYBWdfdD+lsVFzttUWROzTEQY=
92,58,B+xza5IySAorlNd5VKoQlKnomjQ=,MAfYBWdfdD+lsVFzttUWROzTEQY=
92,48,B+xza5IySAorlNd5VKoQlKnomjQ=,MAfYBWdfdD+lsVFzttUWROzTEQY=
88,58,B+xza5IySAorlNd5VKoQlKnomjQ=,MAfYBWdfdD+lsVFzttUWROzTEQY=
85,51,B+xza5IySAorlNd5VKoQlKnomjQ=,MAfYBWdfdD+lsVFzttUWROzTEQY=
86,58,B+xza5IySAorlNd5VKoQlKnomjQ=,MAfYBWdfdD+lsVFzttUWROzTEQY=
89,58,B+xza5IySAorlNd5VKoQlKnomjQ=,MAfYBWdfdD+lsVFzttUWROzTEQY=
83,58,B+xza5IySAorlNd5VKoQlKnomjQ=,MAfYBWdfdD+lsVFzttUWROzTEQY=
87,58,B+xza5IySAorlNd5VKoQlKnomjQ=,MAfYBWdfdD+lsVFzttUWROzTEQY=
82,58,B+xza5IySAorlNd5VKoQlKnomjQ=,MAfYBWdfdD+lsVFzttUWROzTEQY=
89,49,B+xza5IySAorlNd5VKoQlKnomjQ=,MAfYBWdfdD+lsVFzttUWROzTEQY=
85,58,B+xza5IySAorlNd5VKoQlKnomjQ=,MAfYBWdfdD+lsVFzttUWROzTEQY=
84,58,B+xza5IySAorlNd5VKoQlKnomjQ=,MAfYBWdfdD+lsVFzttUWROzTEQY=
81,58,B+xza5IySAorlNd5VKoQlKnomjQ=,MAfYBWdfdD+lsVFzttUWROzTEQY=
80,58,B+xza5IySAorlNd5VKoQlKnomjQ=,MAfYBWdfdD+lsVFzttUWROzTEQY=
95,57,B+xza5IySAorlNd5VKoQlKnomjQ=,MAfYBWdfdD+lsVFzttUWROzTEQY=
94,57,B+xza5IySAorlNd5VKoQlKnomjQ=,MAfYBWdfdD+lsVFzttUWROzTEQY=
93,57,B+xza5IySAorlNd5VKoQlKnomjQ=,MAfYBWdfdD+lsVFzttUWROzTEQY=
91,57,B+xza5IySAorlNd5VKoQlKnomjQ=,MAfYBWdfdD+lsVFzttUWROzTEQY=
89,57,B+xza5IySAorlNd5VKoQlKnomjQ=,MAfYBWdfdD+lsVFzttUWROzTEQY=
91,48,B+xza5IySAorlNd5VKoQlKnomjQ=,MAfYBWdfdD+lsVFzttUWROzTEQY=
84,51,B+xza5IySAorlNd5VKoQlKnomjQ=,MAfYBWdfdD+lsVFzttUWROzTEQY=
88,57,B+xza5IySAorlNd5VKoQlKnomjQ=,MAfYBWdfdD+lsVFzttUWROzTEQY=
90,57,B+xza5IySAorlNd5VKoQlKnomjQ=,MAfYBWdfdD+lsVFzttUWROzTEQY=
90,58,B+xza5IySAorlNd5VKoQlKnomjQ=,MAfYBWdfdD+lsVFzttUWROzTEQY=
83,56,B+xza5IySAorlNd5VKoQlKnomjQ=,MAfYBWdfdD+lsVFzttUWROzTEQY=
84,57,B+xza5IySAorlNd5VKoQlKnomjQ=,MAfYBWdfdD+lsVFzttUWROzTEQY=
83,57,B+xza5IySAorlNd5VKoQlKnomjQ=,MAfYBWdfdD+lsVFzttUWROzTEQY=
94,58,B+xza5IySAorlNd5VKoQlKnomjQ=,MAfYBWdfdD+lsVFzttUWROzTEQY=
88,49,B+xza5IySAorlNd5VKoQlKnomjQ=,MAfYBWdfdD+lsVFzttUWROzTEQY=
84,56,B+xza5IySAorlNd5VKoQlKnomjQ=,MAfYBWdfdD+lsVFzttUWROzTEQY=
82,57,B+xza5IySAorlNd5VKoQlKnomjQ=,MAfYBWdfdD+lsVFzttUWROzTEQY=
81,57,B+xza5IySAorlNd5VKoQlKnomjQ=,MAfYBWdfdD+lsVFzttUWROzTEQY=
85,56,B+xza5IySAorlNd5VKoQlKnomjQ=,MAfYBWdfdD+lsVFzttUWROzTEQY=
94,56,B+xza5IySAorlNd5VKoQlKnomjQ=,MAfYBWdfdD+lsVFzttUWROzTEQY=
80,57,B+xza5IySAorlNd5VKoQlKnomjQ=,MAfYBWdfdD+lsVFzttUWROzTEQY=
95,56,B+xza5IySAorlNd5VKoQlKnomjQ=,MAfYBWdfdD+lsVFzttUWROzTEQY=
86,56,B+xza5IySAorlNd5VKoQlKnomjQ=,MAfYBWdfdD+lsVFzttUWROzTEQY=
92,56,B+xza5IySAorlNd5VKoQlKnomjQ=,MAfYBWdfdD+lsVFzttUWROzTEQY=
93,56,B+xza5IySAorlNd5VKoQlKnomjQ=,MAfYBWdfdD+lsVFzttUWROzTEQY=
91,56,B+xza5IySAorlNd5VKoQlKnomjQ=,MAfYBWdfdD+lsVFzttUWROzTEQY=
87,56,B+xza5IySAorlNd5VKoQlKnomjQ=,MAfYBWdfdD+lsVFzttUWROzTEQY=
83,51,B+xza5IySAorlNd5VKoQlKnomjQ=,MAfYBWdfdD+lsVFzttUWROzTEQY=
90,48,B+xza5IySAorlNd5VKoQlKnomjQ=,MAfYBWdfdD+lsVFzttUWROzTEQY=
86,57,B+xza5IySAorlNd5VKoQlKnomjQ=,MAfYBWdfdD+lsVFzttUWROzTEQY=
90,56,B+xza5IySAorlNd5VKoQlKnomjQ=,MAfYBWdfdD+lsVFzttUWROzTEQY=
92,57,B+xza5IySAorlNd5VKoQlKnomjQ=,MAfYBWdfdD+lsVFzttUWROzTEQY=
89,56,B+xza5IySAorlNd5VKoQlKnomjQ=,MAfYBWdfdD+lsVFzttUWROzTEQY=
87,57,B+xza5IySAorlNd5VKoQlKnomjQ=,MAfYBWdfdD+lsVFzttUWROzTEQY=
85,57,B+xza5IySAorlNd5VKoQlKnomjQ=,MAfYBWdfdD+lsVFzttUWROzTEQY=
88,56,B+xza5IySAorlNd5VKoQlKnomjQ=,MAfYBWdfdD+lsVFzttUWROzTEQY=
95,47,B+xza5IySAorlNd5VKoQlKnomjQ=,w5aX1ycEumDWmmM6HvrPyfS7FDs=
94,47,B+xza5IySAorlNd5VKoQlKnomjQ=,w5aX1ycEumDWmmM6HvrPyfS7FDs=
92,47,B+xza5IySAorlNd5VKoQlKnomjQ=,w5aX1ycEumDWmmM6HvrPyfS7FDs=
93,47,B+xza5IySAorlNd5VKoQlKnomjQ=,w5aX1ycEumDWmmM6HvrPyfS7FDs=
93,34,B+xza5IySAorlNd5VKoQlKnomjQ=,w5aX1ycEumDWmmM6HvrPyfS7FDs=
91,47,B+xza5IySAorlNd5VKoQlKnomjQ=,w5aX1ycEumDWmmM6HvrPyfS7FDs=
90,47,B+xza5IySAorlNd5VKoQlKnomjQ=,w5aX1ycEumDWmmM6HvrPyfS7FDs=
89,47,B+xza5IySAorlNd5VKoQlKnomjQ=,w5aX1ycEumDWmmM6HvrPyfS7FDs=
88,47,B+xza5IySAorlNd5VKoQlKnomjQ=,w5aX1ycEumDWmmM6HvrPyfS7FDs=
94,34,B+xza5IySAorlNd5VKoQlKnomjQ=,w5aX1ycEumDWmmM6HvrPyfS7FDs=
87,47,B+xza5IySAorlNd5VKoQlKnomjQ=,w5aX1ycEumDWmmM6HvrPyfS7FDs=
86,47,B+xza5IySAorlNd5VKoQlKnomjQ=,w5aX1ycEumDWmmM6HvrPyfS7FDs=
95,34,B+xza5IySAorlNd5VKoQlKnomjQ=,w5aX1ycEumDWmmM6HvrPyfS7FDs=
85,47,B+xza5IySAorlNd5VKoQlKnomjQ=,w5aX1ycEumDWmmM6HvrPyfS7FDs=
80,35,B+xza5IySAorlNd5VKoQlKnomjQ=,w5aX1ycEumDWmmM6HvrPyfS7FDs=
84,47,B+xza5IySAorlNd5VKoQlKnomjQ=,w5aX1ycEumDWmmM6HvrPyfS7FDs=
81,35,B+xza5IySAorlNd5VKoQlKnomjQ=,w5aX1ycEumDWmmM6HvrPyfS7FDs=
83,47,B+xza5IySAorlNd5VKoQlKnomjQ=,w5aX1ycEumDWmmM6HvrPyfS7FDs=
82,35,B+xza5IySAorlNd5VKoQlKnomjQ=,w5aX1ycEumDWmmM6HvrPyfS7FDs=
82,47,B+xza5IySAorlNd5VKoQlKnomjQ=,w5aX1ycEumDWmmM6HvrPyfS7FDs=
80,34,B+xza5IySAorlNd5VKoQlKnomjQ=,w5aX1ycEumDWmmM6HvrPyfS7FDs=
83,35,B+xza5IySAorlNd5VKoQlKnomjQ=,w5aX1ycEumDWmmM6HvrPyfS7FDs=
95,33,B+xza5IySAorlNd5VKoQlKnomjQ=,w5aX1ycEumDWmmM6HvrPyfS7FDs=
84,35,B+xza5IySAorlNd5VKoQlKnomjQ=,w5aX1ycEumDWmmM6HvrPyfS7FDs=
81,47,B+xza5IySAorlNd5VKoQlKnomjQ=,w5aX1ycEumDWmmM6HvrPyfS7FDs=
81,33,B+xza5IySAorlNd5VKoQlKnomjQ=,w5aX1ycEumDWmmM6HvrPyfS7FDs=
94,33,B+xza5IySAorlNd5VKoQlKnomjQ=,w5aX1ycEumDWmmM6HvrPyfS7FDs=
80,47,B+xza5IySAorlNd5VKoQlKnomjQ=,w5aX1ycEumDWmmM6HvrPyfS7FDs=
95,46,B+xza5IySAorlNd5VKoQlKnomjQ=,w5aX1ycEumDWmmM6HvrPyfS7FDs=
93,33,B+xza5IySAorlNd5VKoQlKnomjQ=,w5aX1ycEumDWmmM6HvrPyfS7FDs=
92,33,B+xza5IySAorlNd5VKoQlKnomjQ=,w5aX1ycEumDWmmM6HvrPyfS7FDs=
91,33,B+xza5IySAorlNd5VKoQlKnomjQ=,w5aX1ycEumDWmmM6HvrPyfS7FDs=
90,33,B+xza5IySAorlNd5VKoQlKnomjQ=,w5aX1ycEumDWmmM6HvrPyfS7FDs=
89,33,B+xza5IySAorlNd5VKoQlKnomjQ=,w5aX1ycEumDWmmM6HvrPyfS7FDs=
88,33,B+xza5IySAorlNd5VKoQlKnomjQ=,w5aX1ycEumDWmmM6HvrPyfS7FDs=
87,33,B+xza5IySAorlNd5VKoQlKnomjQ=,w5aX1ycEumDWmmM6HvrPyfS7FDs=
84,32,B+xza5IySAorlNd5VKoQlKnomjQ=,w5aX1ycEumDWmmM6HvrPyfS7FDs=
83,32,B+xza5IySAorlNd5VKoQlKnomjQ=,w5aX1ycEumDWmmM6HvrPyfS7FDs=
86,33,B+xza5IySAorlNd5VKoQlKnomjQ=,w5aX1ycEumDWmmM6HvrPyfS7FDs=
85,35,B+xza5IySAorlNd5VKoQlKnomjQ=,w5aX1ycEumDWmmM6HvrPyfS7FDs=
86,35,B+xza5IySAorlNd5VKoQlKnomjQ=,w5aX1ycEumDWmmM6HvrPyfS7FDs=
87,35,B+xza5IySAorlNd5VKoQlKnomjQ=,w5aX1ycEumDWmmM6HvrPyfS7FDs=
88,35,B+xza5IySAorlNd5VKoQlKnomjQ=,w5aX1ycEumDWmmM6HvrPyfS7FDs=
89,35,B+xza5IySAorlNd5VKoQlKnomjQ=,w5aX1ycEumDWmmM6HvrPyfS7FDs=
90,35,B+xza5IySAorlNd5VKoQlKnomjQ=,w5aX1ycEumDWmmM6HvrPyfS7FDs=
91,35,B+xza5IySAorlNd5VKoQlKnomjQ=,w5aX1ycEumDWmmM6HvrPyfS7FDs=
92,35,B+xza5IySAorlNd5VKoQlKnomjQ=,w5aX1ycEumDWmmM6HvrPyfS7FDs=
93,35,B+xza5IySAorlNd5VKoQlKnomjQ=,w5aX1ycEumDWmmM6HvrPyfS7FDs=
94,35,B+xza5IySAorlNd5VKoQlKnomjQ=,w5aX1ycEumDWmmM6HvrPyfS7FDs=
95,35,B+xza5IySAorlNd5VKoQlKnomjQ=,w5aX1ycEumDWmmM6HvrPyfS7FDs=
81,34,B+xza5IySAorlNd5VKoQlKnomjQ=,w5aX1ycEumDWmmM6HvrPyfS7FDs=
80,32,B+xza5IySAorlNd5VKoQlKnomjQ=,w5aX1ycEumDWmmM6HvrPyfS7FDs=
80,36,B+xza5IySAorlNd5VKoQlKnomjQ=,w5aX1ycEumDWmmM6HvrPyfS7FDs=
81,36,B+xza5IySAorlNd5VKoQlKnomjQ=,w5aX1ycEumDWmmM6HvrPyfS7FDs=
82,36,B+xza5IySAorlNd5VKoQlKnomjQ=,w5aX1ycEumDWmmM6HvrPyfS7FDs=
83,36,B+xza5IySAorlNd5VKoQlKnomjQ=,w5aX1ycEumDWmmM6HvrPyfS7FDs=
82,34,B+xza5IySAorlNd5VKoQlKnomjQ=,w5aX1ycEumDWmmM6HvrPyfS7FDs=
84,36,B+xza5IySAorlNd5VKoQlKnomjQ=,w5aX1ycEumDWmmM6HvrPyfS7FDs=
85,33,B+xza5IySAorlNd5VKoQlKnomjQ=,w5aX1ycEumDWmmM6HvrPyfS7FDs=
85,32,B+xza5IySAorlNd5VKoQlKnomjQ=,w5aX1ycEumDWmmM6HvrPyfS7FDs=
85,36,B+xza5IySAorlNd5VKoQlKnomjQ=,w5aX1ycEumDWmmM6HvrPyfS7FDs=
86,36,B+xza5IySAorlNd5VKoQlKnomjQ=,w5aX1ycEumDWmmM6HvrPyfS7FDs=
87,36,B+xza5IySAorlNd5VKoQlKnomjQ=,w5aX1ycEumDWmmM6HvrPyfS7FDs=
88,36,B+xza5IySAorlNd5VKoQlKnomjQ=,w5aX1ycEumDWmmM6HvrPyfS7FDs=
89,36,B+xza5IySAorlNd5VKoQlKnomjQ=,w5aX1ycEumDWmmM6HvrPyfS7FDs=
90,36,B+xza5IySAorlNd5VKoQlKnomjQ=,w5aX1ycEumDWmmM6HvrPyfS7FDs=
91,36,B+xza5IySAorlNd5VKoQlKnomjQ=,w5aX1ycEumDWmmM6HvrPyfS7FDs=
92,36,B+xza5IySAorlNd5VKoQlKnomjQ=,w5aX1ycEumDWmmM6HvrPyfS7FDs=
93,36,B+xza5IySAorlNd5VKoQlKnomjQ=,w5aX1ycEumDWmmM6HvrPyfS7FDs=
94,36,B+xza5IySAorlNd5VKoQlKnomjQ=,w5aX1ycEumDWmmM6HvrPyfS7FDs=
95,36,B+xza5IySAorlNd5VKoQlKnomjQ=,w5aX1ycEumDWmmM6HvrPyfS7FDs=
86,32,B+xza5IySAorlNd5VKoQlKnomjQ=,w5aX1ycEumDWmmM6HvrPyfS7FDs=
80,37,B+xza5IySAorlNd5VKoQlKnomjQ=,w5aX1ycEumDWmmM6HvrPyfS7FDs=
81,37,B+xza5IySAorlNd5VKoQlKnomjQ=,w5aX1ycEumDWmmM6HvrPyfS7FDs=
82,37,B+xza5IySAorlNd5VKoQlKnomjQ=,w5aX1ycEumDWmmM6HvrPyfS7FDs=
83,37,B+xza5IySAorlNd5VKoQlKnomjQ=,w5aX1ycEumDWmmM6HvrPyfS7FDs=
84,37,B+xza5IySAorlNd5VKoQlKnomjQ=,w5aX1ycEumDWmmM6HvrPyfS7FDs=
83,34,B+xza5IySAorlNd5VKoQlKnomjQ=,w5aX1ycEumDWmmM6HvrPyfS7FDs=
87,32,B+xza5IySAorlNd5VKoQlKnomjQ=,w5aX1ycEumDWmmM6HvrPyfS7FDs=
85,37,B+xza5IySAorlNd5VKoQlKnomjQ=,w5aX1ycEumDWmmM6HvrPyfS7FDs=
86,37,B+xza5IySAorlNd5VKoQlKnomjQ=,w5aX1ycEumDWmmM6HvrPyfS7FDs=
87,37,B+xza5IySAorlNd5VKoQlKnomjQ=,w5aX1ycEumDWmmM6HvrPyfS7FDs=
88,37,B+xza5IySAorlNd5VKoQlKnomjQ=,w5aX1ycEumDWmmM6HvrPyfS7FDs=
89,37,B+xza5IySAorlNd5VKoQlKnomjQ=,w5aX1ycEumDWmmM6HvrPyfS7FDs=
90,37,B+xza5IySAorlNd5VKoQlKnomjQ=,w5aX1ycEumDWmmM6HvrPyfS7FDs=
91,37,B+xza5IySAorlNd5VKoQlKnomjQ=,w5aX1ycEumDWmmM6HvrPyfS7FDs=
92,37,B+xza5IySAorlNd5VKoQlKnomjQ=,w5aX1ycEumDWmmM6HvrPyfS7FDs=
93,37,B+xza5IySAorlNd5VKoQlKnomjQ=,w5aX1ycEumDWmmM6HvrPyfS7FDs=
94,37,B+xza5IySAorlNd5VKoQlKnomjQ=,w5aX1ycEumDWmmM6HvrPyfS7FDs=
95,37,B+xza5IySAorlNd5VKoQlKnomjQ=,w5aX1ycEumDWmmM6HvrPyfS7FDs=
80,38,B+xza5IySAorlNd5VKoQlKnomjQ=,w5aX1ycEumDWmmM6HvrPyfS7FDs=
81,38,B+xza5IySAorlNd5VKoQlKnomjQ=,w5aX1ycEumDWmmM6HvrPyfS7FDs=
82,38,B+xza5IySAorlNd5VKoQlKnomjQ=,w5aX1ycEumDWmmM6HvrPyfS7FDs=
83,38,B+xza5IySAorlNd5VKoQlKnomjQ=,w5aX1ycEumDWmmM6HvrPyfS7FDs=
84,38,B+xza5IySAorlNd5VKoQlKnomjQ=,w5aX1ycEumDWmmM6HvrPyfS7FDs=
85,38,B+xza5IySAorlNd5VKoQlKnomjQ=,w5aX1ycEumDWmmM6HvrPyfS7FDs=
84,33,B+xza5IySAorlNd5VKoQlKnomjQ=,w5aX1ycEumDWmmM6HvrPyfS7FDs=
84,34,B+xza5IySAorlNd5VKoQlKnomjQ=,w5aX1ycEumDWmmM6HvrPyfS7FDs=
88,32,B+xza5IySAorlNd5VKoQlKnomjQ=,w5aX1ycEumDWmmM6HvrPyfS7FDs=
86,38,B+xza5IySAorlNd5VKoQlKnomjQ=,w5aX1ycEumDWmmM6HvrPyfS7FDs=
87,38,B+xza5IySAorlNd5VKoQlKnomjQ=,w5aX1ycEumDWmmM6HvrPyfS7FDs=
88,38,B+xza5IySAorlNd5VKoQlKnomjQ=,w5aX1ycEumDWmmM6HvrPyfS7FDs=
89,38,B+xza5IySAorlNd5VKoQlKnomjQ=,w5aX1ycEumDWmmM6HvrPyfS7FDs=
90,38,B+xza5IySAorlNd5VKoQlKnomjQ=,w5aX1ycEumDWmmM6HvrPyfS7FDs=
91,38,B+xza5IySAorlNd5VKoQlKnomjQ=,w5aX1ycEumDWmmM6HvrPyfS7FDs=
92,38,B+xza5IySAorlNd5VKoQlKnomjQ=,w5aX1ycEumDWmmM6HvrPyfS7FDs=
93,38,B+xza5IySAorlNd5VKoQlKnomjQ=,w5aX1ycEumDWmmM6HvrPyfS7FDs=
94,38,B+xza5IySAorlNd5VKoQlKnomjQ=,w5aX1ycEumDWmmM6HvrPyfS7FDs=
95,38,B+xza5IySAorlNd5VKoQlKnomjQ=,w5aX1ycEumDWmmM6HvrPyfS7FDs=
80,39,B+xza5IySAorlNd5VKoQlKnomjQ=,w5aX1ycEumDWmmM6HvrPyfS7FDs=
81,39,B+xza5IySAorlNd5VKoQlKnomjQ=,w5aX1ycEumDWmmM6HvrPyfS7FDs=
82,39,B+xza5IySAorlNd5VKoQlKnomjQ=,w5aX1ycEumDWmmM6HvrPyfS7FDs=
83,39,B+xza5IySAorlNd5VKoQlKnomjQ=,w5aX1ycEumDWmmM6HvrPyfS7FDs=
84,39,B+xza5IySAorlNd5VKoQlKnomjQ=,w5aX1ycEumDWmmM6HvrPyfS7FDs=
85,39,B+xza5IySAorlNd5VKoQlKnomjQ=,w5aX1ycEumDWmmM6HvrPyfS7FDs=
86,39,B+xza5IySAorlNd5VKoQlKnomjQ=,w5aX1ycEumDWmmM6HvrPyfS7FDs=
83,33,B+xza5IySAorlNd5VKoQlKnomjQ=,w5aX1ycEumDWmmM6HvrPyfS7FDs=
94,46,B+xza5IySAorlNd5VKoQlKnomjQ=,w5aX1ycEumDWmmM6HvrPyfS7FDs=
85,34,B+xza5IySAorlNd5VKoQlKnomjQ=,w5aX1ycEumDWmmM6HvrPyfS7FDs=
89,32,B+xza5IySAorlNd5VKoQlKnomjQ=,w5aX1ycEumDWmmM6HvrPyfS7FDs=
87,39,B+xza5IySAorlNd5VKoQlKnomjQ=,w5aX1ycEumDWmmM6HvrPyfS7FDs=
88,39,B+xza5IySAorlNd5VKoQlKnomjQ=,w5aX1ycEumDWmmM6HvrPyfS7FDs=
89,39,B+xza5IySAorlNd5VKoQlKnomjQ=,w5aX1ycEumDWmmM6HvrPyfS7FDs=
90,39,B+xza5IySAorlNd5VKoQlKnomjQ=,w5aX1ycEumDWmmM6HvrPyfS7FDs=
91,39,B+xza5IySAorlNd5VKoQlKnomjQ=,w5aX1ycEumDWmmM6HvrPyfS7FDs=
92,39,B+xza5IySAorlNd5VKoQlKnomjQ=,w5aX1ycEumDWmmM6HvrPyfS7FDs=
94,39,B+xza5IySAorlNd5VKoQlKnomjQ=,w5aX1ycEumDWmmM6HvrPyfS7FDs=
93,39,B+xza5IySAorlNd5VKoQlKnomjQ=,w5aX1ycEumDWmmM6HvrPyfS7FDs=
95,39,B+xza5IySAorlNd5VKoQlKnomjQ=,w5aX1ycEumDWmmM6HvrPyfS7FDs=
80,40,B+xza5IySAorlNd5VKoQlKnomjQ=,w5aX1ycEumDWmmM6HvrPyfS7FDs=
81,40,B+xza5IySAorlNd5VKoQlKnomjQ=,w5aX1ycEumDWmmM6HvrPyfS7FDs=
82,40,B+xza5IySAorlNd5VKoQlKnomjQ=,w5aX1ycEumDWmmM6HvrPyfS7FDs=
83,40,B+xza5IySAorlNd5VKoQlKnomjQ=,w5aX1ycEumDWmmM6HvrPyfS7FDs=
84,40,B+xza5IySAorlNd5VKoQlKnomjQ=,w5aX1ycEumDWmmM6HvrPyfS7FDs=
85,40,B+xza5IySAorlNd5VKoQlKnomjQ=,w5aX1ycEumDWmmM6HvrPyfS7FDs=
86,40,B+xza5IySAorlNd5VKoQlKnomjQ=,w5aX1ycEumDWmmM6HvrPyfS7FDs=
87,40,B+xza5IySAorlNd5VKoQlKnomjQ=,w5aX1ycEumDWmmM6HvrPyfS7FDs=
92,34,B+xza5IySAorlNd5VKoQlKnomjQ=,w5aX1ycEumDWmmM6HvrPyfS7FDs=
93,46,B+xza5IySAorlNd5VKoQlKnomjQ=,w5aX1ycEumDWmmM6HvrPyfS7FDs=
92,46,B+xza5IySAorlNd5VKoQlKnomjQ=,w5aX1ycEumDWmmM6HvrPyfS7FDs=
90,46,B+xza5IySAorlNd5VKoQlKnomjQ=,w5aX1ycEumDWmmM6HvrPyfS7FDs=
89,46,B+xza5IySAorlNd5VKoQlKnomjQ=,w5aX1ycEumDWmmM6HvrPyfS7FDs=
88,46,B+xza5IySAorlNd5VKoQlKnomjQ=,w5aX1ycEumDWmmM6HvrPyfS7FDs=
91,46,B+xza5IySAorlNd5VKoQlKnomjQ=,w5aX1ycEumDWmmM6HvrPyfS7FDs=
86,46,B+xza5IySAorlNd5VKoQlKnomjQ=,w5aX1ycEumDWmmM6HvrPyfS7FDs=
87,46,B+xza5IySAorlNd5VKoQlKnomjQ=,w5aX1ycEumDWmmM6HvrPyfS7FDs=
84,46,B+xza5IySAorlNd5VKoQlKnomjQ=,w5aX1ycEumDWmmM6HvrPyfS7FDs=
83,46,B+xza5IySAorlNd5VKoQlKnomjQ=,w5aX1ycEumDWmmM6HvrPyfS7FDs=
82,46,B+xza5IySAorlNd5VKoQlKnomjQ=,w5aX1ycEumDWmmM6HvrPyfS7FDs=
81,46,B+xza5IySAorlNd5VKoQlKnomjQ=,w5aX1ycEumDWmmM6HvrPyfS7FDs=
80,46,B+xza5IySAorlNd5VKoQlKnomjQ=,w5aX1ycEumDWmmM6HvrPyfS7FDs=
85,46,B+xza5IySAorlNd5VKoQlKnomjQ=,w5aX1ycEumDWmmM6HvrPyfS7FDs=
95,45,B+xza5IySAorlNd5VKoQlKnomjQ=,w5aX1ycEumDWmmM6HvrPyfS7FDs=
94,45,B+xza5IySAorlNd5VKoQlKnomjQ=,w5aX1ycEumDWmmM6HvrPyfS7FDs=
95,32,B+xza5IySAorlNd5VKoQlKnomjQ=,w5aX1ycEumDWmmM6HvrPyfS7FDs=
93,45,B+xza5IySAorlNd5VKoQlKnomjQ=,w5aX1ycEumDWmmM6HvrPyfS7FDs=
91,34,B+xza5IySAorlNd5VKoQlKnomjQ=,w5aX1ycEumDWmmM6HvrPyfS7FDs=
92,45,B+xza5IySAorlNd5VKoQlKnomjQ=,w5aX1ycEumDWmmM6HvrPyfS7FDs=
91,45,B+xza5IySAorlNd5VKoQlKnomjQ=,w5aX1ycEumDWmmM6HvrPyfS7FDs=
90,45,B+xza5IySAorlNd5VKoQlKnomjQ=,w5aX1ycEumDWmmM6HvrPyfS7FDs=
89,45,B+xza5IySAorlNd5VKoQlKnomjQ=,w5aX1ycEumDWmmM6HvrPyfS7FDs=
88,45,B+xza5IySAorlNd5VKoQlKnomjQ=,w5aX1ycEumDWmmM6HvrPyfS7FDs=
87,45,B+xza5IySAorlNd5VKoQlKnomjQ=,w5aX1ycEumDWmmM6HvrPyfS7FDs=
86,45,B+xza5IySAorlNd5VKoQlKnomjQ=,w5aX1ycEumDWmmM6HvrPyfS7FDs=
85,45,B+xza5IySAorlNd5VKoQlKnomjQ=,w5aX1ycEumDWmmM6HvrPyfS7FDs=
84,45,B+xza5IySAorlNd5VKoQlKnomjQ=,w5aX1ycEumDWmmM6HvrPyfS7FDs=
83,45,B+xza5IySAorlNd5VKoQlKnomjQ=,w5aX1ycEumDWmmM6HvrPyfS7FDs=
82,45,B+xza5IySAorlNd5VKoQlKnomjQ=,w5aX1ycEumDWmmM6HvrPyfS7FDs=
81,45,B+xza5IySAorlNd5VKoQlKnomjQ=,w5aX1ycEumDWmmM6HvrPyfS7FDs=
80,45,B+xza5IySAorlNd5VKoQlKnomjQ=,w5aX1ycEumDWmmM6HvrPyfS7FDs=
95,44,B+xza5IySAorlNd5VKoQlKnomjQ=,w5aX1ycEumDWmmM6HvrPyfS7FDs=
94,44,B+xza5IySAorlNd5VKoQlKnomjQ=,w5aX1ycEumDWmmM6HvrPyfS7FDs=
93,44,B+xza5IySAorlNd5VKoQlKnomjQ=,w5aX1ycEumDWmmM6HvrPyfS7FDs=
94,32,B+xza5IySAorlNd5VKoQlKnomjQ=,w5aX1ycEumDWmmM6HvrPyfS7FDs=
92,44,B+xza5IySAorlNd5VKoQlKnomjQ=,w5aX1ycEumDWmmM6HvrPyfS7FDs=
90,34,B+xza5IySAorlNd5VKoQlKnomjQ=,w5aX1ycEumDWmmM6HvrPyfS7FDs=
91,44,B+xza5IySAorlNd5VKoQlKnomjQ=,w5aX1ycEumDWmmM6HvrPyfS7FDs=
90,44,B+xza5IySAorlNd5VKoQlKnomjQ=,w5aX1ycEumDWmmM6HvrPyfS7FDs=
89,44,B+xza5IySAorlNd5VKoQlKnomjQ=,w5aX1ycEumDWmmM6HvrPyfS7FDs=
88,44,B+xza5IySAorlNd5VKoQlKnomjQ=,w5aX1ycEumDWmmM6HvrPyfS7FDs=
87,44,B+xza5IySAorlNd5VKoQlKnomjQ=,w5aX1ycEumDWmmM6HvrPyfS7FDs=
86,44,B+xza5IySAorlNd5VKoQlKnomjQ=,w5aX1ycEumDWmmM6HvrPyfS7FDs=
85,44,B+xza5IySAorlNd5VKoQlKnomjQ=,w5aX1ycEumDWmmM6HvrPyfS7FDs=
84,44,B+xza5IySAorlNd5VKoQlKnomjQ=,w5aX1ycEumDWmmM6HvrPyfS7FDs=
83,44,B+xza5IySAorlNd5VKoQlKnomjQ=,w5aX1ycEumDWmmM6HvrPyfS7FDs=
82,44,B+xza5IySAorlNd5VKoQlKnomjQ=,w5aX1ycEumDWmmM6HvrPyfS7FDs=
81,44,B+xza5IySAorlNd5VKoQlKnomjQ=,w5aX1ycEumDWmmM6HvrPyfS7FDs=
80,44,B+xza5IySAorlNd5VKoQlKnomjQ=,w5aX1ycEumDWmmM6HvrPyfS7FDs=
95,43,B+xza5IySAorlNd5VKoQlKnomjQ=,w5aX1ycEumDWmmM6HvrPyfS7FDs=
94,43,B+xza5IySAorlNd5VKoQlKnomjQ=,w5aX1ycEumDWmmM6HvrPyfS7FDs=
93,43,B+xza5IySAorlNd5VKoQlKnomjQ=,w5aX1ycEumDWmmM6HvrPyfS7FDs=
92,43,B+xza5IySAorlNd5VKoQlKnomjQ=,w5aX1ycEumDWmmM6HvrPyfS7FDs=
91,43,B+xza5IySAorlNd5VKoQlKnomjQ=,w5aX1ycEumDWmmM6HvrPyfS7FDs=
93,32,B+xza5IySAorlNd5VKoQlKnomjQ=,w5aX1ycEumDWmmM6HvrPyfS7FDs=
89,34,B+xza5IySAorlNd5VKoQlKnomjQ=,w5aX1ycEumDWmmM6HvrPyfS7FDs=
90,43,B+xza5IySAorlNd5VKoQlKnomjQ=,w5aX1ycEumDWmmM6HvrPyfS7FDs=
89,43,B+xza5IySAorlNd5VKoQlKnomjQ=,w5aX1ycEumDWmmM6HvrPyfS7FDs=
88,43,B+xza5IySAorlNd5VKoQlKnomjQ=,w5aX1ycEumDWmmM6HvrPyfS7FDs=
87,43,B+xza5IySAorlNd5VKoQlKnomjQ=,w5aX1ycEumDWmmM6HvrPyfS7FDs=
86,43,B+xza5IySAorlNd5VKoQlKnomjQ=,w5aX1ycEumDWmmM6HvrPyfS7FDs=
85,43,B+xza5IySAorlNd5VKoQlKnomjQ=,w5aX1ycEumDWmmM6HvrPyfS7FDs=
84,43,B+xza5IySAorlNd5VKoQlKnomjQ=,w5aX1ycEumDWmmM6HvrPyfS7FDs=
83,43,B+xza5IySAorlNd5VKoQlKnomjQ=,w5aX1ycEumDWmmM6HvrPyfS7FDs=
82,43,B+xza5IySAorlNd5VKoQlKnomjQ=,w5aX1ycEumDWmmM6HvrPyfS7FDs=
80,43,B+xza5IySAorlNd5VKoQlKnomjQ=,w5aX1ycEumDWmmM6HvrPyfS7FDs=
81,43,B+xza5IySAorlNd5VKoQlKnomjQ=,w5aX1ycEumDWmmM6HvrPyfS7FDs=
95,42,B+xza5IySAorlNd5VKoQlKnomjQ=,w5aX1ycEumDWmmM6HvrPyfS7FDs=
94,42,B+xza5IySAorlNd5VKoQlKnomjQ=,w5aX1ycEumDWmmM6HvrPyfS7FDs=
93,42,B+xza5IySAorlNd5VKoQlKnomjQ=,w5aX1ycEumDWmmM6HvrPyfS7FDs=
92,42,B+xza5IySAorlNd5VKoQlKnomjQ=,w5aX1ycEumDWmmM6HvrPyfS7FDs=
91,42,B+xza5IySAorlNd5VKoQlKnomjQ=,w5aX1ycEumDWmmM6HvrPyfS7FDs=
90,42,B+xza5IySAorlNd5VKoQlKnomjQ=,w5aX1ycEumDWmmM6HvrPyfS7FDs=
92,32,B+xza5IySAorlNd5VKoQlKnomjQ=,w5aX1ycEumDWmmM6HvrPyfS7FDs=
88,34,B+xza5IySAorlNd5VKoQlKnomjQ=,w5aX1ycEumDWmmM6HvrPyfS7FDs=
89,42,B+xza5IySAorlNd5VKoQlKnomjQ=,w5aX1ycEumDWmmM6HvrPyfS7FDs=
88,42,B+xza5IySAorlNd5VKoQlKnomjQ=,w5aX1ycEumDWmmM6HvrPyfS7FDs=
87,42,B+xza5IySAorlNd5VKoQlKnomjQ=,w5aX1ycEumDWmmM6HvrPyfS7FDs=
86,42,B+xza5IySAorlNd5VKoQlKnomjQ=,w5aX1ycEumDWmmM6HvrPyfS7FDs=
85,42,B+xza5IySAorlNd5VKoQlKnomjQ=,w5aX1ycEumDWmmM6HvrPyfS7FDs=
84,42,B+xza5IySAorlNd5VKoQlKnomjQ=,w5aX1ycEumDWmmM6HvrPyfS7FDs=
86,34,B+xza5IySAorlNd5VKoQlKnomjQ=,w5aX1ycEumDWmmM6HvrPyfS7FDs=
83,42,B+xza5IySAorlNd5VKoQlKnomjQ=,w5aX1ycEumDWmmM6HvrPyfS7FDs=
90,32,B+xza5IySAorlNd5VKoQlKnomjQ=,w5aX1ycEumDWmmM6HvrPyfS7FDs=
82,42,B+xza5IySAorlNd5VKoQlKnomjQ=,w5aX1ycEumDWmmM6HvrPyfS7FDs=
88,40,B+xza5IySAorlNd5VKoQlKnomjQ=,w5aX1ycEumDWmmM6HvrPyfS7FDs=
81,42,B+xza5IySAorlNd5VKoQlKnomjQ=,w5aX1ycEumDWmmM6HvrPyfS7FDs=
89,40,B+xza5IySAorlNd5VKoQlKnomjQ=,w5aX1ycEumDWmmM6HvrPyfS7FDs=
80,42,B+xza5IySAorlNd5VKoQlKnomjQ=,w5aX1ycEumDWmmM6HvrPyfS7FDs=
90,40,B+xza5IySAorlNd5VKoQlKnomjQ=,w5aX1ycEumDWmmM6HvrPyfS7FDs=
91,40,B+xza5IySAorlNd5VKoQlKnomjQ=,w5aX1ycEumDWmmM6HvrPyfS7FDs=
95,41,B+xza5IySAorlNd5VKoQlKnomjQ=,w5aX1ycEumDWmmM6HvrPyfS7FDs=
94,41,B+xza5IySAorlNd5VKoQlKnomjQ=,w5aX1ycEumDWmmM6HvrPyfS7FDs=
92,40,B+xza5IySAorlNd5VKoQlKnomjQ=,w5aX1ycEumDWmmM6HvrPyfS7FDs=
93,41,B+xza5IySAorlNd5VKoQlKnomjQ=,w5aX1ycEumDWmmM6HvrPyfS7FDs=
93,40,B+xza5IySAorlNd5VKoQlKnomjQ=,w5aX1ycEumDWmmM6HvrPyfS7FDs=
92,41,B+xza5IySAorlNd5VKoQlKnomjQ=,w5aX1ycEumDWmmM6HvrPyfS7FDs=
94,40,B+xza5IySAorlNd5VKoQlKnomjQ=,w5aX1ycEumDWmmM6HvrPyfS7FDs=
91,41,B+xza5IySAorlNd5VKoQlKnomjQ=,w5aX1ycEumDWmmM6HvrPyfS7FDs=
95,40,B+xza5IySAorlNd5VKoQlKnomjQ=,w5aX1ycEumDWmmM6HvrPyfS7FDs=
90,41,B+xza5IySAorlNd5VKoQlKnomjQ=,w5aX1ycEumDWmmM6HvrPyfS7FDs=
80,41,B+xza5IySAorlNd5VKoQlKnomjQ=,w5aX1ycEumDWmmM6HvrPyfS7FDs=
89,41,B+xza5IySAorlNd5VKoQlKnomjQ=,w5aX1ycEumDWmmM6HvrPyfS7FDs=
81,41,B+xza5IySAorlNd5VKoQlKnomjQ=,w5aX1ycEumDWmmM6HvrPyfS7FDs=
91,32,B+xza5IySAorlNd5VKoQlKnomjQ=,w5aX1ycEumDWmmM6HvrPyfS7FDs=
87,34,B+xza5IySAorlNd5VKoQlKnomjQ=,w5aX1ycEumDWmmM6HvrPyfS7FDs=
82,41,B+xza5IySAorlNd5VKoQlKnomjQ=,w5aX1ycEumDWmmM6HvrPyfS7FDs=
83,41,B+xza5IySAorlNd5VKoQlKnomjQ=,w5aX1ycEumDWmmM6HvrPyfS7FDs=
88,41,B+xza5IySAorlNd5VKoQlKnomjQ=,w5aX1ycEumDWmmM6HvrPyfS7FDs=
84,41,B+xza5IySAorlNd5VKoQlKnomjQ=,w5aX1ycEumDWmmM6HvrPyfS7FDs=
87,41,B+xza5IySAorlNd5VKoQlKnomjQ=,w5aX1ycEumDWmmM6HvrPyfS7FDs=
85,41,B+xza5IySAorlNd5VKoQlKnomjQ=,w5aX1ycEumDWmmM6HvrPyfS7FDs=
86,41,B+xza5IySAorlNd5VKoQlKnomjQ=,w5aX1ycEumDWmmM6HvrPyfS7FDs=
80,33,B+xza5IySAorlNd5VKoQlKnomjQ=,w5aX1ycEumDWmmM6HvrPyfS7FDs=
82,33,B+xza5IySAorlNd5VKoQlKnomjQ=,w5aX1ycEumDWmmM6HvrPyfS7FDs=
81,32,B+xza5IySAorlNd5VKoQlKnomjQ=,w5aX1ycEumDWmmM6HvrPyfS7FDs=
82,32,B+xza5IySAorlNd5VKoQlKnomjQ=,w5aX1ycEumDWmmM6HvrPyfS7FDs=
