20,-13,ju40yJRfvaPGHm3L2vQ01n1BSgo=,EwFes0/LIzvvFwSwukki6o6SeLU=
21,-13,ju40yJRfvaPGHm3L2vQ01n1BSgo=,EwFes0/LIzvvFwSwukki6o6SeLU=
22,-13,ju40yJRfvaPGHm3L2vQ01n1BSgo=,EwFes0/LIzvvFwSwukki6o6SeLU=
23,-13,ju40yJRfvaPGHm3L2vQ01n1BSgo=,EwFes0/LIzvvFwSwukki6o6SeLU=
17,-12,ju40yJRfvaPGHm3L2vQ01n1BSgo=,EwFes0/LIzvvFwSwukki6o6SeLU=
18,-12,ju40yJRfvaPGHm3L2vQ01n1BSgo=,EwFes0/LIzvvFwSwukki6o6SeLU=
19,-12,ju40yJRfvaPGHm3L2vQ01n1BSgo=,EwFes0/LIzvvFwSwukki6o6SeLU=
20,-12,ju40yJRfvaPGHm3L2vQ01n1BSgo=,EwFes0/LIzvvFwSwukki6o6SeLU=
21,-12,ju40yJRfvaPGHm3L2vQ01n1BSgo=,EwFes0/LIzvvFwSwukki6o6SeLU=
19,-13,ju40yJRfvaPGHm3L2vQ01n1BSgo=,EwFes0/LIzvvFwSwukki6o6SeLU=
18,-13,ju40yJRfvaPGHm3L2vQ01n1BSgo=,EwFes0/LIzvvFwSwukki6o6SeLU=
22,-12,ju40yJRfvaPGHm3L2vQ01n1BSgo=,EwFes0/LIzvvFwSwukki6o6SeLU=
23,-12,ju40yJRfvaPGHm3L2vQ01n1BSgo=,EwFes0/LIzvvFwSwukki6o6SeLU=
17,-11,ju40yJRfvaPGHm3L2vQ01n1BSgo=,EwFes0/LIzvvFwSwukki6o6SeLU=
18,-11,ju40yJRfvaPGHm3L2vQ01n1BSgo=,EwFes0/LIzvvFwSwukki6o6SeLU=
17,-15,ju40yJRfvaPGHm3L2vQ01n1BSgo=,EwFes0/LIzvvFwSwukki6o6SeLU=
18,-15,ju40yJRfvaPGHm3L2vQ01n1BSgo=,EwFes0/LIzvvFwSwukki6o6SeLU=
23,-10,ju40yJRfvaPGHm3L2vQ01n1BSgo=,EwFes0/LIzvvFwSwukki6o6SeLU=
17,-13,ju40yJRfvaPGHm3L2vQ01n1BSgo=,EwFes0/LIzvvFwSwukki6o6SeLU=
23,-14,ju40yJRfvaPGHm3L2vQ01n1BSgo=,EwFes0/LIzvvFwSwukki6o6SeLU=
22,-14,ju40yJRfvaPGHm3L2vQ01n1BSgo=,EwFes0/LIzvvFwSwukki6o6SeLU=
21,-14,ju40yJRfvaPGHm3L2vQ01n1BSgo=,EwFes0/LIzvvFwSwukki6o6SeLU=
22,-10,ju40yJRfvaPGHm3L2vQ01n1BSgo=,EwFes0/LIzvvFwSwukki6o6SeLU=
20,-14,ju40yJRfvaPGHm3L2vQ01n1BSgo=,EwFes0/LIzvvFwSwukki6o6SeLU=
21,-10,ju40yJRfvaPGHm3L2vQ01n1BSgo=,EwFes0/LIzvvFwSwukki6o6SeLU=
20,-10,ju40yJRfvaPGHm3L2vQ01n1BSgo=,EwFes0/LIzvvFwSwukki6o6SeLU=
19,-10,ju40yJRfvaPGHm3L2vQ01n1BSgo=,EwFes0/LIzvvFwSwukki6o6SeLU=
19,-14,ju40yJRfvaPGHm3L2vQ01n1BSgo=,EwFes0/LIzvvFwSwukki6o6SeLU=
18,-10,ju40yJRfvaPGHm3L2vQ01n1BSgo=,EwFes0/LIzvvFwSwukki6o6SeLU=
17,-10,ju40yJRfvaPGHm3L2vQ01n1BSgo=,EwFes0/LIzvvFwSwukki6o6SeLU=
18,-14,ju40yJRfvaPGHm3L2vQ01n1BSgo=,EwFes0/LIzvvFwSwukki6o6SeLU=
23,-11,ju40yJRfvaPGHm3L2vQ01n1BSgo=,EwFes0/LIzvvFwSwukki6o6SeLU=
23,-15,ju40yJRfvaPGHm3L2vQ01n1BSgo=,EwFes0/LIzvvFwSwukki6o6SeLU=
22,-11,ju40yJRfvaPGHm3L2vQ01n1BSgo=,EwFes0/LIzvvFwSwukki6o6SeLU=
17,-14,ju40yJRfvaPGHm3L2vQ01n1BSgo=,EwFes0/LIzvvFwSwukki6o6SeLU=
21,-11,ju40yJRfvaPGHm3L2vQ01n1BSgo=,EwFes0/LIzvvFwSwukki6o6SeLU=
20,-11,ju40yJRfvaPGHm3L2vQ01n1BSgo=,EwFes0/LIzvvFwSwukki6o6SeLU=
19,-11,ju40yJRfvaPGHm3L2vQ01n1BSgo=,EwFes0/LIzvvFwSwukki6o6SeLU=
22,-15,ju40yJRfvaPGHm3L2vQ01n1BSgo=,EwFes0/LIzvvFwSwukki6o6SeLU=
21,-15,ju40yJRfvaPGHm3L2vQ01n1BSgo=,EwFes0/LIzvvFwSwukki6o6SeLU=
20,-15,ju40yJRfvaPGHm3L2vQ01n1BSgo=,EwFes0/LIzvvFwSwukki6o6SeLU=
19,-15,ju40yJRfvaPGHm3L2vQ01n1BSgo=,EwFes0/LIzvvFwSwukki6o6SeLU=
16,-12,ju40yJRfvaPGHm3L2vQ01n1BSgo=,EwFes0/LIzvvFwSwukki6o6SeLU=
16,-11,ju40yJRfvaPGHm3L2vQ01n1BSgo=,EwFes0/LIzvvFwSwukki6o6SeLU=
16,-15,ju40yJRfvaPGHm3L2vQ01n1BSgo=,EwFes0/LIzvvFwSwukki6o6SeLU=
16,-10,ju40yJRfvaPGHm3L2vQ01n1BSgo=,EwFes0/LIzvvFwSwukki6o6SeLU=
16,-14,ju40yJRfvaPGHm3L2vQ01n1BSgo=,EwFes0/LIzvvFwSwukki6o6SeLU=
16,-13,ju40yJRfvaPGHm3L2vQ01n1BSgo=,EwFes0/LIzvvFwSwukki6o6SeLU=
17,-16,ju40yJRfvaPGHm3L2vQ01n1BSgo=,EwFes0/LIzvvFwSwukki6o6SeLU=
18,-16,ju40yJRfvaPGHm3L2vQ01n1BSgo=,EwFes0/LIzvvFwSwukki6o6SeLU=
19,-16,ju40yJRfvaPGHm3L2vQ01n1BSgo=,EwFes0/LIzvvFwSwukki6o6SeLU=
20,-16,ju40yJRfvaPGHm3L2vQ01n1BSgo=,EwFes0/LIzvvFwSwukki6o6SeLU=
21,-16,ju40yJRfvaPGHm3L2vQ01n1BSgo=,EwFes0/LIzvvFwSwukki6o6SeLU=
22,-16,ju40yJRfvaPGHm3L2vQ01n1BSgo=,EwFes0/LIzvvFwSwukki6o6SeLU=
23,-16,ju40yJRfvaPGHm3L2vQ01n1BSgo=,EwFes0/LIzvvFwSwukki6o6SeLU=
16,-16,ju40yJRfvaPGHm3L2vQ01n1BSgo=,EwFes0/LIzvvFwSwukki6o6SeLU=
28,-3,ju40yJRfvaPGHm3L2vQ01n1BSgo=,XgrEi5r5qMR4kaXb25berA83NzM=
27,-3,ju40yJRfvaPGHm3L2vQ01n1BSgo=,XgrEi5r5qMR4kaXb25berA83NzM=
31,-5,ju40yJRfvaPGHm3L2vQ01n1BSgo=,XgrEi5r5qMR4kaXb25berA83NzM=
31,-7,ju40yJRfvaPGHm3L2vQ01n1BSgo=,XgrEi5r5qMR4kaXb25berA83NzM=
31,-6,ju40yJRfvaPGHm3L2vQ01n1BSgo=,XgrEi5r5qMR4kaXb25berA83NzM=
30,-7,ju40yJRfvaPGHm3L2vQ01n1BSgo=,XgrEi5r5qMR4kaXb25berA83NzM=
29,-4,ju40yJRfvaPGHm3L2vQ01n1BSgo=,XgrEi5r5qMR4kaXb25berA83NzM=
29,-7,ju40yJRfvaPGHm3L2vQ01n1BSgo=,XgrEi5r5qMR4kaXb25berA83NzM=
30,-5,ju40yJRfvaPGHm3L2vQ01n1BSgo=,XgrEi5r5qMR4kaXb25berA83NzM=
28,-4,ju40yJRfvaPGHm3L2vQ01n1BSgo=,XgrEi5r5qMR4kaXb25berA83NzM=
30,-6,ju40yJRfvaPGHm3L2vQ01n1BSgo=,XgrEi5r5qMR4kaXb25berA83NzM=
27,-8,ju40yJRfvaPGHm3L2vQ01n1BSgo=,XgrEi5r5qMR4kaXb25berA83NzM=
29,-6,ju40yJRfvaPGHm3L2vQ01n1BSgo=,XgrEi5r5qMR4kaXb25berA83NzM=
27,-4,ju40yJRfvaPGHm3L2vQ01n1BSgo=,XgrEi5r5qMR4kaXb25berA83NzM=
29,-5,ju40yJRfvaPGHm3L2vQ01n1BSgo=,XgrEi5r5qMR4kaXb25berA83NzM=
28,-6,ju40yJRfvaPGHm3L2vQ01n1BSgo=,XgrEi5r5qMR4kaXb25berA83NzM=
26,-4,ju40yJRfvaPGHm3L2vQ01n1BSgo=,XgrEi5r5qMR4kaXb25berA83NzM=
27,-6,ju40yJRfvaPGHm3L2vQ01n1BSgo=,XgrEi5r5qMR4kaXb25berA83NzM=
25,-4,ju40yJRfvaPGHm3L2vQ01n1BSgo=,XgrEi5r5qMR4kaXb25berA83NzM=
26,-3,ju40yJRfvaPGHm3L2vQ01n1BSgo=,XgrEi5r5qMR4kaXb25berA83NzM=
25,-3,ju40yJRfvaPGHm3L2vQ01n1BSgo=,XgrEi5r5qMR4kaXb25berA83NzM=
26,-6,ju40yJRfvaPGHm3L2vQ01n1BSgo=,XgrEi5r5qMR4kaXb25berA83NzM=
28,-5,ju40yJRfvaPGHm3L2vQ01n1BSgo=,XgrEi5r5qMR4kaXb25berA83NzM=
30,-1,ju40yJRfvaPGHm3L2vQ01n1BSgo=,XgrEi5r5qMR4kaXb25berA83NzM=
31,-1,ju40yJRfvaPGHm3L2vQ01n1BSgo=,XgrEi5r5qMR4kaXb25berA83NzM=
31,-4,ju40yJRfvaPGHm3L2vQ01n1BSgo=,XgrEi5r5qMR4kaXb25berA83NzM=
26,-8,ju40yJRfvaPGHm3L2vQ01n1BSgo=,XgrEi5r5qMR4kaXb25berA83NzM=
27,-5,ju40yJRfvaPGHm3L2vQ01n1BSgo=,XgrEi5r5qMR4kaXb25berA83NzM=
28,-1,ju40yJRfvaPGHm3L2vQ01n1BSgo=,XgrEi5r5qMR4kaXb25berA83NzM=
27,-1,ju40yJRfvaPGHm3L2vQ01n1BSgo=,XgrEi5r5qMR4kaXb25berA83NzM=
29,-1,ju40yJRfvaPGHm3L2vQ01n1BSgo=,XgrEi5r5qMR4kaXb25berA83NzM=
25,-7,ju40yJRfvaPGHm3L2vQ01n1BSgo=,XgrEi5r5qMR4kaXb25berA83NzM=
25,-6,ju40yJRfvaPGHm3L2vQ01n1BSgo=,XgrEi5r5qMR4kaXb25berA83NzM=
31,-8,ju40yJRfvaPGHm3L2vQ01n1BSgo=,XgrEi5r5qMR4kaXb25berA83NzM=
25,-5,ju40yJRfvaPGHm3L2vQ01n1BSgo=,XgrEi5r5qMR4kaXb25berA83NzM=
26,-1,ju40yJRfvaPGHm3L2vQ01n1BSgo=,XgrEi5r5qMR4kaXb25berA83NzM=
26,-5,ju40yJRfvaPGHm3L2vQ01n1BSgo=,XgrEi5r5qMR4kaXb25berA83NzM=
30,-8,ju40yJRfvaPGHm3L2vQ01n1BSgo=,XgrEi5r5qMR4kaXb25berA83NzM=
25,-1,ju40yJRfvaPGHm3L2vQ01n1BSgo=,XgrEi5r5qMR4kaXb25berA83NzM=
29,-2,ju40yJRfvaPGHm3L2vQ01n1BSgo=,XgrEi5r5qMR4kaXb25berA83NzM=
30,-2,ju40yJRfvaPGHm3L2vQ01n1BSgo=,XgrEi5r5qMR4kaXb25berA83NzM=
29,-8,ju40yJRfvaPGHm3L2vQ01n1BSgo=,XgrEi5r5qMR4kaXb25berA83NzM=
31,-2,ju40yJRfvaPGHm3L2vQ01n1BSgo=,XgrEi5r5qMR4kaXb25berA83NzM=
28,-8,ju40yJRfvaPGHm3L2vQ01n1BSgo=,XgrEi5r5qMR4kaXb25berA83NzM=
28,-2,ju40yJRfvaPGHm3L2vQ01n1BSgo=,XgrEi5r5qMR4kaXb25berA83NzM=
26,-2,ju40yJRfvaPGHm3L2vQ01n1BSgo=,XgrEi5r5qMR4kaXb25berA83NzM=
27,-2,ju40yJRfvaPGHm3L2vQ01n1BSgo=,XgrEi5r5qMR4kaXb25berA83NzM=
25,-8,ju40yJRfvaPGHm3L2vQ01n1BSgo=,XgrEi5r5qMR4kaXb25berA83NzM=
25,-2,ju40yJRfvaPGHm3L2vQ01n1BSgo=,XgrEi5r5qMR4kaXb25berA83NzM=
31,-3,ju40yJRfvaPGHm3L2vQ01n1BSgo=,XgrEi5r5qMR4kaXb25berA83NzM=
30,-4,ju40yJRfvaPGHm3L2vQ01n1BSgo=,XgrEi5r5qMR4kaXb25berA83NzM=
28,-7,ju40yJRfvaPGHm3L2vQ01n1BSgo=,XgrEi5r5qMR4kaXb25berA83NzM=
30,-3,ju40yJRfvaPGHm3L2vQ01n1BSgo=,XgrEi5r5qMR4kaXb25berA83NzM=
27,-7,ju40yJRfvaPGHm3L2vQ01n1BSgo=,XgrEi5r5qMR4kaXb25berA83NzM=
29,-3,ju40yJRfvaPGHm3L2vQ01n1BSgo=,XgrEi5r5qMR4kaXb25berA83NzM=
26,-7,ju40yJRfvaPGHm3L2vQ01n1BSgo=,XgrEi5r5qMR4kaXb25berA83NzM=
23,-9,ju40yJRfvaPGHm3L2vQ01n1BSgo=,EwFes0/LIzvvFwSwukki6o6SeLU=
22,-9,ju40yJRfvaPGHm3L2vQ01n1BSgo=,EwFes0/LIzvvFwSwukki6o6SeLU=
20,-5,ju40yJRfvaPGHm3L2vQ01n1BSgo=,K5QpcI4cuNYnPJetVqkpqTn0OKQ=
21,-5,ju40yJRfvaPGHm3L2vQ01n1BSgo=,K5QpcI4cuNYnPJetVqkpqTn0OKQ=
22,-5,ju40yJRfvaPGHm3L2vQ01n1BSgo=,K5QpcI4cuNYnPJetVqkpqTn0OKQ=
24,-5,ju40yJRfvaPGHm3L2vQ01n1BSgo=,XgrEi5r5qMR4kaXb25berA83NzM=
21,-9,ju40yJRfvaPGHm3L2vQ01n1BSgo=,EwFes0/LIzvvFwSwukki6o6SeLU=
24,-8,ju40yJRfvaPGHm3L2vQ01n1BSgo=,XgrEi5r5qMR4kaXb25berA83NzM=
23,-1,ju40yJRfvaPGHm3L2vQ01n1BSgo=,K5QpcI4cuNYnPJetVqkpqTn0OKQ=
19,-5,ju40yJRfvaPGHm3L2vQ01n1BSgo=,K5QpcI4cuNYnPJetVqkpqTn0OKQ=
22,-1,ju40yJRfvaPGHm3L2vQ01n1BSgo=,K5QpcI4cuNYnPJetVqkpqTn0OKQ=
19,-9,ju40yJRfvaPGHm3L2vQ01n1BSgo=,EwFes0/LIzvvFwSwukki6o6SeLU=
20,-9,ju40yJRfvaPGHm3L2vQ01n1BSgo=,EwFes0/LIzvvFwSwukki6o6SeLU=
18,-5,ju40yJRfvaPGHm3L2vQ01n1BSgo=,K5QpcI4cuNYnPJetVqkpqTn0OKQ=
24,-2,ju40yJRfvaPGHm3L2vQ01n1BSgo=,XgrEi5r5qMR4kaXb25berA83NzM=
20,-1,ju40yJRfvaPGHm3L2vQ01n1BSgo=,K5QpcI4cuNYnPJetVqkpqTn0OKQ=
17,-5,ju40yJRfvaPGHm3L2vQ01n1BSgo=,K5QpcI4cuNYnPJetVqkpqTn0OKQ=
21,-1,ju40yJRfvaPGHm3L2vQ01n1BSgo=,K5QpcI4cuNYnPJetVqkpqTn0OKQ=
23,-6,ju40yJRfvaPGHm3L2vQ01n1BSgo=,K5QpcI4cuNYnPJetVqkpqTn0OKQ=
16,-5,ju40yJRfvaPGHm3L2vQ01n1BSgo=,K5QpcI4cuNYnPJetVqkpqTn0OKQ=
19,-1,ju40yJRfvaPGHm3L2vQ01n1BSgo=,K5QpcI4cuNYnPJetVqkpqTn0OKQ=
18,-9,ju40yJRfvaPGHm3L2vQ01n1BSgo=,EwFes0/LIzvvFwSwukki6o6SeLU=
17,-9,ju40yJRfvaPGHm3L2vQ01n1BSgo=,EwFes0/LIzvvFwSwukki6o6SeLU=
22,-6,ju40yJRfvaPGHm3L2vQ01n1BSgo=,K5QpcI4cuNYnPJetVqkpqTn0OKQ=
16,-9,ju40yJRfvaPGHm3L2vQ01n1BSgo=,EwFes0/LIzvvFwSwukki6o6SeLU=
20,-6,ju40yJRfvaPGHm3L2vQ01n1BSgo=,K5QpcI4cuNYnPJetVqkpqTn0OKQ=
19,-6,ju40yJRfvaPGHm3L2vQ01n1BSgo=,K5QpcI4cuNYnPJetVqkpqTn0OKQ=
18,-6,ju40yJRfvaPGHm3L2vQ01n1BSgo=,K5QpcI4cuNYnPJetVqkpqTn0OKQ=
21,-6,ju40yJRfvaPGHm3L2vQ01n1BSgo=,K5QpcI4cuNYnPJetVqkpqTn0OKQ=
17,-6,ju40yJRfvaPGHm3L2vQ01n1BSgo=,K5QpcI4cuNYnPJetVqkpqTn0OKQ=
18,-1,ju40yJRfvaPGHm3L2vQ01n1BSgo=,K5QpcI4cuNYnPJetVqkpqTn0OKQ=
16,-1,ju40yJRfvaPGHm3L2vQ01n1BSgo=,K5QpcI4cuNYnPJetVqkpqTn0OKQ=
16,-6,ju40yJRfvaPGHm3L2vQ01n1BSgo=,K5QpcI4cuNYnPJetVqkpqTn0OKQ=
23,-7,ju40yJRfvaPGHm3L2vQ01n1BSgo=,K5QpcI4cuNYnPJetVqkpqTn0OKQ=
17,-1,ju40yJRfvaPGHm3L2vQ01n1BSgo=,K5QpcI4cuNYnPJetVqkpqTn0OKQ=
23,-2,ju40yJRfvaPGHm3L2vQ01n1BSgo=,K5QpcI4cuNYnPJetVqkpqTn0OKQ=
22,-7,ju40yJRfvaPGHm3L2vQ01n1BSgo=,K5QpcI4cuNYnPJetVqkpqTn0OKQ=
21,-7,ju40yJRfvaPGHm3L2vQ01n1BSgo=,K5QpcI4cuNYnPJetVqkpqTn0OKQ=
20,-7,ju40yJRfvaPGHm3L2vQ01n1BSgo=,K5QpcI4cuNYnPJetVqkpqTn0OKQ=
24,-6,ju40yJRfvaPGHm3L2vQ01n1BSgo=,XgrEi5r5qMR4kaXb25berA83NzM=
24,-1,ju40yJRfvaPGHm3L2vQ01n1BSgo=,XgrEi5r5qMR4kaXb25berA83NzM=
22,-2,ju40yJRfvaPGHm3L2vQ01n1BSgo=,K5QpcI4cuNYnPJetVqkpqTn0OKQ=
23,-5,ju40yJRfvaPGHm3L2vQ01n1BSgo=,K5QpcI4cuNYnPJetVqkpqTn0OKQ=
19,-7,ju40yJRfvaPGHm3L2vQ01n1BSgo=,K5QpcI4cuNYnPJetVqkpqTn0OKQ=
16,-4,ju40yJRfvaPGHm3L2vQ01n1BSgo=,K5QpcI4cuNYnPJetVqkpqTn0OKQ=
24,-4,ju40yJRfvaPGHm3L2vQ01n1BSgo=,XgrEi5r5qMR4kaXb25berA83NzM=
17,-4,ju40yJRfvaPGHm3L2vQ01n1BSgo=,K5QpcI4cuNYnPJetVqkpqTn0OKQ=
24,-7,ju40yJRfvaPGHm3L2vQ01n1BSgo=,XgrEi5r5qMR4kaXb25berA83NzM=
20,-2,ju40yJRfvaPGHm3L2vQ01n1BSgo=,K5QpcI4cuNYnPJetVqkpqTn0OKQ=
21,-2,ju40yJRfvaPGHm3L2vQ01n1BSgo=,K5QpcI4cuNYnPJetVqkpqTn0OKQ=
18,-2,ju40yJRfvaPGHm3L2vQ01n1BSgo=,K5QpcI4cuNYnPJetVqkpqTn0OKQ=
18,-7,ju40yJRfvaPGHm3L2vQ01n1BSgo=,K5QpcI4cuNYnPJetVqkpqTn0OKQ=
17,-7,ju40yJRfvaPGHm3L2vQ01n1BSgo=,K5QpcI4cuNYnPJetVqkpqTn0OKQ=
23,-3,ju40yJRfvaPGHm3L2vQ01n1BSgo=,K5QpcI4cuNYnPJetVqkpqTn0OKQ=
19,-2,ju40yJRfvaPGHm3L2vQ01n1BSgo=,K5QpcI4cuNYnPJetVqkpqTn0OKQ=
18,-4,ju40yJRfvaPGHm3L2vQ01n1BSgo=,K5QpcI4cuNYnPJetVqkpqTn0OKQ=
22,-3,ju40yJRfvaPGHm3L2vQ01n1BSgo=,K5QpcI4cuNYnPJetVqkpqTn0OKQ=
19,-4,ju40yJRfvaPGHm3L2vQ01n1BSgo=,K5QpcI4cuNYnPJetVqkpqTn0OKQ=
24,-3,ju40yJRfvaPGHm3L2vQ01n1BSgo=,XgrEi5r5qMR4kaXb25berA83NzM=
20,-4,ju40yJRfvaPGHm3L2vQ01n1BSgo=,K5QpcI4cuNYnPJetVqkpqTn0OKQ=
16,-8,ju40yJRfvaPGHm3L2vQ01n1BSgo=,K5QpcI4cuNYnPJetVqkpqTn0OKQ=
21,-4,ju40yJRfvaPGHm3L2vQ01n1BSgo=,K5QpcI4cuNYnPJetVqkpqTn0OKQ=
22,-4,ju40yJRfvaPGHm3L2vQ01n1BSgo=,K5QpcI4cuNYnPJetVqkpqTn0OKQ=
23,-4,ju40yJRfvaPGHm3L2vQ01n1BSgo=,K5QpcI4cuNYnPJetVqkpqTn0OKQ=
17,-8,ju40yJRfvaPGHm3L2vQ01n1BSgo=,K5QpcI4cuNYnPJetVqkpqTn0OKQ=
16,-2,ju40yJRfvaPGHm3L2vQ01n1BSgo=,K5QpcI4cuNYnPJetVqkpqTn0OKQ=
16,-7,ju40yJRfvaPGHm3L2vQ01n1BSgo=,K5QpcI4cuNYnPJetVqkpqTn0OKQ=
16,-3,ju40yJRfvaPGHm3L2vQ01n1BSgo=,K5QpcI4cuNYnPJetVqkpqTn0OKQ=
23,-8,ju40yJRfvaPGHm3L2vQ01n1BSgo=,K5QpcI4cuNYnPJetVqkpqTn0OKQ=
21,-3,ju40yJRfvaPGHm3L2vQ01n1BSgo=,K5QpcI4cuNYnPJetVqkpqTn0OKQ=
20,-3,ju40yJRfvaPGHm3L2vQ01n1BSgo=,K5QpcI4cuNYnPJetVqkpqTn0OKQ=
22,-8,ju40yJRfvaPGHm3L2vQ01n1BSgo=,K5QpcI4cuNYnPJetVqkpqTn0OKQ=
21,-8,ju40yJRfvaPGHm3L2vQ01n1BSgo=,K5QpcI4cuNYnPJetVqkpqTn0OKQ=
19,-8,ju40yJRfvaPGHm3L2vQ01n1BSgo=,K5QpcI4cuNYnPJetVqkpqTn0OKQ=
20,-8,ju40yJRfvaPGHm3L2vQ01n1BSgo=,K5QpcI4cuNYnPJetVqkpqTn0OKQ=
19,-3,ju40yJRfvaPGHm3L2vQ01n1BSgo=,K5QpcI4cuNYnPJetVqkpqTn0OKQ=
18,-8,ju40yJRfvaPGHm3L2vQ01n1BSgo=,K5QpcI4cuNYnPJetVqkpqTn0OKQ=
17,-2,ju40yJRfvaPGHm3L2vQ01n1BSgo=,K5QpcI4cuNYnPJetVqkpqTn0OKQ=
17,-3,ju40yJRfvaPGHm3L2vQ01n1BSgo=,K5QpcI4cuNYnPJetVqkpqTn0OKQ=
18,-3,ju40yJRfvaPGHm3L2vQ01n1BSgo=,K5QpcI4cuNYnPJetVqkpqTn0OKQ=
12,-17,++aTWR3vncsVsWberN1zuxEnjSY=,405ac3wBCa18amn0qpeRnr4zzco=
15,-24,++aTWR3vncsVsWberN1zuxEnjSY=,405ac3wBCa18amn0qpeRnr4zzco=
13,-18,++aTWR3vncsVsWberN1zuxEnjSY=,405ac3wBCa18amn0qpeRnr4zzco=
15,-20,++aTWR3vncsVsWberN1zuxEnjSY=,405ac3wBCa18amn0qpeRnr4zzco=
15,-17,++aTWR3vncsVsWberN1zuxEnjSY=,405ac3wBCa18amn0qpeRnr4zzco=
11,-22,++aTWR3vncsVsWberN1zuxEnjSY=,405ac3wBCa18amn0qpeRnr4zzco=
11,-24,++aTWR3vncsVsWberN1zuxEnjSY=,405ac3wBCa18amn0qpeRnr4zzco=
11,-17,++aTWR3vncsVsWberN1zuxEnjSY=,405ac3wBCa18amn0qpeRnr4zzco=
12,-18,++aTWR3vncsVsWberN1zuxEnjSY=,405ac3wBCa18amn0qpeRnr4zzco=
15,-21,++aTWR3vncsVsWberN1zuxEnjSY=,405ac3wBCa18amn0qpeRnr4zzco=
9,-17,++aTWR3vncsVsWberN1zuxEnjSY=,405ac3wBCa18amn0qpeRnr4zzco=
10,-22,++aTWR3vncsVsWberN1zuxEnjSY=,405ac3wBCa18amn0qpeRnr4zzco=
11,-18,++aTWR3vncsVsWberN1zuxEnjSY=,405ac3wBCa18amn0qpeRnr4zzco=
13,-19,++aTWR3vncsVsWberN1zuxEnjSY=,405ac3wBCa18amn0qpeRnr4zzco=
14,-21,++aTWR3vncsVsWberN1zuxEnjSY=,405ac3wBCa18amn0qpeRnr4zzco=
14,-20,++aTWR3vncsVsWberN1zuxEnjSY=,405ac3wBCa18amn0qpeRnr4zzco=
15,-18,++aTWR3vncsVsWberN1zuxEnjSY=,405ac3wBCa18amn0qpeRnr4zzco=
13,-20,++aTWR3vncsVsWberN1zuxEnjSY=,405ac3wBCa18amn0qpeRnr4zzco=
10,-18,++aTWR3vncsVsWberN1zuxEnjSY=,405ac3wBCa18amn0qpeRnr4zzco=
9,-22,++aTWR3vncsVsWberN1zuxEnjSY=,405ac3wBCa18amn0qpeRnr4zzco=
13,-21,++aTWR3vncsVsWberN1zuxEnjSY=,405ac3wBCa18amn0qpeRnr4zzco=
14,-18,++aTWR3vncsVsWberN1zuxEnjSY=,405ac3wBCa18amn0qpeRnr4zzco=
10,-24,++aTWR3vncsVsWberN1zuxEnjSY=,405ac3wBCa18amn0qpeRnr4zzco=
12,-19,++aTWR3vncsVsWberN1zuxEnjSY=,405ac3wBCa18amn0qpeRnr4zzco=
11,-19,++aTWR3vncsVsWberN1zuxEnjSY=,405ac3wBCa18amn0qpeRnr4zzco=
9,-18,++aTWR3vncsVsWberN1zuxEnjSY=,405ac3wBCa18amn0qpeRnr4zzco=
9,-21,++aTWR3vncsVsWberN1zuxEnjSY=,405ac3wBCa18amn0qpeRnr4zzco=
12,-21,++aTWR3vncsVsWberN1zuxEnjSY=,405ac3wBCa18amn0qpeRnr4zzco=
15,-19,++aTWR3vncsVsWberN1zuxEnjSY=,405ac3wBCa18amn0qpeRnr4zzco=
10,-19,++aTWR3vncsVsWberN1zuxEnjSY=,405ac3wBCa18amn0qpeRnr4zzco=
9,-24,++aTWR3vncsVsWberN1zuxEnjSY=,405ac3wBCa18amn0qpeRnr4zzco=
15,-22,++aTWR3vncsVsWberN1zuxEnjSY=,405ac3wBCa18amn0qpeRnr4zzco=
14,-22,++aTWR3vncsVsWberN1zuxEnjSY=,405ac3wBCa18amn0qpeRnr4zzco=
13,-22,++aTWR3vncsVsWberN1zuxEnjSY=,405ac3wBCa18amn0qpeRnr4zzco=
12,-22,++aTWR3vncsVsWberN1zuxEnjSY=,405ac3wBCa18amn0qpeRnr4zzco=
14,-19,++aTWR3vncsVsWberN1zuxEnjSY=,405ac3wBCa18amn0qpeRnr4zzco=
11,-23,++aTWR3vncsVsWberN1zuxEnjSY=,405ac3wBCa18amn0qpeRnr4zzco=
12,-20,++aTWR3vncsVsWberN1zuxEnjSY=,405ac3wBCa18amn0qpeRnr4zzco=
11,-20,++aTWR3vncsVsWberN1zuxEnjSY=,405ac3wBCa18amn0qpeRnr4zzco=
15,-23,++aTWR3vncsVsWberN1zuxEnjSY=,405ac3wBCa18amn0qpeRnr4zzco=
10,-20,++aTWR3vncsVsWberN1zuxEnjSY=,405ac3wBCa18amn0qpeRnr4zzco=
11,-21,++aTWR3vncsVsWberN1zuxEnjSY=,405ac3wBCa18amn0qpeRnr4zzco=
14,-23,++aTWR3vncsVsWberN1zuxEnjSY=,405ac3wBCa18amn0qpeRnr4zzco=
10,-17,++aTWR3vncsVsWberN1zuxEnjSY=,405ac3wBCa18amn0qpeRnr4zzco=
10,-23,++aTWR3vncsVsWberN1zuxEnjSY=,405ac3wBCa18amn0qpeRnr4zzco=
9,-23,++aTWR3vncsVsWberN1zuxEnjSY=,405ac3wBCa18amn0qpeRnr4zzco=
9,-20,++aTWR3vncsVsWberN1zuxEnjSY=,405ac3wBCa18amn0qpeRnr4zzco=
9,-19,++aTWR3vncsVsWberN1zuxEnjSY=,405ac3wBCa18amn0qpeRnr4zzco=
13,-23,++aTWR3vncsVsWberN1zuxEnjSY=,405ac3wBCa18amn0qpeRnr4zzco=
14,-24,++aTWR3vncsVsWberN1zuxEnjSY=,405ac3wBCa18amn0qpeRnr4zzco=
13,-24,++aTWR3vncsVsWberN1zuxEnjSY=,405ac3wBCa18amn0qpeRnr4zzco=
12,-24,++aTWR3vncsVsWberN1zuxEnjSY=,405ac3wBCa18amn0qpeRnr4zzco=
12,-23,++aTWR3vncsVsWberN1zuxEnjSY=,405ac3wBCa18amn0qpeRnr4zzco=
10,-21,++aTWR3vncsVsWberN1zuxEnjSY=,405ac3wBCa18amn0qpeRnr4zzco=
13,-17,++aTWR3vncsVsWberN1zuxEnjSY=,405ac3wBCa18amn0qpeRnr4zzco=
14,-17,++aTWR3vncsVsWberN1zuxEnjSY=,405ac3wBCa18amn0qpeRnr4zzco=
3,-17,++aTWR3vncsVsWberN1zuxEnjSY=,sEj8SCnLk4ovMvFrDMmu6GUyqPc=
2,-17,++aTWR3vncsVsWberN1zuxEnjSY=,sEj8SCnLk4ovMvFrDMmu6GUyqPc=
1,-17,++aTWR3vncsVsWberN1zuxEnjSY=,sEj8SCnLk4ovMvFrDMmu6GUyqPc=
7,-18,++aTWR3vncsVsWberN1zuxEnjSY=,sEj8SCnLk4ovMvFrDMmu6GUyqPc=
4,-17,++aTWR3vncsVsWberN1zuxEnjSY=,sEj8SCnLk4ovMvFrDMmu6GUyqPc=
6,-18,++aTWR3vncsVsWberN1zuxEnjSY=,sEj8SCnLk4ovMvFrDMmu6GUyqPc=
5,-17,++aTWR3vncsVsWberN1zuxEnjSY=,sEj8SCnLk4ovMvFrDMmu6GUyqPc=
5,-18,++aTWR3vncsVsWberN1zuxEnjSY=,sEj8SCnLk4ovMvFrDMmu6GUyqPc=
6,-17,++aTWR3vncsVsWberN1zuxEnjSY=,sEj8SCnLk4ovMvFrDMmu6GUyqPc=
4,-18,++aTWR3vncsVsWberN1zuxEnjSY=,sEj8SCnLk4ovMvFrDMmu6GUyqPc=
8,-19,++aTWR3vncsVsWberN1zuxEnjSY=,405ac3wBCa18amn0qpeRnr4zzco=
3,-18,++aTWR3vncsVsWberN1zuxEnjSY=,sEj8SCnLk4ovMvFrDMmu6GUyqPc=
0,-24,++aTWR3vncsVsWberN1zuxEnjSY=,sEj8SCnLk4ovMvFrDMmu6GUyqPc=
2,-18,++aTWR3vncsVsWberN1zuxEnjSY=,sEj8SCnLk4ovMvFrDMmu6GUyqPc=
1,-24,++aTWR3vncsVsWberN1zuxEnjSY=,sEj8SCnLk4ovMvFrDMmu6GUyqPc=
1,-18,++aTWR3vncsVsWberN1zuxEnjSY=,sEj8SCnLk4ovMvFrDMmu6GUyqPc=
8,-20,++aTWR3vncsVsWberN1zuxEnjSY=,405ac3wBCa18amn0qpeRnr4zzco=
2,-24,++aTWR3vncsVsWberN1zuxEnjSY=,sEj8SCnLk4ovMvFrDMmu6GUyqPc=
3,-24,++aTWR3vncsVsWberN1zuxEnjSY=,sEj8SCnLk4ovMvFrDMmu6GUyqPc=
8,-24,++aTWR3vncsVsWberN1zuxEnjSY=,405ac3wBCa18amn0qpeRnr4zzco=
7,-17,++aTWR3vncsVsWberN1zuxEnjSY=,sEj8SCnLk4ovMvFrDMmu6GUyqPc=
4,-24,++aTWR3vncsVsWberN1zuxEnjSY=,sEj8SCnLk4ovMvFrDMmu6GUyqPc=
5,-24,++aTWR3vncsVsWberN1zuxEnjSY=,sEj8SCnLk4ovMvFrDMmu6GUyqPc=
6,-24,++aTWR3vncsVsWberN1zuxEnjSY=,sEj8SCnLk4ovMvFrDMmu6GUyqPc=
7,-24,++aTWR3vncsVsWberN1zuxEnjSY=,sEj8SCnLk4ovMvFrDMmu6GUyqPc=
8,-23,++aTWR3vncsVsWberN1zuxEnjSY=,405ac3wBCa18amn0qpeRnr4zzco=
0,-23,++aTWR3vncsVsWberN1zuxEnjSY=,sEj8SCnLk4ovMvFrDMmu6GUyqPc=
1,-23,++aTWR3vncsVsWberN1zuxEnjSY=,sEj8SCnLk4ovMvFrDMmu6GUyqPc=
2,-23,++aTWR3vncsVsWberN1zuxEnjSY=,sEj8SCnLk4ovMvFrDMmu6GUyqPc=
4,-23,++aTWR3vncsVsWberN1zuxEnjSY=,sEj8SCnLk4ovMvFrDMmu6GUyqPc=
3,-23,++aTWR3vncsVsWberN1zuxEnjSY=,sEj8SCnLk4ovMvFrDMmu6GUyqPc=
5,-23,++aTWR3vncsVsWberN1zuxEnjSY=,sEj8SCnLk4ovMvFrDMmu6GUyqPc=
6,-23,++aTWR3vncsVsWberN1zuxEnjSY=,sEj8SCnLk4ovMvFrDMmu6GUyqPc=
7,-23,++aTWR3vncsVsWberN1zuxEnjSY=,sEj8SCnLk4ovMvFrDMmu6GUyqPc=
0,-22,++aTWR3vncsVsWberN1zuxEnjSY=,sEj8SCnLk4ovMvFrDMmu6GUyqPc=
1,-22,++aTWR3vncsVsWberN1zuxEnjSY=,sEj8SCnLk4ovMvFrDMmu6GUyqPc=
2,-22,++aTWR3vncsVsWberN1zuxEnjSY=,sEj8SCnLk4ovMvFrDMmu6GUyqPc=
3,-22,++aTWR3vncsVsWberN1zuxEnjSY=,sEj8SCnLk4ovMvFrDMmu6GUyqPc=
8,-22,++aTWR3vncsVsWberN1zuxEnjSY=,405ac3wBCa18amn0qpeRnr4zzco=
4,-22,++aTWR3vncsVsWberN1zuxEnjSY=,sEj8SCnLk4ovMvFrDMmu6GUyqPc=
5,-22,++aTWR3vncsVsWberN1zuxEnjSY=,sEj8SCnLk4ovMvFrDMmu6GUyqPc=
6,-22,++aTWR3vncsVsWberN1zuxEnjSY=,sEj8SCnLk4ovMvFrDMmu6GUyqPc=
8,-21,++aTWR3vncsVsWberN1zuxEnjSY=,405ac3wBCa18amn0qpeRnr4zzco=
7,-22,++aTWR3vncsVsWberN1zuxEnjSY=,sEj8SCnLk4ovMvFrDMmu6GUyqPc=
0,-21,++aTWR3vncsVsWberN1zuxEnjSY=,sEj8SCnLk4ovMvFrDMmu6GUyqPc=
1,-21,++aTWR3vncsVsWberN1zuxEnjSY=,sEj8SCnLk4ovMvFrDMmu6GUyqPc=
3,-21,++aTWR3vncsVsWberN1zuxEnjSY=,sEj8SCnLk4ovMvFrDMmu6GUyqPc=
2,-21,++aTWR3vncsVsWberN1zuxEnjSY=,sEj8SCnLk4ovMvFrDMmu6GUyqPc=
8,-18,++aTWR3vncsVsWberN1zuxEnjSY=,405ac3wBCa18amn0qpeRnr4zzco=
4,-21,++aTWR3vncsVsWberN1zuxEnjSY=,sEj8SCnLk4ovMvFrDMmu6GUyqPc=
5,-21,++aTWR3vncsVsWberN1zuxEnjSY=,sEj8SCnLk4ovMvFrDMmu6GUyqPc=
6,-21,++aTWR3vncsVsWberN1zuxEnjSY=,sEj8SCnLk4ovMvFrDMmu6GUyqPc=
7,-21,++aTWR3vncsVsWberN1zuxEnjSY=,sEj8SCnLk4ovMvFrDMmu6GUyqPc=
0,-20,++aTWR3vncsVsWberN1zuxEnjSY=,sEj8SCnLk4ovMvFrDMmu6GUyqPc=
1,-20,++aTWR3vncsVsWberN1zuxEnjSY=,sEj8SCnLk4ovMvFrDMmu6GUyqPc=
2,-20,++aTWR3vncsVsWberN1zuxEnjSY=,sEj8SCnLk4ovMvFrDMmu6GUyqPc=
3,-20,++aTWR3vncsVsWberN1zuxEnjSY=,sEj8SCnLk4ovMvFrDMmu6GUyqPc=
4,-20,++aTWR3vncsVsWberN1zuxEnjSY=,sEj8SCnLk4ovMvFrDMmu6GUyqPc=
5,-20,++aTWR3vncsVsWberN1zuxEnjSY=,sEj8SCnLk4ovMvFrDMmu6GUyqPc=
6,-20,++aTWR3vncsVsWberN1zuxEnjSY=,sEj8SCnLk4ovMvFrDMmu6GUyqPc=
7,-20,++aTWR3vncsVsWberN1zuxEnjSY=,sEj8SCnLk4ovMvFrDMmu6GUyqPc=
0,-19,++aTWR3vncsVsWberN1zuxEnjSY=,sEj8SCnLk4ovMvFrDMmu6GUyqPc=
1,-19,++aTWR3vncsVsWberN1zuxEnjSY=,sEj8SCnLk4ovMvFrDMmu6GUyqPc=
2,-19,++aTWR3vncsVsWberN1zuxEnjSY=,sEj8SCnLk4ovMvFrDMmu6GUyqPc=
3,-19,++aTWR3vncsVsWberN1zuxEnjSY=,sEj8SCnLk4ovMvFrDMmu6GUyqPc=
4,-19,++aTWR3vncsVsWberN1zuxEnjSY=,sEj8SCnLk4ovMvFrDMmu6GUyqPc=
5,-19,++aTWR3vncsVsWberN1zuxEnjSY=,sEj8SCnLk4ovMvFrDMmu6GUyqPc=
8,-17,++aTWR3vncsVsWberN1zuxEnjSY=,405ac3wBCa18amn0qpeRnr4zzco=
6,-19,++aTWR3vncsVsWberN1zuxEnjSY=,sEj8SCnLk4ovMvFrDMmu6GUyqPc=
7,-19,++aTWR3vncsVsWberN1zuxEnjSY=,sEj8SCnLk4ovMvFrDMmu6GUyqPc=
0,-18,++aTWR3vncsVsWberN1zuxEnjSY=,sEj8SCnLk4ovMvFrDMmu6GUyqPc=
0,-17,++aTWR3vncsVsWberN1zuxEnjSY=,sEj8SCnLk4ovMvFrDMmu6GUyqPc=
12,-13,++aTWR3vncsVsWberN1zuxEnjSY=,77PkAcLPE1EXL8FDzTVI1D6gS00=
13,-13,++aTWR3vncsVsWberN1zuxEnjSY=,77PkAcLPE1EXL8FDzTVI1D6gS00=
14,-13,++aTWR3vncsVsWberN1zuxEnjSY=,77PkAcLPE1EXL8FDzTVI1D6gS00=
9,-12,++aTWR3vncsVsWberN1zuxEnjSY=,77PkAcLPE1EXL8FDzTVI1D6gS00=
10,-12,++aTWR3vncsVsWberN1zuxEnjSY=,77PkAcLPE1EXL8FDzTVI1D6gS00=
11,-12,++aTWR3vncsVsWberN1zuxEnjSY=,77PkAcLPE1EXL8FDzTVI1D6gS00=
12,-12,++aTWR3vncsVsWberN1zuxEnjSY=,77PkAcLPE1EXL8FDzTVI1D6gS00=
13,-12,++aTWR3vncsVsWberN1zuxEnjSY=,77PkAcLPE1EXL8FDzTVI1D6gS00=
14,-12,++aTWR3vncsVsWberN1zuxEnjSY=,77PkAcLPE1EXL8FDzTVI1D6gS00=
9,-11,++aTWR3vncsVsWberN1zuxEnjSY=,77PkAcLPE1EXL8FDzTVI1D6gS00=
11,-13,++aTWR3vncsVsWberN1zuxEnjSY=,77PkAcLPE1EXL8FDzTVI1D6gS00=
10,-13,++aTWR3vncsVsWberN1zuxEnjSY=,77PkAcLPE1EXL8FDzTVI1D6gS00=
9,-13,++aTWR3vncsVsWberN1zuxEnjSY=,77PkAcLPE1EXL8FDzTVI1D6gS00=
14,-14,++aTWR3vncsVsWberN1zuxEnjSY=,77PkAcLPE1EXL8FDzTVI1D6gS00=
13,-14,++aTWR3vncsVsWberN1zuxEnjSY=,77PkAcLPE1EXL8FDzTVI1D6gS00=
11,-14,++aTWR3vncsVsWberN1zuxEnjSY=,77PkAcLPE1EXL8FDzTVI1D6gS00=
12,-14,++aTWR3vncsVsWberN1zuxEnjSY=,77PkAcLPE1EXL8FDzTVI1D6gS00=
10,-14,++aTWR3vncsVsWberN1zuxEnjSY=,77PkAcLPE1EXL8FDzTVI1D6gS00=
14,-10,++aTWR3vncsVsWberN1zuxEnjSY=,77PkAcLPE1EXL8FDzTVI1D6gS00=
13,-10,++aTWR3vncsVsWberN1zuxEnjSY=,77PkAcLPE1EXL8FDzTVI1D6gS00=
12,-10,++aTWR3vncsVsWberN1zuxEnjSY=,77PkAcLPE1EXL8FDzTVI1D6gS00=
11,-10,++aTWR3vncsVsWberN1zuxEnjSY=,77PkAcLPE1EXL8FDzTVI1D6gS00=
14,-15,++aTWR3vncsVsWberN1zuxEnjSY=,77PkAcLPE1EXL8FDzTVI1D6gS00=
9,-14,++aTWR3vncsVsWberN1zuxEnjSY=,77PkAcLPE1EXL8FDzTVI1D6gS00=
13,-15,++aTWR3vncsVsWberN1zuxEnjSY=,77PkAcLPE1EXL8FDzTVI1D6gS00=
12,-15,++aTWR3vncsVsWberN1zuxEnjSY=,77PkAcLPE1EXL8FDzTVI1D6gS00=
11,-15,++aTWR3vncsVsWberN1zuxEnjSY=,77PkAcLPE1EXL8FDzTVI1D6gS00=
10,-10,++aTWR3vncsVsWberN1zuxEnjSY=,77PkAcLPE1EXL8FDzTVI1D6gS00=
9,-15,++aTWR3vncsVsWberN1zuxEnjSY=,77PkAcLPE1EXL8FDzTVI1D6gS00=
9,-10,++aTWR3vncsVsWberN1zuxEnjSY=,77PkAcLPE1EXL8FDzTVI1D6gS00=
10,-15,++aTWR3vncsVsWberN1zuxEnjSY=,77PkAcLPE1EXL8FDzTVI1D6gS00=
10,-11,++aTWR3vncsVsWberN1zuxEnjSY=,77PkAcLPE1EXL8FDzTVI1D6gS00=
11,-11,++aTWR3vncsVsWberN1zuxEnjSY=,77PkAcLPE1EXL8FDzTVI1D6gS00=
12,-11,++aTWR3vncsVsWberN1zuxEnjSY=,77PkAcLPE1EXL8FDzTVI1D6gS00=
13,-11,++aTWR3vncsVsWberN1zuxEnjSY=,77PkAcLPE1EXL8FDzTVI1D6gS00=
14,-11,++aTWR3vncsVsWberN1zuxEnjSY=,77PkAcLPE1EXL8FDzTVI1D6gS00=
15,-13,++aTWR3vncsVsWberN1zuxEnjSY=,77PkAcLPE1EXL8FDzTVI1D6gS00=
15,-12,++aTWR3vncsVsWberN1zuxEnjSY=,77PkAcLPE1EXL8FDzTVI1D6gS00=
15,-11,++aTWR3vncsVsWberN1zuxEnjSY=,77PkAcLPE1EXL8FDzTVI1D6gS00=
15,-15,++aTWR3vncsVsWberN1zuxEnjSY=,77PkAcLPE1EXL8FDzTVI1D6gS00=
15,-10,++aTWR3vncsVsWberN1zuxEnjSY=,77PkAcLPE1EXL8FDzTVI1D6gS00=
15,-14,++aTWR3vncsVsWberN1zuxEnjSY=,77PkAcLPE1EXL8FDzTVI1D6gS00=
9,-5,++aTWR3vncsVsWberN1zuxEnjSY=,tx8jlHRf3FwJE/OGX+S+jV//jTA=
10,-5,++aTWR3vncsVsWberN1zuxEnjSY=,tx8jlHRf3FwJE/OGX+S+jV//jTA=
15,-9,++aTWR3vncsVsWberN1zuxEnjSY=,77PkAcLPE1EXL8FDzTVI1D6gS00=
15,-7,++aTWR3vncsVsWberN1zuxEnjSY=,tx8jlHRf3FwJE/OGX+S+jV//jTA=
11,-3,++aTWR3vncsVsWberN1zuxEnjSY=,tx8jlHRf3FwJE/OGX+S+jV//jTA=
14,-9,++aTWR3vncsVsWberN1zuxEnjSY=,77PkAcLPE1EXL8FDzTVI1D6gS00=
13,-4,++aTWR3vncsVsWberN1zuxEnjSY=,tx8jlHRf3FwJE/OGX+S+jV//jTA=
15,-5,++aTWR3vncsVsWberN1zuxEnjSY=,tx8jlHRf3FwJE/OGX+S+jV//jTA=
14,-5,++aTWR3vncsVsWberN1zuxEnjSY=,tx8jlHRf3FwJE/OGX+S+jV//jTA=
13,-5,++aTWR3vncsVsWberN1zuxEnjSY=,tx8jlHRf3FwJE/OGX+S+jV//jTA=
14,-7,++aTWR3vncsVsWberN1zuxEnjSY=,tx8jlHRf3FwJE/OGX+S+jV//jTA=
11,-8,++aTWR3vncsVsWberN1zuxEnjSY=,tx8jlHRf3FwJE/OGX+S+jV//jTA=
10,-3,++aTWR3vncsVsWberN1zuxEnjSY=,tx8jlHRf3FwJE/OGX+S+jV//jTA=
13,-9,++aTWR3vncsVsWberN1zuxEnjSY=,77PkAcLPE1EXL8FDzTVI1D6gS00=
9,-3,++aTWR3vncsVsWberN1zuxEnjSY=,tx8jlHRf3FwJE/OGX+S+jV//jTA=
12,-9,++aTWR3vncsVsWberN1zuxEnjSY=,77PkAcLPE1EXL8FDzTVI1D6gS00=
11,-9,++aTWR3vncsVsWberN1zuxEnjSY=,77PkAcLPE1EXL8FDzTVI1D6gS00=
10,-9,++aTWR3vncsVsWberN1zuxEnjSY=,77PkAcLPE1EXL8FDzTVI1D6gS00=
9,-7,++aTWR3vncsVsWberN1zuxEnjSY=,tx8jlHRf3FwJE/OGX+S+jV//jTA=
9,-9,++aTWR3vncsVsWberN1zuxEnjSY=,77PkAcLPE1EXL8FDzTVI1D6gS00=
12,-5,++aTWR3vncsVsWberN1zuxEnjSY=,tx8jlHRf3FwJE/OGX+S+jV//jTA=
13,-7,++aTWR3vncsVsWberN1zuxEnjSY=,tx8jlHRf3FwJE/OGX+S+jV//jTA=
12,-4,++aTWR3vncsVsWberN1zuxEnjSY=,tx8jlHRf3FwJE/OGX+S+jV//jTA=
15,-8,++aTWR3vncsVsWberN1zuxEnjSY=,tx8jlHRf3FwJE/OGX+S+jV//jTA=
14,-8,++aTWR3vncsVsWberN1zuxEnjSY=,tx8jlHRf3FwJE/OGX+S+jV//jTA=
11,-4,++aTWR3vncsVsWberN1zuxEnjSY=,tx8jlHRf3FwJE/OGX+S+jV//jTA=
12,-7,++aTWR3vncsVsWberN1zuxEnjSY=,tx8jlHRf3FwJE/OGX+S+jV//jTA=
11,-7,++aTWR3vncsVsWberN1zuxEnjSY=,tx8jlHRf3FwJE/OGX+S+jV//jTA=
15,-2,++aTWR3vncsVsWberN1zuxEnjSY=,tx8jlHRf3FwJE/OGX+S+jV//jTA=
14,-2,++aTWR3vncsVsWberN1zuxEnjSY=,tx8jlHRf3FwJE/OGX+S+jV//jTA=
13,-8,++aTWR3vncsVsWberN1zuxEnjSY=,tx8jlHRf3FwJE/OGX+S+jV//jTA=
13,-2,++aTWR3vncsVsWberN1zuxEnjSY=,tx8jlHRf3FwJE/OGX+S+jV//jTA=
12,-2,++aTWR3vncsVsWberN1zuxEnjSY=,tx8jlHRf3FwJE/OGX+S+jV//jTA=
10,-7,++aTWR3vncsVsWberN1zuxEnjSY=,tx8jlHRf3FwJE/OGX+S+jV//jTA=
11,-2,++aTWR3vncsVsWberN1zuxEnjSY=,tx8jlHRf3FwJE/OGX+S+jV//jTA=
10,-2,++aTWR3vncsVsWberN1zuxEnjSY=,tx8jlHRf3FwJE/OGX+S+jV//jTA=
9,-2,++aTWR3vncsVsWberN1zuxEnjSY=,tx8jlHRf3FwJE/OGX+S+jV//jTA=
15,-3,++aTWR3vncsVsWberN1zuxEnjSY=,tx8jlHRf3FwJE/OGX+S+jV//jTA=
12,-8,++aTWR3vncsVsWberN1zuxEnjSY=,tx8jlHRf3FwJE/OGX+S+jV//jTA=
14,-3,++aTWR3vncsVsWberN1zuxEnjSY=,tx8jlHRf3FwJE/OGX+S+jV//jTA=
15,-6,++aTWR3vncsVsWberN1zuxEnjSY=,tx8jlHRf3FwJE/OGX+S+jV//jTA=
10,-8,++aTWR3vncsVsWberN1zuxEnjSY=,tx8jlHRf3FwJE/OGX+S+jV//jTA=
14,-6,++aTWR3vncsVsWberN1zuxEnjSY=,tx8jlHRf3FwJE/OGX+S+jV//jTA=
13,-6,++aTWR3vncsVsWberN1zuxEnjSY=,tx8jlHRf3FwJE/OGX+S+jV//jTA=
12,-6,++aTWR3vncsVsWberN1zuxEnjSY=,tx8jlHRf3FwJE/OGX+S+jV//jTA=
10,-4,++aTWR3vncsVsWberN1zuxEnjSY=,tx8jlHRf3FwJE/OGX+S+jV//jTA=
9,-4,++aTWR3vncsVsWberN1zuxEnjSY=,tx8jlHRf3FwJE/OGX+S+jV//jTA=
11,-5,++aTWR3vncsVsWberN1zuxEnjSY=,tx8jlHRf3FwJE/OGX+S+jV//jTA=
11,-6,++aTWR3vncsVsWberN1zuxEnjSY=,tx8jlHRf3FwJE/OGX+S+jV//jTA=
10,-6,++aTWR3vncsVsWberN1zuxEnjSY=,tx8jlHRf3FwJE/OGX+S+jV//jTA=
9,-6,++aTWR3vncsVsWberN1zuxEnjSY=,tx8jlHRf3FwJE/OGX+S+jV//jTA=
13,-3,++aTWR3vncsVsWberN1zuxEnjSY=,tx8jlHRf3FwJE/OGX+S+jV//jTA=
9,-8,++aTWR3vncsVsWberN1zuxEnjSY=,tx8jlHRf3FwJE/OGX+S+jV//jTA=
15,-4,++aTWR3vncsVsWberN1zuxEnjSY=,tx8jlHRf3FwJE/OGX+S+jV//jTA=
12,-3,++aTWR3vncsVsWberN1zuxEnjSY=,tx8jlHRf3FwJE/OGX+S+jV//jTA=
14,-4,++aTWR3vncsVsWberN1zuxEnjSY=,tx8jlHRf3FwJE/OGX+S+jV//jTA=
9,-1,++aTWR3vncsVsWberN1zuxEnjSY=,tx8jlHRf3FwJE/OGX+S+jV//jTA=
10,-1,++aTWR3vncsVsWberN1zuxEnjSY=,tx8jlHRf3FwJE/OGX+S+jV//jTA=
11,-1,++aTWR3vncsVsWberN1zuxEnjSY=,tx8jlHRf3FwJE/OGX+S+jV//jTA=
12,-1,++aTWR3vncsVsWberN1zuxEnjSY=,tx8jlHRf3FwJE/OGX+S+jV//jTA=
13,-1,++aTWR3vncsVsWberN1zuxEnjSY=,tx8jlHRf3FwJE/OGX+S+jV//jTA=
14,-1,++aTWR3vncsVsWberN1zuxEnjSY=,tx8jlHRf3FwJE/OGX+S+jV//jTA=
9,-16,++aTWR3vncsVsWberN1zuxEnjSY=,77PkAcLPE1EXL8FDzTVI1D6gS00=
14,-16,++aTWR3vncsVsWberN1zuxEnjSY=,77PkAcLPE1EXL8FDzTVI1D6gS00=
13,-16,++aTWR3vncsVsWberN1zuxEnjSY=,77PkAcLPE1EXL8FDzTVI1D6gS00=
12,-16,++aTWR3vncsVsWberN1zuxEnjSY=,77PkAcLPE1EXL8FDzTVI1D6gS00=
11,-16,++aTWR3vncsVsWberN1zuxEnjSY=,77PkAcLPE1EXL8FDzTVI1D6gS00=
10,-16,++aTWR3vncsVsWberN1zuxEnjSY=,77PkAcLPE1EXL8FDzTVI1D6gS00=
15,-16,++aTWR3vncsVsWberN1zuxEnjSY=,77PkAcLPE1EXL8FDzTVI1D6gS00=
15,-1,++aTWR3vncsVsWberN1zuxEnjSY=,tx8jlHRf3FwJE/OGX+S+jV//jTA=
4,-11,++aTWR3vncsVsWberN1zuxEnjSY=,w/EOev5lN3zjjEhYu09yCUzcFTY=
5,-11,++aTWR3vncsVsWberN1zuxEnjSY=,w/EOev5lN3zjjEhYu09yCUzcFTY=
3,-11,++aTWR3vncsVsWberN1zuxEnjSY=,w/EOev5lN3zjjEhYu09yCUzcFTY=
6,-11,++aTWR3vncsVsWberN1zuxEnjSY=,w/EOev5lN3zjjEhYu09yCUzcFTY=
7,-11,++aTWR3vncsVsWberN1zuxEnjSY=,w/EOev5lN3zjjEhYu09yCUzcFTY=
2,-11,++aTWR3vncsVsWberN1zuxEnjSY=,w/EOev5lN3zjjEhYu09yCUzcFTY=
1,-11,++aTWR3vncsVsWberN1zuxEnjSY=,w/EOev5lN3zjjEhYu09yCUzcFTY=
0,-11,++aTWR3vncsVsWberN1zuxEnjSY=,w/EOev5lN3zjjEhYu09yCUzcFTY=
7,-12,++aTWR3vncsVsWberN1zuxEnjSY=,w/EOev5lN3zjjEhYu09yCUzcFTY=
6,-12,++aTWR3vncsVsWberN1zuxEnjSY=,w/EOev5lN3zjjEhYu09yCUzcFTY=
5,-12,++aTWR3vncsVsWberN1zuxEnjSY=,w/EOev5lN3zjjEhYu09yCUzcFTY=
4,-12,++aTWR3vncsVsWberN1zuxEnjSY=,w/EOev5lN3zjjEhYu09yCUzcFTY=
8,-13,++aTWR3vncsVsWberN1zuxEnjSY=,77PkAcLPE1EXL8FDzTVI1D6gS00=
3,-12,++aTWR3vncsVsWberN1zuxEnjSY=,w/EOev5lN3zjjEhYu09yCUzcFTY=
2,-12,++aTWR3vncsVsWberN1zuxEnjSY=,w/EOev5lN3zjjEhYu09yCUzcFTY=
7,-13,++aTWR3vncsVsWberN1zuxEnjSY=,w/EOev5lN3zjjEhYu09yCUzcFTY=
1,-12,++aTWR3vncsVsWberN1zuxEnjSY=,w/EOev5lN3zjjEhYu09yCUzcFTY=
6,-13,++aTWR3vncsVsWberN1zuxEnjSY=,w/EOev5lN3zjjEhYu09yCUzcFTY=
8,-14,++aTWR3vncsVsWberN1zuxEnjSY=,77PkAcLPE1EXL8FDzTVI1D6gS00=
5,-13,++aTWR3vncsVsWberN1zuxEnjSY=,w/EOev5lN3zjjEhYu09yCUzcFTY=
0,-12,++aTWR3vncsVsWberN1zuxEnjSY=,w/EOev5lN3zjjEhYu09yCUzcFTY=
4,-13,++aTWR3vncsVsWberN1zuxEnjSY=,w/EOev5lN3zjjEhYu09yCUzcFTY=
3,-13,++aTWR3vncsVsWberN1zuxEnjSY=,w/EOev5lN3zjjEhYu09yCUzcFTY=
2,-13,++aTWR3vncsVsWberN1zuxEnjSY=,w/EOev5lN3zjjEhYu09yCUzcFTY=
8,-15,++aTWR3vncsVsWberN1zuxEnjSY=,77PkAcLPE1EXL8FDzTVI1D6gS00=
0,-13,++aTWR3vncsVsWberN1zuxEnjSY=,w/EOev5lN3zjjEhYu09yCUzcFTY=
7,-14,++aTWR3vncsVsWberN1zuxEnjSY=,w/EOev5lN3zjjEhYu09yCUzcFTY=
8,-16,++aTWR3vncsVsWberN1zuxEnjSY=,77PkAcLPE1EXL8FDzTVI1D6gS00=
8,-10,++aTWR3vncsVsWberN1zuxEnjSY=,77PkAcLPE1EXL8FDzTVI1D6gS00=
6,-14,++aTWR3vncsVsWberN1zuxEnjSY=,w/EOev5lN3zjjEhYu09yCUzcFTY=
1,-13,++aTWR3vncsVsWberN1zuxEnjSY=,w/EOev5lN3zjjEhYu09yCUzcFTY=
5,-14,++aTWR3vncsVsWberN1zuxEnjSY=,w/EOev5lN3zjjEhYu09yCUzcFTY=
8,-11,++aTWR3vncsVsWberN1zuxEnjSY=,77PkAcLPE1EXL8FDzTVI1D6gS00=
4,-14,++aTWR3vncsVsWberN1zuxEnjSY=,w/EOev5lN3zjjEhYu09yCUzcFTY=
3,-14,++aTWR3vncsVsWberN1zuxEnjSY=,w/EOev5lN3zjjEhYu09yCUzcFTY=
1,-14,++aTWR3vncsVsWberN1zuxEnjSY=,w/EOev5lN3zjjEhYu09yCUzcFTY=
7,-15,++aTWR3vncsVsWberN1zuxEnjSY=,w/EOev5lN3zjjEhYu09yCUzcFTY=
2,-14,++aTWR3vncsVsWberN1zuxEnjSY=,w/EOev5lN3zjjEhYu09yCUzcFTY=
6,-15,++aTWR3vncsVsWberN1zuxEnjSY=,w/EOev5lN3zjjEhYu09yCUzcFTY=
0,-14,++aTWR3vncsVsWberN1zuxEnjSY=,w/EOev5lN3zjjEhYu09yCUzcFTY=
5,-15,++aTWR3vncsVsWberN1zuxEnjSY=,w/EOev5lN3zjjEhYu09yCUzcFTY=
4,-15,++aTWR3vncsVsWberN1zuxEnjSY=,w/EOev5lN3zjjEhYu09yCUzcFTY=
3,-15,++aTWR3vncsVsWberN1zuxEnjSY=,w/EOev5lN3zjjEhYu09yCUzcFTY=
2,-15,++aTWR3vncsVsWberN1zuxEnjSY=,w/EOev5lN3zjjEhYu09yCUzcFTY=
1,-15,++aTWR3vncsVsWberN1zuxEnjSY=,w/EOev5lN3zjjEhYu09yCUzcFTY=
7,-16,++aTWR3vncsVsWberN1zuxEnjSY=,w/EOev5lN3zjjEhYu09yCUzcFTY=
0,-15,++aTWR3vncsVsWberN1zuxEnjSY=,w/EOev5lN3zjjEhYu09yCUzcFTY=
6,-16,++aTWR3vncsVsWberN1zuxEnjSY=,w/EOev5lN3zjjEhYu09yCUzcFTY=
5,-16,++aTWR3vncsVsWberN1zuxEnjSY=,w/EOev5lN3zjjEhYu09yCUzcFTY=
0,-10,++aTWR3vncsVsWberN1zuxEnjSY=,w/EOev5lN3zjjEhYu09yCUzcFTY=
4,-16,++aTWR3vncsVsWberN1zuxEnjSY=,w/EOev5lN3zjjEhYu09yCUzcFTY=
8,-12,++aTWR3vncsVsWberN1zuxEnjSY=,77PkAcLPE1EXL8FDzTVI1D6gS00=
2,-16,++aTWR3vncsVsWberN1zuxEnjSY=,w/EOev5lN3zjjEhYu09yCUzcFTY=
1,-16,++aTWR3vncsVsWberN1zuxEnjSY=,w/EOev5lN3zjjEhYu09yCUzcFTY=
3,-16,++aTWR3vncsVsWberN1zuxEnjSY=,w/EOev5lN3zjjEhYu09yCUzcFTY=
1,-10,++aTWR3vncsVsWberN1zuxEnjSY=,w/EOev5lN3zjjEhYu09yCUzcFTY=
0,-16,++aTWR3vncsVsWberN1zuxEnjSY=,w/EOev5lN3zjjEhYu09yCUzcFTY=
7,-10,++aTWR3vncsVsWberN1zuxEnjSY=,w/EOev5lN3zjjEhYu09yCUzcFTY=
5,-10,++aTWR3vncsVsWberN1zuxEnjSY=,w/EOev5lN3zjjEhYu09yCUzcFTY=
6,-10,++aTWR3vncsVsWberN1zuxEnjSY=,w/EOev5lN3zjjEhYu09yCUzcFTY=
4,-10,++aTWR3vncsVsWberN1zuxEnjSY=,w/EOev5lN3zjjEhYu09yCUzcFTY=
2,-10,++aTWR3vncsVsWberN1zuxEnjSY=,w/EOev5lN3zjjEhYu09yCUzcFTY=
3,-10,++aTWR3vncsVsWberN1zuxEnjSY=,w/EOev5lN3zjjEhYu09yCUzcFTY=
8,-5,++aTWR3vncsVsWberN1zuxEnjSY=,tx8jlHRf3FwJE/OGX+S+jV//jTA=
6,-1,++aTWR3vncsVsWberN1zuxEnjSY=,7xcO7V0Uz6/aNzEYdUSxp9y2IRU=
7,-1,++aTWR3vncsVsWberN1zuxEnjSY=,7xcO7V0Uz6/aNzEYdUSxp9y2IRU=
3,-5,++aTWR3vncsVsWberN1zuxEnjSY=,7xcO7V0Uz6/aNzEYdUSxp9y2IRU=
4,-5,++aTWR3vncsVsWberN1zuxEnjSY=,7xcO7V0Uz6/aNzEYdUSxp9y2IRU=
5,-5,++aTWR3vncsVsWberN1zuxEnjSY=,7xcO7V0Uz6/aNzEYdUSxp9y2IRU=
5,-1,++aTWR3vncsVsWberN1zuxEnjSY=,7xcO7V0Uz6/aNzEYdUSxp9y2IRU=
2,-5,++aTWR3vncsVsWberN1zuxEnjSY=,7xcO7V0Uz6/aNzEYdUSxp9y2IRU=
6,-5,++aTWR3vncsVsWberN1zuxEnjSY=,7xcO7V0Uz6/aNzEYdUSxp9y2IRU=
8,-3,++aTWR3vncsVsWberN1zuxEnjSY=,tx8jlHRf3FwJE/OGX+S+jV//jTA=
1,-5,++aTWR3vncsVsWberN1zuxEnjSY=,7xcO7V0Uz6/aNzEYdUSxp9y2IRU=
4,-1,++aTWR3vncsVsWberN1zuxEnjSY=,7xcO7V0Uz6/aNzEYdUSxp9y2IRU=
8,-8,++aTWR3vncsVsWberN1zuxEnjSY=,tx8jlHRf3FwJE/OGX+S+jV//jTA=
3,-1,++aTWR3vncsVsWberN1zuxEnjSY=,7xcO7V0Uz6/aNzEYdUSxp9y2IRU=
2,-1,++aTWR3vncsVsWberN1zuxEnjSY=,7xcO7V0Uz6/aNzEYdUSxp9y2IRU=
8,-6,++aTWR3vncsVsWberN1zuxEnjSY=,tx8jlHRf3FwJE/OGX+S+jV//jTA=
7,-5,++aTWR3vncsVsWberN1zuxEnjSY=,7xcO7V0Uz6/aNzEYdUSxp9y2IRU=
8,-4,++aTWR3vncsVsWberN1zuxEnjSY=,tx8jlHRf3FwJE/OGX+S+jV//jTA=
0,-1,++aTWR3vncsVsWberN1zuxEnjSY=,7xcO7V0Uz6/aNzEYdUSxp9y2IRU=
1,-1,++aTWR3vncsVsWberN1zuxEnjSY=,7xcO7V0Uz6/aNzEYdUSxp9y2IRU=
7,-2,++aTWR3vncsVsWberN1zuxEnjSY=,7xcO7V0Uz6/aNzEYdUSxp9y2IRU=
0,-9,++aTWR3vncsVsWberN1zuxEnjSY=,w/EOev5lN3zjjEhYu09yCUzcFTY=
8,-9,++aTWR3vncsVsWberN1zuxEnjSY=,77PkAcLPE1EXL8FDzTVI1D6gS00=
0,-5,++aTWR3vncsVsWberN1zuxEnjSY=,7xcO7V0Uz6/aNzEYdUSxp9y2IRU=
6,-6,++aTWR3vncsVsWberN1zuxEnjSY=,7xcO7V0Uz6/aNzEYdUSxp9y2IRU=
7,-6,++aTWR3vncsVsWberN1zuxEnjSY=,7xcO7V0Uz6/aNzEYdUSxp9y2IRU=
5,-6,++aTWR3vncsVsWberN1zuxEnjSY=,7xcO7V0Uz6/aNzEYdUSxp9y2IRU=
6,-2,++aTWR3vncsVsWberN1zuxEnjSY=,7xcO7V0Uz6/aNzEYdUSxp9y2IRU=
1,-9,++aTWR3vncsVsWberN1zuxEnjSY=,w/EOev5lN3zjjEhYu09yCUzcFTY=
5,-2,++aTWR3vncsVsWberN1zuxEnjSY=,7xcO7V0Uz6/aNzEYdUSxp9y2IRU=
4,-2,++aTWR3vncsVsWberN1zuxEnjSY=,7xcO7V0Uz6/aNzEYdUSxp9y2IRU=
3,-2,++aTWR3vncsVsWberN1zuxEnjSY=,7xcO7V0Uz6/aNzEYdUSxp9y2IRU=
2,-9,++aTWR3vncsVsWberN1zuxEnjSY=,w/EOev5lN3zjjEhYu09yCUzcFTY=
4,-6,++aTWR3vncsVsWberN1zuxEnjSY=,7xcO7V0Uz6/aNzEYdUSxp9y2IRU=
2,-2,++aTWR3vncsVsWberN1zuxEnjSY=,7xcO7V0Uz6/aNzEYdUSxp9y2IRU=
0,-4,++aTWR3vncsVsWberN1zuxEnjSY=,7xcO7V0Uz6/aNzEYdUSxp9y2IRU=
8,-7,++aTWR3vncsVsWberN1zuxEnjSY=,tx8jlHRf3FwJE/OGX+S+jV//jTA=
3,-6,++aTWR3vncsVsWberN1zuxEnjSY=,7xcO7V0Uz6/aNzEYdUSxp9y2IRU=
1,-2,++aTWR3vncsVsWberN1zuxEnjSY=,7xcO7V0Uz6/aNzEYdUSxp9y2IRU=
3,-9,++aTWR3vncsVsWberN1zuxEnjSY=,w/EOev5lN3zjjEhYu09yCUzcFTY=
2,-6,++aTWR3vncsVsWberN1zuxEnjSY=,7xcO7V0Uz6/aNzEYdUSxp9y2IRU=
0,-2,++aTWR3vncsVsWberN1zuxEnjSY=,7xcO7V0Uz6/aNzEYdUSxp9y2IRU=
4,-9,++aTWR3vncsVsWberN1zuxEnjSY=,w/EOev5lN3zjjEhYu09yCUzcFTY=
7,-3,++aTWR3vncsVsWberN1zuxEnjSY=,7xcO7V0Uz6/aNzEYdUSxp9y2IRU=
1,-4,++aTWR3vncsVsWberN1zuxEnjSY=,7xcO7V0Uz6/aNzEYdUSxp9y2IRU=
6,-3,++aTWR3vncsVsWberN1zuxEnjSY=,7xcO7V0Uz6/aNzEYdUSxp9y2IRU=
1,-6,++aTWR3vncsVsWberN1zuxEnjSY=,7xcO7V0Uz6/aNzEYdUSxp9y2IRU=
5,-3,++aTWR3vncsVsWberN1zuxEnjSY=,7xcO7V0Uz6/aNzEYdUSxp9y2IRU=
2,-4,++aTWR3vncsVsWberN1zuxEnjSY=,7xcO7V0Uz6/aNzEYdUSxp9y2IRU=
4,-3,++aTWR3vncsVsWberN1zuxEnjSY=,7xcO7V0Uz6/aNzEYdUSxp9y2IRU=
3,-3,++aTWR3vncsVsWberN1zuxEnjSY=,7xcO7V0Uz6/aNzEYdUSxp9y2IRU=
0,-6,++aTWR3vncsVsWberN1zuxEnjSY=,7xcO7V0Uz6/aNzEYdUSxp9y2IRU=
6,-7,++aTWR3vncsVsWberN1zuxEnjSY=,7xcO7V0Uz6/aNzEYdUSxp9y2IRU=
5,-7,++aTWR3vncsVsWberN1zuxEnjSY=,7xcO7V0Uz6/aNzEYdUSxp9y2IRU=
7,-7,++aTWR3vncsVsWberN1zuxEnjSY=,7xcO7V0Uz6/aNzEYdUSxp9y2IRU=
3,-4,++aTWR3vncsVsWberN1zuxEnjSY=,7xcO7V0Uz6/aNzEYdUSxp9y2IRU=
4,-7,++aTWR3vncsVsWberN1zuxEnjSY=,7xcO7V0Uz6/aNzEYdUSxp9y2IRU=
8,-1,++aTWR3vncsVsWberN1zuxEnjSY=,tx8jlHRf3FwJE/OGX+S+jV//jTA=
4,-4,++aTWR3vncsVsWberN1zuxEnjSY=,7xcO7V0Uz6/aNzEYdUSxp9y2IRU=
5,-9,++aTWR3vncsVsWberN1zuxEnjSY=,w/EOev5lN3zjjEhYu09yCUzcFTY=
6,-9,++aTWR3vncsVsWberN1zuxEnjSY=,w/EOev5lN3zjjEhYu09yCUzcFTY=
7,-9,++aTWR3vncsVsWberN1zuxEnjSY=,w/EOev5lN3zjjEhYu09yCUzcFTY=
2,-7,++aTWR3vncsVsWberN1zuxEnjSY=,7xcO7V0Uz6/aNzEYdUSxp9y2IRU=
2,-3,++aTWR3vncsVsWberN1zuxEnjSY=,7xcO7V0Uz6/aNzEYdUSxp9y2IRU=
0,-8,++aTWR3vncsVsWberN1zuxEnjSY=,7xcO7V0Uz6/aNzEYdUSxp9y2IRU=
1,-7,++aTWR3vncsVsWberN1zuxEnjSY=,7xcO7V0Uz6/aNzEYdUSxp9y2IRU=
0,-7,++aTWR3vncsVsWberN1zuxEnjSY=,7xcO7V0Uz6/aNzEYdUSxp9y2IRU=
7,-8,++aTWR3vncsVsWberN1zuxEnjSY=,7xcO7V0Uz6/aNzEYdUSxp9y2IRU=
6,-8,++aTWR3vncsVsWberN1zuxEnjSY=,7xcO7V0Uz6/aNzEYdUSxp9y2IRU=
5,-8,++aTWR3vncsVsWberN1zuxEnjSY=,7xcO7V0Uz6/aNzEYdUSxp9y2IRU=
3,-7,++aTWR3vncsVsWberN1zuxEnjSY=,7xcO7V0Uz6/aNzEYdUSxp9y2IRU=
1,-8,++aTWR3vncsVsWberN1zuxEnjSY=,7xcO7V0Uz6/aNzEYdUSxp9y2IRU=
4,-8,++aTWR3vncsVsWberN1zuxEnjSY=,7xcO7V0Uz6/aNzEYdUSxp9y2IRU=
5,-4,++aTWR3vncsVsWberN1zuxEnjSY=,7xcO7V0Uz6/aNzEYdUSxp9y2IRU=
1,-3,++aTWR3vncsVsWberN1zuxEnjSY=,7xcO7V0Uz6/aNzEYdUSxp9y2IRU=
7,-4,++aTWR3vncsVsWberN1zuxEnjSY=,7xcO7V0Uz6/aNzEYdUSxp9y2IRU=
0,-3,++aTWR3vncsVsWberN1zuxEnjSY=,7xcO7V0Uz6/aNzEYdUSxp9y2IRU=
6,-4,++aTWR3vncsVsWberN1zuxEnjSY=,7xcO7V0Uz6/aNzEYdUSxp9y2IRU=
2,-8,++aTWR3vncsVsWberN1zuxEnjSY=,7xcO7V0Uz6/aNzEYdUSxp9y2IRU=
8,-2,++aTWR3vncsVsWberN1zuxEnjSY=,tx8jlHRf3FwJE/OGX+S+jV//jTA=
3,-8,++aTWR3vncsVsWberN1zuxEnjSY=,7xcO7V0Uz6/aNzEYdUSxp9y2IRU=
