-32,-8,7fsuU+jFMY7WytoMkxiVlUcGY48=,b53rh5MXxO1bQwGR8XIxBRT7xTo=
-29,-1,7fsuU+jFMY7WytoMkxiVlUcGY48=,b53rh5MXxO1bQwGR8XIxBRT7xTo=
-30,-1,7fsuU+jFMY7WytoMkxiVlUcGY48=,b53rh5MXxO1bQwGR8XIxBRT7xTo=
-31,-1,7fsuU+jFMY7WytoMkxiVlUcGY48=,b53rh5MXxO1bQwGR8XIxBRT7xTo=
-32,-1,7fsuU+jFMY7WytoMkxiVlUcGY48=,b53rh5MXxO1bQwGR8XIxBRT7xTo=
-26,-2,7fsuU+jFMY7WytoMkxiVlUcGY48=,b53rh5MXxO1bQwGR8XIxBRT7xTo=
-27,-2,7fsuU+jFMY7WytoMkxiVlUcGY48=,b53rh5MXxO1bQwGR8XIxBRT7xTo=
-29,-2,7fsuU+jFMY7WytoMkxiVlUcGY48=,b53rh5MXxO1bQwGR8XIxBRT7xTo=
-30,-2,7fsuU+jFMY7WytoMkxiVlUcGY48=,b53rh5MXxO1bQwGR8XIxBRT7xTo=
-31,-2,7fsuU+jFMY7WytoMkxiVlUcGY48=,b53rh5MXxO1bQwGR8XIxBRT7xTo=
-26,-3,7fsuU+jFMY7WytoMkxiVlUcGY48=,b53rh5MXxO1bQwGR8XIxBRT7xTo=
-32,-2,7fsuU+jFMY7WytoMkxiVlUcGY48=,b53rh5MXxO1bQwGR8XIxBRT7xTo=
-27,-3,7fsuU+jFMY7WytoMkxiVlUcGY48=,b53rh5MXxO1bQwGR8XIxBRT7xTo=
-26,-1,7fsuU+jFMY7WytoMkxiVlUcGY48=,b53rh5MXxO1bQwGR8XIxBRT7xTo=
-27,-1,7fsuU+jFMY7WytoMkxiVlUcGY48=,b53rh5MXxO1bQwGR8XIxBRT7xTo=
-28,-3,7fsuU+jFMY7WytoMkxiVlUcGY48=,b53rh5MXxO1bQwGR8XIxBRT7xTo=
-29,-3,7fsuU+jFMY7WytoMkxiVlUcGY48=,b53rh5MXxO1bQwGR8XIxBRT7xTo=
-28,-1,7fsuU+jFMY7WytoMkxiVlUcGY48=,b53rh5MXxO1bQwGR8XIxBRT7xTo=
-30,-3,7fsuU+jFMY7WytoMkxiVlUcGY48=,b53rh5MXxO1bQwGR8XIxBRT7xTo=
-31,-3,7fsuU+jFMY7WytoMkxiVlUcGY48=,b53rh5MXxO1bQwGR8XIxBRT7xTo=
-32,-3,7fsuU+jFMY7WytoMkxiVlUcGY48=,b53rh5MXxO1bQwGR8XIxBRT7xTo=
-26,-4,7fsuU+jFMY7WytoMkxiVlUcGY48=,b53rh5MXxO1bQwGR8XIxBRT7xTo=
-27,-4,7fsuU+jFMY7WytoMkxiVlUcGY48=,b53rh5MXxO1bQwGR8XIxBRT7xTo=
-28,-4,7fsuU+jFMY7WytoMkxiVlUcGY48=,b53rh5MXxO1bQwGR8XIxBRT7xTo=
-29,-4,7fsuU+jFMY7WytoMkxiVlUcGY48=,b53rh5MXxO1bQwGR8XIxBRT7xTo=
-30,-4,7fsuU+jFMY7WytoMkxiVlUcGY48=,b53rh5MXxO1bQwGR8XIxBRT7xTo=
-31,-4,7fsuU+jFMY7WytoMkxiVlUcGY48=,b53rh5MXxO1bQwGR8XIxBRT7xTo=
-32,-4,7fsuU+jFMY7WytoMkxiVlUcGY48=,b53rh5MXxO1bQwGR8XIxBRT7xTo=
-26,-5,7fsuU+jFMY7WytoMkxiVlUcGY48=,b53rh5MXxO1bQwGR8XIxBRT7xTo=
-27,-5,7fsuU+jFMY7WytoMkxiVlUcGY48=,b53rh5MXxO1bQwGR8XIxBRT7xTo=
-28,-5,7fsuU+jFMY7WytoMkxiVlUcGY48=,b53rh5MXxO1bQwGR8XIxBRT7xTo=
-29,-5,7fsuU+jFMY7WytoMkxiVlUcGY48=,b53rh5MXxO1bQwGR8XIxBRT7xTo=
-30,-5,7fsuU+jFMY7WytoMkxiVlUcGY48=,b53rh5MXxO1bQwGR8XIxBRT7xTo=
-31,-5,7fsuU+jFMY7WytoMkxiVlUcGY48=,b53rh5MXxO1bQwGR8XIxBRT7xTo=
-32,-5,7fsuU+jFMY7WytoMkxiVlUcGY48=,b53rh5MXxO1bQwGR8XIxBRT7xTo=
-26,-6,7fsuU+jFMY7WytoMkxiVlUcGY48=,b53rh5MXxO1bQwGR8XIxBRT7xTo=
-27,-6,7fsuU+jFMY7WytoMkxiVlUcGY48=,b53rh5MXxO1bQwGR8XIxBRT7xTo=
-29,-6,7fsuU+jFMY7WytoMkxiVlUcGY48=,b53rh5MXxO1bQwGR8XIxBRT7xTo=
-28,-6,7fsuU+jFMY7WytoMkxiVlUcGY48=,b53rh5MXxO1bQwGR8XIxBRT7xTo=
-30,-6,7fsuU+jFMY7WytoMkxiVlUcGY48=,b53rh5MXxO1bQwGR8XIxBRT7xTo=
-31,-6,7fsuU+jFMY7WytoMkxiVlUcGY48=,b53rh5MXxO1bQwGR8XIxBRT7xTo=
-32,-6,7fsuU+jFMY7WytoMkxiVlUcGY48=,b53rh5MXxO1bQwGR8XIxBRT7xTo=
-26,-7,7fsuU+jFMY7WytoMkxiVlUcGY48=,b53rh5MXxO1bQwGR8XIxBRT7xTo=
-27,-7,7fsuU+jFMY7WytoMkxiVlUcGY48=,b53rh5MXxO1bQwGR8XIxBRT7xTo=
-28,-7,7fsuU+jFMY7WytoMkxiVlUcGY48=,b53rh5MXxO1bQwGR8XIxBRT7xTo=
-29,-7,7fsuU+jFMY7WytoMkxiVlUcGY48=,b53rh5MXxO1bQwGR8XIxBRT7xTo=
-30,-7,7fsuU+jFMY7WytoMkxiVlUcGY48=,b53rh5MXxO1bQwGR8XIxBRT7xTo=
-31,-7,7fsuU+jFMY7WytoMkxiVlUcGY48=,b53rh5MXxO1bQwGR8XIxBRT7xTo=
-32,-7,7fsuU+jFMY7WytoMkxiVlUcGY48=,b53rh5MXxO1bQwGR8XIxBRT7xTo=
-26,-8,7fsuU+jFMY7WytoMkxiVlUcGY48=,b53rh5MXxO1bQwGR8XIxBRT7xTo=
-27,-8,7fsuU+jFMY7WytoMkxiVlUcGY48=,b53rh5MXxO1bQwGR8XIxBRT7xTo=
-28,-8,7fsuU+jFMY7WytoMkxiVlUcGY48=,b53rh5MXxO1bQwGR8XIxBRT7xTo=
-29,-8,7fsuU+jFMY7WytoMkxiVlUcGY48=,b53rh5MXxO1bQwGR8XIxBRT7xTo=
-30,-8,7fsuU+jFMY7WytoMkxiVlUcGY48=,b53rh5MXxO1bQwGR8XIxBRT7xTo=
-31,-8,7fsuU+jFMY7WytoMkxiVlUcGY48=,b53rh5MXxO1bQwGR8XIxBRT7xTo=
-20,-5,7fsuU+jFMY7WytoMkxiVlUcGY48=,EqXxYekwbuvB7xrU5n7i1xkEsUs=
-22,-7,7fsuU+jFMY7WytoMkxiVlUcGY48=,EqXxYekwbuvB7xrU5n7i1xkEsUs=
-21,-7,7fsuU+jFMY7WytoMkxiVlUcGY48=,EqXxYekwbuvB7xrU5n7i1xkEsUs=
-20,-7,7fsuU+jFMY7WytoMkxiVlUcGY48=,EqXxYekwbuvB7xrU5n7i1xkEsUs=
-24,-8,7fsuU+jFMY7WytoMkxiVlUcGY48=,EqXxYekwbuvB7xrU5n7i1xkEsUs=
-18,-6,7fsuU+jFMY7WytoMkxiVlUcGY48=,EqXxYekwbuvB7xrU5n7i1xkEsUs=
-25,-8,7fsuU+jFMY7WytoMkxiVlUcGY48=,b53rh5MXxO1bQwGR8XIxBRT7xTo=
-20,-8,7fsuU+jFMY7WytoMkxiVlUcGY48=,EqXxYekwbuvB7xrU5n7i1xkEsUs=
-25,-7,7fsuU+jFMY7WytoMkxiVlUcGY48=,b53rh5MXxO1bQwGR8XIxBRT7xTo=
-19,-5,7fsuU+jFMY7WytoMkxiVlUcGY48=,EqXxYekwbuvB7xrU5n7i1xkEsUs=
-25,-6,7fsuU+jFMY7WytoMkxiVlUcGY48=,b53rh5MXxO1bQwGR8XIxBRT7xTo=
-18,-5,7fsuU+jFMY7WytoMkxiVlUcGY48=,EqXxYekwbuvB7xrU5n7i1xkEsUs=
-17,-5,7fsuU+jFMY7WytoMkxiVlUcGY48=,EqXxYekwbuvB7xrU5n7i1xkEsUs=
-25,-5,7fsuU+jFMY7WytoMkxiVlUcGY48=,b53rh5MXxO1bQwGR8XIxBRT7xTo=
-19,-8,7fsuU+jFMY7WytoMkxiVlUcGY48=,EqXxYekwbuvB7xrU5n7i1xkEsUs=
-21,-8,7fsuU+jFMY7WytoMkxiVlUcGY48=,EqXxYekwbuvB7xrU5n7i1xkEsUs=
-19,-6,7fsuU+jFMY7WytoMkxiVlUcGY48=,EqXxYekwbuvB7xrU5n7i1xkEsUs=
-20,-6,7fsuU+jFMY7WytoMkxiVlUcGY48=,EqXxYekwbuvB7xrU5n7i1xkEsUs=
-21,-6,7fsuU+jFMY7WytoMkxiVlUcGY48=,EqXxYekwbuvB7xrU5n7i1xkEsUs=
-17,-1,7fsuU+jFMY7WytoMkxiVlUcGY48=,EqXxYekwbuvB7xrU5n7i1xkEsUs=
-17,-7,7fsuU+jFMY7WytoMkxiVlUcGY48=,EqXxYekwbuvB7xrU5n7i1xkEsUs=
-22,-6,7fsuU+jFMY7WytoMkxiVlUcGY48=,EqXxYekwbuvB7xrU5n7i1xkEsUs=
-18,-1,7fsuU+jFMY7WytoMkxiVlUcGY48=,EqXxYekwbuvB7xrU5n7i1xkEsUs=
-23,-6,7fsuU+jFMY7WytoMkxiVlUcGY48=,EqXxYekwbuvB7xrU5n7i1xkEsUs=
-23,-7,7fsuU+jFMY7WytoMkxiVlUcGY48=,EqXxYekwbuvB7xrU5n7i1xkEsUs=
-24,-6,7fsuU+jFMY7WytoMkxiVlUcGY48=,EqXxYekwbuvB7xrU5n7i1xkEsUs=
-22,-8,7fsuU+jFMY7WytoMkxiVlUcGY48=,EqXxYekwbuvB7xrU5n7i1xkEsUs=
-21,-5,7fsuU+jFMY7WytoMkxiVlUcGY48=,EqXxYekwbuvB7xrU5n7i1xkEsUs=
-23,-8,7fsuU+jFMY7WytoMkxiVlUcGY48=,EqXxYekwbuvB7xrU5n7i1xkEsUs=
-22,-5,7fsuU+jFMY7WytoMkxiVlUcGY48=,EqXxYekwbuvB7xrU5n7i1xkEsUs=
-19,-1,7fsuU+jFMY7WytoMkxiVlUcGY48=,EqXxYekwbuvB7xrU5n7i1xkEsUs=
-20,-1,7fsuU+jFMY7WytoMkxiVlUcGY48=,EqXxYekwbuvB7xrU5n7i1xkEsUs=
-21,-1,7fsuU+jFMY7WytoMkxiVlUcGY48=,EqXxYekwbuvB7xrU5n7i1xkEsUs=
-18,-7,7fsuU+jFMY7WytoMkxiVlUcGY48=,EqXxYekwbuvB7xrU5n7i1xkEsUs=
-22,-1,7fsuU+jFMY7WytoMkxiVlUcGY48=,EqXxYekwbuvB7xrU5n7i1xkEsUs=
-23,-1,7fsuU+jFMY7WytoMkxiVlUcGY48=,EqXxYekwbuvB7xrU5n7i1xkEsUs=
-24,-1,7fsuU+jFMY7WytoMkxiVlUcGY48=,EqXxYekwbuvB7xrU5n7i1xkEsUs=
-25,-2,7fsuU+jFMY7WytoMkxiVlUcGY48=,b53rh5MXxO1bQwGR8XIxBRT7xTo=
-17,-2,7fsuU+jFMY7WytoMkxiVlUcGY48=,EqXxYekwbuvB7xrU5n7i1xkEsUs=
-18,-2,7fsuU+jFMY7WytoMkxiVlUcGY48=,EqXxYekwbuvB7xrU5n7i1xkEsUs=
-24,-7,7fsuU+jFMY7WytoMkxiVlUcGY48=,EqXxYekwbuvB7xrU5n7i1xkEsUs=
-23,-5,7fsuU+jFMY7WytoMkxiVlUcGY48=,EqXxYekwbuvB7xrU5n7i1xkEsUs=
-19,-2,7fsuU+jFMY7WytoMkxiVlUcGY48=,EqXxYekwbuvB7xrU5n7i1xkEsUs=
-20,-2,7fsuU+jFMY7WytoMkxiVlUcGY48=,EqXxYekwbuvB7xrU5n7i1xkEsUs=
-21,-2,7fsuU+jFMY7WytoMkxiVlUcGY48=,EqXxYekwbuvB7xrU5n7i1xkEsUs=
-22,-2,7fsuU+jFMY7WytoMkxiVlUcGY48=,EqXxYekwbuvB7xrU5n7i1xkEsUs=
-23,-2,7fsuU+jFMY7WytoMkxiVlUcGY48=,EqXxYekwbuvB7xrU5n7i1xkEsUs=
-24,-2,7fsuU+jFMY7WytoMkxiVlUcGY48=,EqXxYekwbuvB7xrU5n7i1xkEsUs=
-17,-3,7fsuU+jFMY7WytoMkxiVlUcGY48=,EqXxYekwbuvB7xrU5n7i1xkEsUs=
-18,-3,7fsuU+jFMY7WytoMkxiVlUcGY48=,EqXxYekwbuvB7xrU5n7i1xkEsUs=
-17,-8,7fsuU+jFMY7WytoMkxiVlUcGY48=,EqXxYekwbuvB7xrU5n7i1xkEsUs=
-25,-4,7fsuU+jFMY7WytoMkxiVlUcGY48=,b53rh5MXxO1bQwGR8XIxBRT7xTo=
-19,-7,7fsuU+jFMY7WytoMkxiVlUcGY48=,EqXxYekwbuvB7xrU5n7i1xkEsUs=
-24,-5,7fsuU+jFMY7WytoMkxiVlUcGY48=,EqXxYekwbuvB7xrU5n7i1xkEsUs=
-19,-3,7fsuU+jFMY7WytoMkxiVlUcGY48=,EqXxYekwbuvB7xrU5n7i1xkEsUs=
-25,-3,7fsuU+jFMY7WytoMkxiVlUcGY48=,b53rh5MXxO1bQwGR8XIxBRT7xTo=
-20,-3,7fsuU+jFMY7WytoMkxiVlUcGY48=,EqXxYekwbuvB7xrU5n7i1xkEsUs=
-21,-3,7fsuU+jFMY7WytoMkxiVlUcGY48=,EqXxYekwbuvB7xrU5n7i1xkEsUs=
-22,-3,7fsuU+jFMY7WytoMkxiVlUcGY48=,EqXxYekwbuvB7xrU5n7i1xkEsUs=
-23,-3,7fsuU+jFMY7WytoMkxiVlUcGY48=,EqXxYekwbuvB7xrU5n7i1xkEsUs=
-24,-3,7fsuU+jFMY7WytoMkxiVlUcGY48=,EqXxYekwbuvB7xrU5n7i1xkEsUs=
-25,-1,7fsuU+jFMY7WytoMkxiVlUcGY48=,b53rh5MXxO1bQwGR8XIxBRT7xTo=
-17,-4,7fsuU+jFMY7WytoMkxiVlUcGY48=,EqXxYekwbuvB7xrU5n7i1xkEsUs=
-18,-4,7fsuU+jFMY7WytoMkxiVlUcGY48=,EqXxYekwbuvB7xrU5n7i1xkEsUs=
-18,-8,7fsuU+jFMY7WytoMkxiVlUcGY48=,EqXxYekwbuvB7xrU5n7i1xkEsUs=
-17,-6,7fsuU+jFMY7WytoMkxiVlUcGY48=,EqXxYekwbuvB7xrU5n7i1xkEsUs=
-19,-4,7fsuU+jFMY7WytoMkxiVlUcGY48=,EqXxYekwbuvB7xrU5n7i1xkEsUs=
-20,-4,7fsuU+jFMY7WytoMkxiVlUcGY48=,EqXxYekwbuvB7xrU5n7i1xkEsUs=
-21,-4,7fsuU+jFMY7WytoMkxiVlUcGY48=,EqXxYekwbuvB7xrU5n7i1xkEsUs=
-22,-4,7fsuU+jFMY7WytoMkxiVlUcGY48=,EqXxYekwbuvB7xrU5n7i1xkEsUs=
-23,-4,7fsuU+jFMY7WytoMkxiVlUcGY48=,EqXxYekwbuvB7xrU5n7i1xkEsUs=
-24,-4,7fsuU+jFMY7WytoMkxiVlUcGY48=,EqXxYekwbuvB7xrU5n7i1xkEsUs=
-28,-2,7fsuU+jFMY7WytoMkxiVlUcGY48=,b53rh5MXxO1bQwGR8XIxBRT7xTo=
-12,-5,OhvJAEgNkEE+d8A48mrZp3RWtR0=,XYMbjORmfrsWAFr7OpvaxyHKxQQ=
-11,-5,OhvJAEgNkEE+d8A48mrZp3RWtR0=,XYMbjORmfrsWAFr7OpvaxyHKxQQ=
-13,-5,OhvJAEgNkEE+d8A48mrZp3RWtR0=,XYMbjORmfrsWAFr7OpvaxyHKxQQ=
-14,-5,OhvJAEgNkEE+d8A48mrZp3RWtR0=,XYMbjORmfrsWAFr7OpvaxyHKxQQ=
-15,-5,OhvJAEgNkEE+d8A48mrZp3RWtR0=,XYMbjORmfrsWAFr7OpvaxyHKxQQ=
-11,-6,OhvJAEgNkEE+d8A48mrZp3RWtR0=,XYMbjORmfrsWAFr7OpvaxyHKxQQ=
-12,-6,OhvJAEgNkEE+d8A48mrZp3RWtR0=,XYMbjORmfrsWAFr7OpvaxyHKxQQ=
-13,-6,OhvJAEgNkEE+d8A48mrZp3RWtR0=,XYMbjORmfrsWAFr7OpvaxyHKxQQ=
-14,-6,OhvJAEgNkEE+d8A48mrZp3RWtR0=,XYMbjORmfrsWAFr7OpvaxyHKxQQ=
-15,-6,OhvJAEgNkEE+d8A48mrZp3RWtR0=,XYMbjORmfrsWAFr7OpvaxyHKxQQ=
-10,-6,OhvJAEgNkEE+d8A48mrZp3RWtR0=,XYMbjORmfrsWAFr7OpvaxyHKxQQ=
-10,-2,OhvJAEgNkEE+d8A48mrZp3RWtR0=,XYMbjORmfrsWAFr7OpvaxyHKxQQ=
-11,-2,OhvJAEgNkEE+d8A48mrZp3RWtR0=,XYMbjORmfrsWAFr7OpvaxyHKxQQ=
-12,-2,OhvJAEgNkEE+d8A48mrZp3RWtR0=,XYMbjORmfrsWAFr7OpvaxyHKxQQ=
-13,-2,OhvJAEgNkEE+d8A48mrZp3RWtR0=,XYMbjORmfrsWAFr7OpvaxyHKxQQ=
-14,-2,OhvJAEgNkEE+d8A48mrZp3RWtR0=,XYMbjORmfrsWAFr7OpvaxyHKxQQ=
-15,-2,OhvJAEgNkEE+d8A48mrZp3RWtR0=,XYMbjORmfrsWAFr7OpvaxyHKxQQ=
-10,-3,OhvJAEgNkEE+d8A48mrZp3RWtR0=,XYMbjORmfrsWAFr7OpvaxyHKxQQ=
-11,-3,OhvJAEgNkEE+d8A48mrZp3RWtR0=,XYMbjORmfrsWAFr7OpvaxyHKxQQ=
-12,-3,OhvJAEgNkEE+d8A48mrZp3RWtR0=,XYMbjORmfrsWAFr7OpvaxyHKxQQ=
-11,-7,OhvJAEgNkEE+d8A48mrZp3RWtR0=,XYMbjORmfrsWAFr7OpvaxyHKxQQ=
-13,-3,OhvJAEgNkEE+d8A48mrZp3RWtR0=,XYMbjORmfrsWAFr7OpvaxyHKxQQ=
-12,-7,OhvJAEgNkEE+d8A48mrZp3RWtR0=,XYMbjORmfrsWAFr7OpvaxyHKxQQ=
-13,-7,OhvJAEgNkEE+d8A48mrZp3RWtR0=,XYMbjORmfrsWAFr7OpvaxyHKxQQ=
-10,-7,OhvJAEgNkEE+d8A48mrZp3RWtR0=,XYMbjORmfrsWAFr7OpvaxyHKxQQ=
-14,-7,OhvJAEgNkEE+d8A48mrZp3RWtR0=,XYMbjORmfrsWAFr7OpvaxyHKxQQ=
-14,-3,OhvJAEgNkEE+d8A48mrZp3RWtR0=,XYMbjORmfrsWAFr7OpvaxyHKxQQ=
-15,-7,OhvJAEgNkEE+d8A48mrZp3RWtR0=,XYMbjORmfrsWAFr7OpvaxyHKxQQ=
-15,-3,OhvJAEgNkEE+d8A48mrZp3RWtR0=,XYMbjORmfrsWAFr7OpvaxyHKxQQ=
-10,-4,OhvJAEgNkEE+d8A48mrZp3RWtR0=,XYMbjORmfrsWAFr7OpvaxyHKxQQ=
-11,-4,OhvJAEgNkEE+d8A48mrZp3RWtR0=,XYMbjORmfrsWAFr7OpvaxyHKxQQ=
-12,-4,OhvJAEgNkEE+d8A48mrZp3RWtR0=,XYMbjORmfrsWAFr7OpvaxyHKxQQ=
-13,-4,OhvJAEgNkEE+d8A48mrZp3RWtR0=,XYMbjORmfrsWAFr7OpvaxyHKxQQ=
-14,-4,OhvJAEgNkEE+d8A48mrZp3RWtR0=,XYMbjORmfrsWAFr7OpvaxyHKxQQ=
-15,-4,OhvJAEgNkEE+d8A48mrZp3RWtR0=,XYMbjORmfrsWAFr7OpvaxyHKxQQ=
-10,-5,OhvJAEgNkEE+d8A48mrZp3RWtR0=,XYMbjORmfrsWAFr7OpvaxyHKxQQ=
-15,-1,OhvJAEgNkEE+d8A48mrZp3RWtR0=,XYMbjORmfrsWAFr7OpvaxyHKxQQ=
-14,-1,OhvJAEgNkEE+d8A48mrZp3RWtR0=,XYMbjORmfrsWAFr7OpvaxyHKxQQ=
-13,-1,OhvJAEgNkEE+d8A48mrZp3RWtR0=,XYMbjORmfrsWAFr7OpvaxyHKxQQ=
-12,-1,OhvJAEgNkEE+d8A48mrZp3RWtR0=,XYMbjORmfrsWAFr7OpvaxyHKxQQ=
-11,-1,OhvJAEgNkEE+d8A48mrZp3RWtR0=,XYMbjORmfrsWAFr7OpvaxyHKxQQ=
-10,-1,OhvJAEgNkEE+d8A48mrZp3RWtR0=,XYMbjORmfrsWAFr7OpvaxyHKxQQ=
-12,-11,OhvJAEgNkEE+d8A48mrZp3RWtR0=,d/pxrjPbUNLh1mb3iYqpT92uOCo=
-11,-11,OhvJAEgNkEE+d8A48mrZp3RWtR0=,d/pxrjPbUNLh1mb3iYqpT92uOCo=
-13,-11,OhvJAEgNkEE+d8A48mrZp3RWtR0=,d/pxrjPbUNLh1mb3iYqpT92uOCo=
-14,-11,OhvJAEgNkEE+d8A48mrZp3RWtR0=,d/pxrjPbUNLh1mb3iYqpT92uOCo=
-15,-11,OhvJAEgNkEE+d8A48mrZp3RWtR0=,d/pxrjPbUNLh1mb3iYqpT92uOCo=
-11,-12,OhvJAEgNkEE+d8A48mrZp3RWtR0=,d/pxrjPbUNLh1mb3iYqpT92uOCo=
-10,-12,OhvJAEgNkEE+d8A48mrZp3RWtR0=,d/pxrjPbUNLh1mb3iYqpT92uOCo=
-12,-12,OhvJAEgNkEE+d8A48mrZp3RWtR0=,d/pxrjPbUNLh1mb3iYqpT92uOCo=
-13,-12,OhvJAEgNkEE+d8A48mrZp3RWtR0=,d/pxrjPbUNLh1mb3iYqpT92uOCo=
-14,-12,OhvJAEgNkEE+d8A48mrZp3RWtR0=,d/pxrjPbUNLh1mb3iYqpT92uOCo=
-15,-12,OhvJAEgNkEE+d8A48mrZp3RWtR0=,d/pxrjPbUNLh1mb3iYqpT92uOCo=
-11,-13,OhvJAEgNkEE+d8A48mrZp3RWtR0=,d/pxrjPbUNLh1mb3iYqpT92uOCo=
-10,-13,OhvJAEgNkEE+d8A48mrZp3RWtR0=,d/pxrjPbUNLh1mb3iYqpT92uOCo=
-12,-13,OhvJAEgNkEE+d8A48mrZp3RWtR0=,d/pxrjPbUNLh1mb3iYqpT92uOCo=
-13,-13,OhvJAEgNkEE+d8A48mrZp3RWtR0=,d/pxrjPbUNLh1mb3iYqpT92uOCo=
-14,-13,OhvJAEgNkEE+d8A48mrZp3RWtR0=,d/pxrjPbUNLh1mb3iYqpT92uOCo=
-15,-13,OhvJAEgNkEE+d8A48mrZp3RWtR0=,d/pxrjPbUNLh1mb3iYqpT92uOCo=
-10,-14,OhvJAEgNkEE+d8A48mrZp3RWtR0=,d/pxrjPbUNLh1mb3iYqpT92uOCo=
-11,-14,OhvJAEgNkEE+d8A48mrZp3RWtR0=,d/pxrjPbUNLh1mb3iYqpT92uOCo=
-12,-14,OhvJAEgNkEE+d8A48mrZp3RWtR0=,d/pxrjPbUNLh1mb3iYqpT92uOCo=
-13,-14,OhvJAEgNkEE+d8A48mrZp3RWtR0=,d/pxrjPbUNLh1mb3iYqpT92uOCo=
-14,-14,OhvJAEgNkEE+d8A48mrZp3RWtR0=,d/pxrjPbUNLh1mb3iYqpT92uOCo=
-16,-10,OhvJAEgNkEE+d8A48mrZp3RWtR0=,d/pxrjPbUNLh1mb3iYqpT92uOCo=
-16,-15,OhvJAEgNkEE+d8A48mrZp3RWtR0=,d/pxrjPbUNLh1mb3iYqpT92uOCo=
-16,-14,OhvJAEgNkEE+d8A48mrZp3RWtR0=,d/pxrjPbUNLh1mb3iYqpT92uOCo=
-16,-13,OhvJAEgNkEE+d8A48mrZp3RWtR0=,d/pxrjPbUNLh1mb3iYqpT92uOCo=
-16,-12,OhvJAEgNkEE+d8A48mrZp3RWtR0=,d/pxrjPbUNLh1mb3iYqpT92uOCo=
-16,-11,OhvJAEgNkEE+d8A48mrZp3RWtR0=,d/pxrjPbUNLh1mb3iYqpT92uOCo=
-15,-14,OhvJAEgNkEE+d8A48mrZp3RWtR0=,d/pxrjPbUNLh1mb3iYqpT92uOCo=
-11,-15,OhvJAEgNkEE+d8A48mrZp3RWtR0=,d/pxrjPbUNLh1mb3iYqpT92uOCo=
-12,-15,OhvJAEgNkEE+d8A48mrZp3RWtR0=,d/pxrjPbUNLh1mb3iYqpT92uOCo=
-10,-15,OhvJAEgNkEE+d8A48mrZp3RWtR0=,d/pxrjPbUNLh1mb3iYqpT92uOCo=
-13,-15,OhvJAEgNkEE+d8A48mrZp3RWtR0=,d/pxrjPbUNLh1mb3iYqpT92uOCo=
-14,-15,OhvJAEgNkEE+d8A48mrZp3RWtR0=,d/pxrjPbUNLh1mb3iYqpT92uOCo=
-15,-15,OhvJAEgNkEE+d8A48mrZp3RWtR0=,d/pxrjPbUNLh1mb3iYqpT92uOCo=
-10,-8,OhvJAEgNkEE+d8A48mrZp3RWtR0=,XYMbjORmfrsWAFr7OpvaxyHKxQQ=
-11,-8,OhvJAEgNkEE+d8A48mrZp3RWtR0=,XYMbjORmfrsWAFr7OpvaxyHKxQQ=
-12,-8,OhvJAEgNkEE+d8A48mrZp3RWtR0=,XYMbjORmfrsWAFr7OpvaxyHKxQQ=
-13,-8,OhvJAEgNkEE+d8A48mrZp3RWtR0=,XYMbjORmfrsWAFr7OpvaxyHKxQQ=
-14,-8,OhvJAEgNkEE+d8A48mrZp3RWtR0=,XYMbjORmfrsWAFr7OpvaxyHKxQQ=
-15,-8,OhvJAEgNkEE+d8A48mrZp3RWtR0=,XYMbjORmfrsWAFr7OpvaxyHKxQQ=
-10,-9,OhvJAEgNkEE+d8A48mrZp3RWtR0=,d/pxrjPbUNLh1mb3iYqpT92uOCo=
-12,-9,OhvJAEgNkEE+d8A48mrZp3RWtR0=,d/pxrjPbUNLh1mb3iYqpT92uOCo=
-13,-9,OhvJAEgNkEE+d8A48mrZp3RWtR0=,d/pxrjPbUNLh1mb3iYqpT92uOCo=
-14,-9,OhvJAEgNkEE+d8A48mrZp3RWtR0=,d/pxrjPbUNLh1mb3iYqpT92uOCo=
-15,-9,OhvJAEgNkEE+d8A48mrZp3RWtR0=,d/pxrjPbUNLh1mb3iYqpT92uOCo=
-10,-10,OhvJAEgNkEE+d8A48mrZp3RWtR0=,d/pxrjPbUNLh1mb3iYqpT92uOCo=
-11,-10,OhvJAEgNkEE+d8A48mrZp3RWtR0=,d/pxrjPbUNLh1mb3iYqpT92uOCo=
-11,-9,OhvJAEgNkEE+d8A48mrZp3RWtR0=,d/pxrjPbUNLh1mb3iYqpT92uOCo=
-12,-10,OhvJAEgNkEE+d8A48mrZp3RWtR0=,d/pxrjPbUNLh1mb3iYqpT92uOCo=
-13,-10,OhvJAEgNkEE+d8A48mrZp3RWtR0=,d/pxrjPbUNLh1mb3iYqpT92uOCo=
-14,-10,OhvJAEgNkEE+d8A48mrZp3RWtR0=,d/pxrjPbUNLh1mb3iYqpT92uOCo=
-15,-10,OhvJAEgNkEE+d8A48mrZp3RWtR0=,d/pxrjPbUNLh1mb3iYqpT92uOCo=
-15,-16,OhvJAEgNkEE+d8A48mrZp3RWtR0=,d/pxrjPbUNLh1mb3iYqpT92uOCo=
-14,-16,OhvJAEgNkEE+d8A48mrZp3RWtR0=,d/pxrjPbUNLh1mb3iYqpT92uOCo=
-13,-16,OhvJAEgNkEE+d8A48mrZp3RWtR0=,d/pxrjPbUNLh1mb3iYqpT92uOCo=
-12,-16,OhvJAEgNkEE+d8A48mrZp3RWtR0=,d/pxrjPbUNLh1mb3iYqpT92uOCo=
-11,-16,OhvJAEgNkEE+d8A48mrZp3RWtR0=,d/pxrjPbUNLh1mb3iYqpT92uOCo=
-16,-16,OhvJAEgNkEE+d8A48mrZp3RWtR0=,d/pxrjPbUNLh1mb3iYqpT92uOCo=
-10,-16,OhvJAEgNkEE+d8A48mrZp3RWtR0=,d/pxrjPbUNLh1mb3iYqpT92uOCo=
-16,-9,OhvJAEgNkEE+d8A48mrZp3RWtR0=,d/pxrjPbUNLh1mb3iYqpT92uOCo=
-16,-4,OhvJAEgNkEE+d8A48mrZp3RWtR0=,XYMbjORmfrsWAFr7OpvaxyHKxQQ=
-16,-8,OhvJAEgNkEE+d8A48mrZp3RWtR0=,XYMbjORmfrsWAFr7OpvaxyHKxQQ=
-16,-7,OhvJAEgNkEE+d8A48mrZp3RWtR0=,XYMbjORmfrsWAFr7OpvaxyHKxQQ=
-16,-3,OhvJAEgNkEE+d8A48mrZp3RWtR0=,XYMbjORmfrsWAFr7OpvaxyHKxQQ=
-16,-2,OhvJAEgNkEE+d8A48mrZp3RWtR0=,XYMbjORmfrsWAFr7OpvaxyHKxQQ=
-16,-6,OhvJAEgNkEE+d8A48mrZp3RWtR0=,XYMbjORmfrsWAFr7OpvaxyHKxQQ=
-16,-5,OhvJAEgNkEE+d8A48mrZp3RWtR0=,XYMbjORmfrsWAFr7OpvaxyHKxQQ=
-16,-1,OhvJAEgNkEE+d8A48mrZp3RWtR0=,XYMbjORmfrsWAFr7OpvaxyHKxQQ=
-10,-11,OhvJAEgNkEE+d8A48mrZp3RWtR0=,d/pxrjPbUNLh1mb3iYqpT92uOCo=
-9,-11,fmk5ALd77NjKlnA5fWo3tNxA2rc=,d/pxrjPbUNLh1mb3iYqpT92uOCo=
-9,-10,fmk5ALd77NjKlnA5fWo3tNxA2rc=,d/pxrjPbUNLh1mb3iYqpT92uOCo=
-1,-10,fmk5ALd77NjKlnA5fWo3tNxA2rc=,OZsy3+FLuRUfnpX6O9judfF0+hQ=
-2,-10,fmk5ALd77NjKlnA5fWo3tNxA2rc=,OZsy3+FLuRUfnpX6O9judfF0+hQ=
-8,-16,fmk5ALd77NjKlnA5fWo3tNxA2rc=,OZsy3+FLuRUfnpX6O9judfF0+hQ=
-7,-16,fmk5ALd77NjKlnA5fWo3tNxA2rc=,OZsy3+FLuRUfnpX6O9judfF0+hQ=
-6,-16,fmk5ALd77NjKlnA5fWo3tNxA2rc=,OZsy3+FLuRUfnpX6O9judfF0+hQ=
-5,-16,fmk5ALd77NjKlnA5fWo3tNxA2rc=,OZsy3+FLuRUfnpX6O9judfF0+hQ=
-3,-10,fmk5ALd77NjKlnA5fWo3tNxA2rc=,OZsy3+FLuRUfnpX6O9judfF0+hQ=
-4,-16,fmk5ALd77NjKlnA5fWo3tNxA2rc=,OZsy3+FLuRUfnpX6O9judfF0+hQ=
-3,-16,fmk5ALd77NjKlnA5fWo3tNxA2rc=,OZsy3+FLuRUfnpX6O9judfF0+hQ=
-2,-16,fmk5ALd77NjKlnA5fWo3tNxA2rc=,OZsy3+FLuRUfnpX6O9judfF0+hQ=
-1,-16,fmk5ALd77NjKlnA5fWo3tNxA2rc=,OZsy3+FLuRUfnpX6O9judfF0+hQ=
-8,-15,fmk5ALd77NjKlnA5fWo3tNxA2rc=,OZsy3+FLuRUfnpX6O9judfF0+hQ=
-7,-15,fmk5ALd77NjKlnA5fWo3tNxA2rc=,OZsy3+FLuRUfnpX6O9judfF0+hQ=
-6,-15,fmk5ALd77NjKlnA5fWo3tNxA2rc=,OZsy3+FLuRUfnpX6O9judfF0+hQ=
-5,-15,fmk5ALd77NjKlnA5fWo3tNxA2rc=,OZsy3+FLuRUfnpX6O9judfF0+hQ=
-4,-15,fmk5ALd77NjKlnA5fWo3tNxA2rc=,OZsy3+FLuRUfnpX6O9judfF0+hQ=
-3,-15,fmk5ALd77NjKlnA5fWo3tNxA2rc=,OZsy3+FLuRUfnpX6O9judfF0+hQ=
-2,-15,fmk5ALd77NjKlnA5fWo3tNxA2rc=,OZsy3+FLuRUfnpX6O9judfF0+hQ=
-9,-16,fmk5ALd77NjKlnA5fWo3tNxA2rc=,d/pxrjPbUNLh1mb3iYqpT92uOCo=
-1,-15,fmk5ALd77NjKlnA5fWo3tNxA2rc=,OZsy3+FLuRUfnpX6O9judfF0+hQ=
-8,-14,fmk5ALd77NjKlnA5fWo3tNxA2rc=,OZsy3+FLuRUfnpX6O9judfF0+hQ=
-7,-14,fmk5ALd77NjKlnA5fWo3tNxA2rc=,OZsy3+FLuRUfnpX6O9judfF0+hQ=
-6,-14,fmk5ALd77NjKlnA5fWo3tNxA2rc=,OZsy3+FLuRUfnpX6O9judfF0+hQ=
-4,-10,fmk5ALd77NjKlnA5fWo3tNxA2rc=,OZsy3+FLuRUfnpX6O9judfF0+hQ=
-5,-14,fmk5ALd77NjKlnA5fWo3tNxA2rc=,OZsy3+FLuRUfnpX6O9judfF0+hQ=
-4,-14,fmk5ALd77NjKlnA5fWo3tNxA2rc=,OZsy3+FLuRUfnpX6O9judfF0+hQ=
-3,-14,fmk5ALd77NjKlnA5fWo3tNxA2rc=,OZsy3+FLuRUfnpX6O9judfF0+hQ=
-2,-14,fmk5ALd77NjKlnA5fWo3tNxA2rc=,OZsy3+FLuRUfnpX6O9judfF0+hQ=
-1,-14,fmk5ALd77NjKlnA5fWo3tNxA2rc=,OZsy3+FLuRUfnpX6O9judfF0+hQ=
-8,-13,fmk5ALd77NjKlnA5fWo3tNxA2rc=,OZsy3+FLuRUfnpX6O9judfF0+hQ=
-9,-15,fmk5ALd77NjKlnA5fWo3tNxA2rc=,d/pxrjPbUNLh1mb3iYqpT92uOCo=
-7,-13,fmk5ALd77NjKlnA5fWo3tNxA2rc=,OZsy3+FLuRUfnpX6O9judfF0+hQ=
-6,-13,fmk5ALd77NjKlnA5fWo3tNxA2rc=,OZsy3+FLuRUfnpX6O9judfF0+hQ=
-5,-13,fmk5ALd77NjKlnA5fWo3tNxA2rc=,OZsy3+FLuRUfnpX6O9judfF0+hQ=
-4,-13,fmk5ALd77NjKlnA5fWo3tNxA2rc=,OZsy3+FLuRUfnpX6O9judfF0+hQ=
-3,-13,fmk5ALd77NjKlnA5fWo3tNxA2rc=,OZsy3+FLuRUfnpX6O9judfF0+hQ=
-2,-13,fmk5ALd77NjKlnA5fWo3tNxA2rc=,OZsy3+FLuRUfnpX6O9judfF0+hQ=
-9,-14,fmk5ALd77NjKlnA5fWo3tNxA2rc=,d/pxrjPbUNLh1mb3iYqpT92uOCo=
-9,-12,fmk5ALd77NjKlnA5fWo3tNxA2rc=,d/pxrjPbUNLh1mb3iYqpT92uOCo=
-1,-13,fmk5ALd77NjKlnA5fWo3tNxA2rc=,OZsy3+FLuRUfnpX6O9judfF0+hQ=
-8,-12,fmk5ALd77NjKlnA5fWo3tNxA2rc=,OZsy3+FLuRUfnpX6O9judfF0+hQ=
-7,-12,fmk5ALd77NjKlnA5fWo3tNxA2rc=,OZsy3+FLuRUfnpX6O9judfF0+hQ=
-6,-12,fmk5ALd77NjKlnA5fWo3tNxA2rc=,OZsy3+FLuRUfnpX6O9judfF0+hQ=
-5,-12,fmk5ALd77NjKlnA5fWo3tNxA2rc=,OZsy3+FLuRUfnpX6O9judfF0+hQ=
-4,-12,fmk5ALd77NjKlnA5fWo3tNxA2rc=,OZsy3+FLuRUfnpX6O9judfF0+hQ=
-3,-12,fmk5ALd77NjKlnA5fWo3tNxA2rc=,OZsy3+FLuRUfnpX6O9judfF0+hQ=
-5,-10,fmk5ALd77NjKlnA5fWo3tNxA2rc=,OZsy3+FLuRUfnpX6O9judfF0+hQ=
-6,-10,fmk5ALd77NjKlnA5fWo3tNxA2rc=,OZsy3+FLuRUfnpX6O9judfF0+hQ=
-2,-12,fmk5ALd77NjKlnA5fWo3tNxA2rc=,OZsy3+FLuRUfnpX6O9judfF0+hQ=
-1,-12,fmk5ALd77NjKlnA5fWo3tNxA2rc=,OZsy3+FLuRUfnpX6O9judfF0+hQ=
-8,-11,fmk5ALd77NjKlnA5fWo3tNxA2rc=,OZsy3+FLuRUfnpX6O9judfF0+hQ=
-7,-11,fmk5ALd77NjKlnA5fWo3tNxA2rc=,OZsy3+FLuRUfnpX6O9judfF0+hQ=
-9,-13,fmk5ALd77NjKlnA5fWo3tNxA2rc=,d/pxrjPbUNLh1mb3iYqpT92uOCo=
-6,-11,fmk5ALd77NjKlnA5fWo3tNxA2rc=,OZsy3+FLuRUfnpX6O9judfF0+hQ=
-5,-11,fmk5ALd77NjKlnA5fWo3tNxA2rc=,OZsy3+FLuRUfnpX6O9judfF0+hQ=
-4,-11,fmk5ALd77NjKlnA5fWo3tNxA2rc=,OZsy3+FLuRUfnpX6O9judfF0+hQ=
-7,-10,fmk5ALd77NjKlnA5fWo3tNxA2rc=,OZsy3+FLuRUfnpX6O9judfF0+hQ=
-3,-11,fmk5ALd77NjKlnA5fWo3tNxA2rc=,OZsy3+FLuRUfnpX6O9judfF0+hQ=
-2,-11,fmk5ALd77NjKlnA5fWo3tNxA2rc=,OZsy3+FLuRUfnpX6O9judfF0+hQ=
-1,-11,fmk5ALd77NjKlnA5fWo3tNxA2rc=,OZsy3+FLuRUfnpX6O9judfF0+hQ=
-8,-10,fmk5ALd77NjKlnA5fWo3tNxA2rc=,OZsy3+FLuRUfnpX6O9judfF0+hQ=
-4,-9,fmk5ALd77NjKlnA5fWo3tNxA2rc=,OZsy3+FLuRUfnpX6O9judfF0+hQ=
-9,-1,fmk5ALd77NjKlnA5fWo3tNxA2rc=,XYMbjORmfrsWAFr7OpvaxyHKxQQ=
-3,-9,fmk5ALd77NjKlnA5fWo3tNxA2rc=,OZsy3+FLuRUfnpX6O9judfF0+hQ=
-1,-4,fmk5ALd77NjKlnA5fWo3tNxA2rc=,oCpp3EICTJhWIklm2Av7P4CA9Ww=
-5,-9,fmk5ALd77NjKlnA5fWo3tNxA2rc=,OZsy3+FLuRUfnpX6O9judfF0+hQ=
-8,-4,fmk5ALd77NjKlnA5fWo3tNxA2rc=,oCpp3EICTJhWIklm2Av7P4CA9Ww=
-3,-2,fmk5ALd77NjKlnA5fWo3tNxA2rc=,oCpp3EICTJhWIklm2Av7P4CA9Ww=
-2,-9,fmk5ALd77NjKlnA5fWo3tNxA2rc=,OZsy3+FLuRUfnpX6O9judfF0+hQ=
-5,-1,fmk5ALd77NjKlnA5fWo3tNxA2rc=,oCpp3EICTJhWIklm2Av7P4CA9Ww=
-8,-8,fmk5ALd77NjKlnA5fWo3tNxA2rc=,oCpp3EICTJhWIklm2Av7P4CA9Ww=
-4,-7,fmk5ALd77NjKlnA5fWo3tNxA2rc=,oCpp3EICTJhWIklm2Av7P4CA9Ww=
-9,-6,fmk5ALd77NjKlnA5fWo3tNxA2rc=,XYMbjORmfrsWAFr7OpvaxyHKxQQ=
-3,-7,fmk5ALd77NjKlnA5fWo3tNxA2rc=,oCpp3EICTJhWIklm2Av7P4CA9Ww=
-1,-5,fmk5ALd77NjKlnA5fWo3tNxA2rc=,oCpp3EICTJhWIklm2Av7P4CA9Ww=
-6,-9,fmk5ALd77NjKlnA5fWo3tNxA2rc=,OZsy3+FLuRUfnpX6O9judfF0+hQ=
-5,-7,fmk5ALd77NjKlnA5fWo3tNxA2rc=,oCpp3EICTJhWIklm2Av7P4CA9Ww=
-2,-4,fmk5ALd77NjKlnA5fWo3tNxA2rc=,oCpp3EICTJhWIklm2Av7P4CA9Ww=
-6,-1,fmk5ALd77NjKlnA5fWo3tNxA2rc=,oCpp3EICTJhWIklm2Av7P4CA9Ww=
-7,-1,fmk5ALd77NjKlnA5fWo3tNxA2rc=,oCpp3EICTJhWIklm2Av7P4CA9Ww=
-2,-7,fmk5ALd77NjKlnA5fWo3tNxA2rc=,oCpp3EICTJhWIklm2Av7P4CA9Ww=
-3,-4,fmk5ALd77NjKlnA5fWo3tNxA2rc=,oCpp3EICTJhWIklm2Av7P4CA9Ww=
-7,-9,fmk5ALd77NjKlnA5fWo3tNxA2rc=,OZsy3+FLuRUfnpX6O9judfF0+hQ=
-1,-7,fmk5ALd77NjKlnA5fWo3tNxA2rc=,oCpp3EICTJhWIklm2Av7P4CA9Ww=
-8,-6,fmk5ALd77NjKlnA5fWo3tNxA2rc=,oCpp3EICTJhWIklm2Av7P4CA9Ww=
-7,-6,fmk5ALd77NjKlnA5fWo3tNxA2rc=,oCpp3EICTJhWIklm2Av7P4CA9Ww=
-8,-9,fmk5ALd77NjKlnA5fWo3tNxA2rc=,OZsy3+FLuRUfnpX6O9judfF0+hQ=
-4,-1,fmk5ALd77NjKlnA5fWo3tNxA2rc=,oCpp3EICTJhWIklm2Av7P4CA9Ww=
-3,-1,fmk5ALd77NjKlnA5fWo3tNxA2rc=,oCpp3EICTJhWIklm2Av7P4CA9Ww=
-7,-4,fmk5ALd77NjKlnA5fWo3tNxA2rc=,oCpp3EICTJhWIklm2Av7P4CA9Ww=
-8,-1,fmk5ALd77NjKlnA5fWo3tNxA2rc=,oCpp3EICTJhWIklm2Av7P4CA9Ww=
-3,-3,fmk5ALd77NjKlnA5fWo3tNxA2rc=,oCpp3EICTJhWIklm2Av7P4CA9Ww=
-1,-2,fmk5ALd77NjKlnA5fWo3tNxA2rc=,oCpp3EICTJhWIklm2Av7P4CA9Ww=
-2,-1,fmk5ALd77NjKlnA5fWo3tNxA2rc=,oCpp3EICTJhWIklm2Av7P4CA9Ww=
-9,-2,fmk5ALd77NjKlnA5fWo3tNxA2rc=,XYMbjORmfrsWAFr7OpvaxyHKxQQ=
-6,-7,fmk5ALd77NjKlnA5fWo3tNxA2rc=,oCpp3EICTJhWIklm2Av7P4CA9Ww=
-5,-8,fmk5ALd77NjKlnA5fWo3tNxA2rc=,oCpp3EICTJhWIklm2Av7P4CA9Ww=
-2,-3,fmk5ALd77NjKlnA5fWo3tNxA2rc=,oCpp3EICTJhWIklm2Av7P4CA9Ww=
-2,-2,fmk5ALd77NjKlnA5fWo3tNxA2rc=,oCpp3EICTJhWIklm2Av7P4CA9Ww=
-9,-7,fmk5ALd77NjKlnA5fWo3tNxA2rc=,XYMbjORmfrsWAFr7OpvaxyHKxQQ=
-1,-3,fmk5ALd77NjKlnA5fWo3tNxA2rc=,oCpp3EICTJhWIklm2Av7P4CA9Ww=
-4,-8,fmk5ALd77NjKlnA5fWo3tNxA2rc=,oCpp3EICTJhWIklm2Av7P4CA9Ww=
-4,-3,fmk5ALd77NjKlnA5fWo3tNxA2rc=,oCpp3EICTJhWIklm2Av7P4CA9Ww=
-9,-3,fmk5ALd77NjKlnA5fWo3tNxA2rc=,XYMbjORmfrsWAFr7OpvaxyHKxQQ=
-1,-1,fmk5ALd77NjKlnA5fWo3tNxA2rc=,oCpp3EICTJhWIklm2Av7P4CA9Ww=
-3,-5,fmk5ALd77NjKlnA5fWo3tNxA2rc=,oCpp3EICTJhWIklm2Av7P4CA9Ww=
-8,-2,fmk5ALd77NjKlnA5fWo3tNxA2rc=,oCpp3EICTJhWIklm2Av7P4CA9Ww=
-7,-7,fmk5ALd77NjKlnA5fWo3tNxA2rc=,oCpp3EICTJhWIklm2Av7P4CA9Ww=
-2,-5,fmk5ALd77NjKlnA5fWo3tNxA2rc=,oCpp3EICTJhWIklm2Av7P4CA9Ww=
-7,-2,fmk5ALd77NjKlnA5fWo3tNxA2rc=,oCpp3EICTJhWIklm2Av7P4CA9Ww=
-5,-3,fmk5ALd77NjKlnA5fWo3tNxA2rc=,oCpp3EICTJhWIklm2Av7P4CA9Ww=
-6,-3,fmk5ALd77NjKlnA5fWo3tNxA2rc=,oCpp3EICTJhWIklm2Av7P4CA9Ww=
-8,-7,fmk5ALd77NjKlnA5fWo3tNxA2rc=,oCpp3EICTJhWIklm2Av7P4CA9Ww=
-1,-8,fmk5ALd77NjKlnA5fWo3tNxA2rc=,oCpp3EICTJhWIklm2Av7P4CA9Ww=
-4,-4,fmk5ALd77NjKlnA5fWo3tNxA2rc=,oCpp3EICTJhWIklm2Av7P4CA9Ww=
-4,-5,fmk5ALd77NjKlnA5fWo3tNxA2rc=,oCpp3EICTJhWIklm2Av7P4CA9Ww=
-2,-8,fmk5ALd77NjKlnA5fWo3tNxA2rc=,oCpp3EICTJhWIklm2Av7P4CA9Ww=
-7,-3,fmk5ALd77NjKlnA5fWo3tNxA2rc=,oCpp3EICTJhWIklm2Av7P4CA9Ww=
-6,-8,fmk5ALd77NjKlnA5fWo3tNxA2rc=,oCpp3EICTJhWIklm2Av7P4CA9Ww=
-9,-5,fmk5ALd77NjKlnA5fWo3tNxA2rc=,XYMbjORmfrsWAFr7OpvaxyHKxQQ=
-5,-4,fmk5ALd77NjKlnA5fWo3tNxA2rc=,oCpp3EICTJhWIklm2Av7P4CA9Ww=
-1,-9,fmk5ALd77NjKlnA5fWo3tNxA2rc=,OZsy3+FLuRUfnpX6O9judfF0+hQ=
-9,-4,fmk5ALd77NjKlnA5fWo3tNxA2rc=,XYMbjORmfrsWAFr7OpvaxyHKxQQ=
-3,-8,fmk5ALd77NjKlnA5fWo3tNxA2rc=,oCpp3EICTJhWIklm2Av7P4CA9Ww=
-7,-5,fmk5ALd77NjKlnA5fWo3tNxA2rc=,oCpp3EICTJhWIklm2Av7P4CA9Ww=
-6,-2,fmk5ALd77NjKlnA5fWo3tNxA2rc=,oCpp3EICTJhWIklm2Av7P4CA9Ww=
-9,-8,fmk5ALd77NjKlnA5fWo3tNxA2rc=,XYMbjORmfrsWAFr7OpvaxyHKxQQ=
-5,-5,fmk5ALd77NjKlnA5fWo3tNxA2rc=,oCpp3EICTJhWIklm2Av7P4CA9Ww=
-8,-5,fmk5ALd77NjKlnA5fWo3tNxA2rc=,oCpp3EICTJhWIklm2Av7P4CA9Ww=
-1,-6,fmk5ALd77NjKlnA5fWo3tNxA2rc=,oCpp3EICTJhWIklm2Av7P4CA9Ww=
-5,-2,fmk5ALd77NjKlnA5fWo3tNxA2rc=,oCpp3EICTJhWIklm2Av7P4CA9Ww=
-6,-5,fmk5ALd77NjKlnA5fWo3tNxA2rc=,oCpp3EICTJhWIklm2Av7P4CA9Ww=
-9,-9,fmk5ALd77NjKlnA5fWo3tNxA2rc=,d/pxrjPbUNLh1mb3iYqpT92uOCo=
-4,-2,fmk5ALd77NjKlnA5fWo3tNxA2rc=,oCpp3EICTJhWIklm2Av7P4CA9Ww=
-2,-6,fmk5ALd77NjKlnA5fWo3tNxA2rc=,oCpp3EICTJhWIklm2Av7P4CA9Ww=
-7,-8,fmk5ALd77NjKlnA5fWo3tNxA2rc=,oCpp3EICTJhWIklm2Av7P4CA9Ww=
-3,-6,fmk5ALd77NjKlnA5fWo3tNxA2rc=,oCpp3EICTJhWIklm2Av7P4CA9Ww=
-5,-6,fmk5ALd77NjKlnA5fWo3tNxA2rc=,oCpp3EICTJhWIklm2Av7P4CA9Ww=
-6,-6,fmk5ALd77NjKlnA5fWo3tNxA2rc=,oCpp3EICTJhWIklm2Av7P4CA9Ww=
-6,-4,fmk5ALd77NjKlnA5fWo3tNxA2rc=,oCpp3EICTJhWIklm2Av7P4CA9Ww=
-4,-6,fmk5ALd77NjKlnA5fWo3tNxA2rc=,oCpp3EICTJhWIklm2Av7P4CA9Ww=
-8,-3,fmk5ALd77NjKlnA5fWo3tNxA2rc=,oCpp3EICTJhWIklm2Av7P4CA9Ww=
-12,-17,fmk5ALd77NjKlnA5fWo3tNxA2rc=,YxOc/napHjAZxeLQTLTB7UBZud8=
-11,-17,fmk5ALd77NjKlnA5fWo3tNxA2rc=,YxOc/napHjAZxeLQTLTB7UBZud8=
-10,-17,fmk5ALd77NjKlnA5fWo3tNxA2rc=,YxOc/napHjAZxeLQTLTB7UBZud8=
-16,-24,fmk5ALd77NjKlnA5fWo3tNxA2rc=,YxOc/napHjAZxeLQTLTB7UBZud8=
-13,-17,fmk5ALd77NjKlnA5fWo3tNxA2rc=,YxOc/napHjAZxeLQTLTB7UBZud8=
-14,-17,fmk5ALd77NjKlnA5fWo3tNxA2rc=,YxOc/napHjAZxeLQTLTB7UBZud8=
-15,-17,fmk5ALd77NjKlnA5fWo3tNxA2rc=,YxOc/napHjAZxeLQTLTB7UBZud8=
-16,-17,fmk5ALd77NjKlnA5fWo3tNxA2rc=,YxOc/napHjAZxeLQTLTB7UBZud8=
-10,-18,fmk5ALd77NjKlnA5fWo3tNxA2rc=,YxOc/napHjAZxeLQTLTB7UBZud8=
-11,-18,fmk5ALd77NjKlnA5fWo3tNxA2rc=,YxOc/napHjAZxeLQTLTB7UBZud8=
-12,-18,fmk5ALd77NjKlnA5fWo3tNxA2rc=,YxOc/napHjAZxeLQTLTB7UBZud8=
-13,-18,fmk5ALd77NjKlnA5fWo3tNxA2rc=,YxOc/napHjAZxeLQTLTB7UBZud8=
-14,-18,fmk5ALd77NjKlnA5fWo3tNxA2rc=,YxOc/napHjAZxeLQTLTB7UBZud8=
-15,-18,fmk5ALd77NjKlnA5fWo3tNxA2rc=,YxOc/napHjAZxeLQTLTB7UBZud8=
-16,-18,fmk5ALd77NjKlnA5fWo3tNxA2rc=,YxOc/napHjAZxeLQTLTB7UBZud8=
-10,-19,fmk5ALd77NjKlnA5fWo3tNxA2rc=,YxOc/napHjAZxeLQTLTB7UBZud8=
-11,-19,fmk5ALd77NjKlnA5fWo3tNxA2rc=,YxOc/napHjAZxeLQTLTB7UBZud8=
-12,-19,fmk5ALd77NjKlnA5fWo3tNxA2rc=,YxOc/napHjAZxeLQTLTB7UBZud8=
-13,-19,fmk5ALd77NjKlnA5fWo3tNxA2rc=,YxOc/napHjAZxeLQTLTB7UBZud8=
-14,-19,fmk5ALd77NjKlnA5fWo3tNxA2rc=,YxOc/napHjAZxeLQTLTB7UBZud8=
-15,-19,fmk5ALd77NjKlnA5fWo3tNxA2rc=,YxOc/napHjAZxeLQTLTB7UBZud8=
-16,-19,fmk5ALd77NjKlnA5fWo3tNxA2rc=,YxOc/napHjAZxeLQTLTB7UBZud8=
-10,-20,fmk5ALd77NjKlnA5fWo3tNxA2rc=,YxOc/napHjAZxeLQTLTB7UBZud8=
-11,-20,fmk5ALd77NjKlnA5fWo3tNxA2rc=,YxOc/napHjAZxeLQTLTB7UBZud8=
-12,-20,fmk5ALd77NjKlnA5fWo3tNxA2rc=,YxOc/napHjAZxeLQTLTB7UBZud8=
-13,-20,fmk5ALd77NjKlnA5fWo3tNxA2rc=,YxOc/napHjAZxeLQTLTB7UBZud8=
-14,-20,fmk5ALd77NjKlnA5fWo3tNxA2rc=,YxOc/napHjAZxeLQTLTB7UBZud8=
-15,-20,fmk5ALd77NjKlnA5fWo3tNxA2rc=,YxOc/napHjAZxeLQTLTB7UBZud8=
-16,-20,fmk5ALd77NjKlnA5fWo3tNxA2rc=,YxOc/napHjAZxeLQTLTB7UBZud8=
-10,-21,fmk5ALd77NjKlnA5fWo3tNxA2rc=,YxOc/napHjAZxeLQTLTB7UBZud8=
-11,-21,fmk5ALd77NjKlnA5fWo3tNxA2rc=,YxOc/napHjAZxeLQTLTB7UBZud8=
-12,-21,fmk5ALd77NjKlnA5fWo3tNxA2rc=,YxOc/napHjAZxeLQTLTB7UBZud8=
-13,-21,fmk5ALd77NjKlnA5fWo3tNxA2rc=,YxOc/napHjAZxeLQTLTB7UBZud8=
-14,-21,fmk5ALd77NjKlnA5fWo3tNxA2rc=,YxOc/napHjAZxeLQTLTB7UBZud8=
-15,-21,fmk5ALd77NjKlnA5fWo3tNxA2rc=,YxOc/napHjAZxeLQTLTB7UBZud8=
-16,-21,fmk5ALd77NjKlnA5fWo3tNxA2rc=,YxOc/napHjAZxeLQTLTB7UBZud8=
-10,-22,fmk5ALd77NjKlnA5fWo3tNxA2rc=,YxOc/napHjAZxeLQTLTB7UBZud8=
-11,-22,fmk5ALd77NjKlnA5fWo3tNxA2rc=,YxOc/napHjAZxeLQTLTB7UBZud8=
-12,-22,fmk5ALd77NjKlnA5fWo3tNxA2rc=,YxOc/napHjAZxeLQTLTB7UBZud8=
-13,-22,fmk5ALd77NjKlnA5fWo3tNxA2rc=,YxOc/napHjAZxeLQTLTB7UBZud8=
-14,-22,fmk5ALd77NjKlnA5fWo3tNxA2rc=,YxOc/napHjAZxeLQTLTB7UBZud8=
-15,-22,fmk5ALd77NjKlnA5fWo3tNxA2rc=,YxOc/napHjAZxeLQTLTB7UBZud8=
-16,-22,fmk5ALd77NjKlnA5fWo3tNxA2rc=,YxOc/napHjAZxeLQTLTB7UBZud8=
-10,-23,fmk5ALd77NjKlnA5fWo3tNxA2rc=,YxOc/napHjAZxeLQTLTB7UBZud8=
-11,-23,fmk5ALd77NjKlnA5fWo3tNxA2rc=,YxOc/napHjAZxeLQTLTB7UBZud8=
-12,-23,fmk5ALd77NjKlnA5fWo3tNxA2rc=,YxOc/napHjAZxeLQTLTB7UBZud8=
-13,-23,fmk5ALd77NjKlnA5fWo3tNxA2rc=,YxOc/napHjAZxeLQTLTB7UBZud8=
-14,-23,fmk5ALd77NjKlnA5fWo3tNxA2rc=,YxOc/napHjAZxeLQTLTB7UBZud8=
-15,-23,fmk5ALd77NjKlnA5fWo3tNxA2rc=,YxOc/napHjAZxeLQTLTB7UBZud8=
-16,-23,fmk5ALd77NjKlnA5fWo3tNxA2rc=,YxOc/napHjAZxeLQTLTB7UBZud8=
-10,-24,fmk5ALd77NjKlnA5fWo3tNxA2rc=,YxOc/napHjAZxeLQTLTB7UBZud8=
-11,-24,fmk5ALd77NjKlnA5fWo3tNxA2rc=,YxOc/napHjAZxeLQTLTB7UBZud8=
-12,-24,fmk5ALd77NjKlnA5fWo3tNxA2rc=,YxOc/napHjAZxeLQTLTB7UBZud8=
-13,-24,fmk5ALd77NjKlnA5fWo3tNxA2rc=,YxOc/napHjAZxeLQTLTB7UBZud8=
-14,-24,fmk5ALd77NjKlnA5fWo3tNxA2rc=,YxOc/napHjAZxeLQTLTB7UBZud8=
-15,-24,fmk5ALd77NjKlnA5fWo3tNxA2rc=,YxOc/napHjAZxeLQTLTB7UBZud8=
-3,-19,fmk5ALd77NjKlnA5fWo3tNxA2rc=,09S0pNryu0P17a3+0Ga1jJ2xSac=
-4,-17,fmk5ALd77NjKlnA5fWo3tNxA2rc=,09S0pNryu0P17a3+0Ga1jJ2xSac=
-3,-18,fmk5ALd77NjKlnA5fWo3tNxA2rc=,09S0pNryu0P17a3+0Ga1jJ2xSac=
-5,-17,fmk5ALd77NjKlnA5fWo3tNxA2rc=,09S0pNryu0P17a3+0Ga1jJ2xSac=
-5,-18,fmk5ALd77NjKlnA5fWo3tNxA2rc=,09S0pNryu0P17a3+0Ga1jJ2xSac=
-3,-17,fmk5ALd77NjKlnA5fWo3tNxA2rc=,09S0pNryu0P17a3+0Ga1jJ2xSac=
-8,-23,fmk5ALd77NjKlnA5fWo3tNxA2rc=,09S0pNryu0P17a3+0Ga1jJ2xSac=
-4,-18,fmk5ALd77NjKlnA5fWo3tNxA2rc=,09S0pNryu0P17a3+0Ga1jJ2xSac=
-4,-19,fmk5ALd77NjKlnA5fWo3tNxA2rc=,09S0pNryu0P17a3+0Ga1jJ2xSac=
-2,-17,fmk5ALd77NjKlnA5fWo3tNxA2rc=,09S0pNryu0P17a3+0Ga1jJ2xSac=
-6,-17,fmk5ALd77NjKlnA5fWo3tNxA2rc=,09S0pNryu0P17a3+0Ga1jJ2xSac=
-6,-18,fmk5ALd77NjKlnA5fWo3tNxA2rc=,09S0pNryu0P17a3+0Ga1jJ2xSac=
-1,-20,fmk5ALd77NjKlnA5fWo3tNxA2rc=,09S0pNryu0P17a3+0Ga1jJ2xSac=
-9,-18,fmk5ALd77NjKlnA5fWo3tNxA2rc=,YxOc/napHjAZxeLQTLTB7UBZud8=
-6,-21,fmk5ALd77NjKlnA5fWo3tNxA2rc=,09S0pNryu0P17a3+0Ga1jJ2xSac=
-8,-19,fmk5ALd77NjKlnA5fWo3tNxA2rc=,09S0pNryu0P17a3+0Ga1jJ2xSac=
-1,-17,fmk5ALd77NjKlnA5fWo3tNxA2rc=,09S0pNryu0P17a3+0Ga1jJ2xSac=
-1,-21,fmk5ALd77NjKlnA5fWo3tNxA2rc=,09S0pNryu0P17a3+0Ga1jJ2xSac=
-7,-18,fmk5ALd77NjKlnA5fWo3tNxA2rc=,09S0pNryu0P17a3+0Ga1jJ2xSac=
-9,-19,fmk5ALd77NjKlnA5fWo3tNxA2rc=,YxOc/napHjAZxeLQTLTB7UBZud8=
-5,-19,fmk5ALd77NjKlnA5fWo3tNxA2rc=,09S0pNryu0P17a3+0Ga1jJ2xSac=
-9,-17,fmk5ALd77NjKlnA5fWo3tNxA2rc=,YxOc/napHjAZxeLQTLTB7UBZud8=
-2,-19,fmk5ALd77NjKlnA5fWo3tNxA2rc=,09S0pNryu0P17a3+0Ga1jJ2xSac=
-7,-24,fmk5ALd77NjKlnA5fWo3tNxA2rc=,09S0pNryu0P17a3+0Ga1jJ2xSac=
-1,-19,fmk5ALd77NjKlnA5fWo3tNxA2rc=,09S0pNryu0P17a3+0Ga1jJ2xSac=
-7,-17,fmk5ALd77NjKlnA5fWo3tNxA2rc=,09S0pNryu0P17a3+0Ga1jJ2xSac=
-1,-18,fmk5ALd77NjKlnA5fWo3tNxA2rc=,09S0pNryu0P17a3+0Ga1jJ2xSac=
-2,-18,fmk5ALd77NjKlnA5fWo3tNxA2rc=,09S0pNryu0P17a3+0Ga1jJ2xSac=
-8,-24,fmk5ALd77NjKlnA5fWo3tNxA2rc=,09S0pNryu0P17a3+0Ga1jJ2xSac=
-1,-24,fmk5ALd77NjKlnA5fWo3tNxA2rc=,09S0pNryu0P17a3+0Ga1jJ2xSac=
-2,-20,fmk5ALd77NjKlnA5fWo3tNxA2rc=,09S0pNryu0P17a3+0Ga1jJ2xSac=
-2,-21,fmk5ALd77NjKlnA5fWo3tNxA2rc=,09S0pNryu0P17a3+0Ga1jJ2xSac=
-9,-20,fmk5ALd77NjKlnA5fWo3tNxA2rc=,YxOc/napHjAZxeLQTLTB7UBZud8=
-2,-24,fmk5ALd77NjKlnA5fWo3tNxA2rc=,09S0pNryu0P17a3+0Ga1jJ2xSac=
-3,-20,fmk5ALd77NjKlnA5fWo3tNxA2rc=,09S0pNryu0P17a3+0Ga1jJ2xSac=
-9,-21,fmk5ALd77NjKlnA5fWo3tNxA2rc=,YxOc/napHjAZxeLQTLTB7UBZud8=
-5,-20,fmk5ALd77NjKlnA5fWo3tNxA2rc=,09S0pNryu0P17a3+0Ga1jJ2xSac=
-8,-18,fmk5ALd77NjKlnA5fWo3tNxA2rc=,09S0pNryu0P17a3+0Ga1jJ2xSac=
-3,-21,fmk5ALd77NjKlnA5fWo3tNxA2rc=,09S0pNryu0P17a3+0Ga1jJ2xSac=
-9,-22,fmk5ALd77NjKlnA5fWo3tNxA2rc=,YxOc/napHjAZxeLQTLTB7UBZud8=
-9,-23,fmk5ALd77NjKlnA5fWo3tNxA2rc=,YxOc/napHjAZxeLQTLTB7UBZud8=
-8,-17,fmk5ALd77NjKlnA5fWo3tNxA2rc=,09S0pNryu0P17a3+0Ga1jJ2xSac=
-7,-20,fmk5ALd77NjKlnA5fWo3tNxA2rc=,09S0pNryu0P17a3+0Ga1jJ2xSac=
-6,-20,fmk5ALd77NjKlnA5fWo3tNxA2rc=,09S0pNryu0P17a3+0Ga1jJ2xSac=
-5,-22,fmk5ALd77NjKlnA5fWo3tNxA2rc=,09S0pNryu0P17a3+0Ga1jJ2xSac=
-5,-21,fmk5ALd77NjKlnA5fWo3tNxA2rc=,09S0pNryu0P17a3+0Ga1jJ2xSac=
-6,-22,fmk5ALd77NjKlnA5fWo3tNxA2rc=,09S0pNryu0P17a3+0Ga1jJ2xSac=
-7,-22,fmk5ALd77NjKlnA5fWo3tNxA2rc=,09S0pNryu0P17a3+0Ga1jJ2xSac=
-1,-23,fmk5ALd77NjKlnA5fWo3tNxA2rc=,09S0pNryu0P17a3+0Ga1jJ2xSac=
-2,-23,fmk5ALd77NjKlnA5fWo3tNxA2rc=,09S0pNryu0P17a3+0Ga1jJ2xSac=
-3,-23,fmk5ALd77NjKlnA5fWo3tNxA2rc=,09S0pNryu0P17a3+0Ga1jJ2xSac=
-5,-23,fmk5ALd77NjKlnA5fWo3tNxA2rc=,09S0pNryu0P17a3+0Ga1jJ2xSac=
-9,-24,fmk5ALd77NjKlnA5fWo3tNxA2rc=,YxOc/napHjAZxeLQTLTB7UBZud8=
-8,-22,fmk5ALd77NjKlnA5fWo3tNxA2rc=,09S0pNryu0P17a3+0Ga1jJ2xSac=
-3,-24,fmk5ALd77NjKlnA5fWo3tNxA2rc=,09S0pNryu0P17a3+0Ga1jJ2xSac=
-4,-24,fmk5ALd77NjKlnA5fWo3tNxA2rc=,09S0pNryu0P17a3+0Ga1jJ2xSac=
-6,-23,fmk5ALd77NjKlnA5fWo3tNxA2rc=,09S0pNryu0P17a3+0Ga1jJ2xSac=
-8,-20,fmk5ALd77NjKlnA5fWo3tNxA2rc=,09S0pNryu0P17a3+0Ga1jJ2xSac=
-7,-21,fmk5ALd77NjKlnA5fWo3tNxA2rc=,09S0pNryu0P17a3+0Ga1jJ2xSac=
-1,-22,fmk5ALd77NjKlnA5fWo3tNxA2rc=,09S0pNryu0P17a3+0Ga1jJ2xSac=
-6,-19,fmk5ALd77NjKlnA5fWo3tNxA2rc=,09S0pNryu0P17a3+0Ga1jJ2xSac=
-2,-22,fmk5ALd77NjKlnA5fWo3tNxA2rc=,09S0pNryu0P17a3+0Ga1jJ2xSac=
-3,-22,fmk5ALd77NjKlnA5fWo3tNxA2rc=,09S0pNryu0P17a3+0Ga1jJ2xSac=
-4,-22,fmk5ALd77NjKlnA5fWo3tNxA2rc=,09S0pNryu0P17a3+0Ga1jJ2xSac=
-5,-24,fmk5ALd77NjKlnA5fWo3tNxA2rc=,09S0pNryu0P17a3+0Ga1jJ2xSac=
-6,-24,fmk5ALd77NjKlnA5fWo3tNxA2rc=,09S0pNryu0P17a3+0Ga1jJ2xSac=
-4,-23,fmk5ALd77NjKlnA5fWo3tNxA2rc=,09S0pNryu0P17a3+0Ga1jJ2xSac=
-7,-19,fmk5ALd77NjKlnA5fWo3tNxA2rc=,09S0pNryu0P17a3+0Ga1jJ2xSac=
-7,-23,fmk5ALd77NjKlnA5fWo3tNxA2rc=,09S0pNryu0P17a3+0Ga1jJ2xSac=
-8,-21,fmk5ALd77NjKlnA5fWo3tNxA2rc=,09S0pNryu0P17a3+0Ga1jJ2xSac=
-4,-20,fmk5ALd77NjKlnA5fWo3tNxA2rc=,09S0pNryu0P17a3+0Ga1jJ2xSac=
-4,-21,fmk5ALd77NjKlnA5fWo3tNxA2rc=,09S0pNryu0P17a3+0Ga1jJ2xSac=
