15,47,sUsjV3AbX75ldrT5PVfGrXI1jv8=,SGYrNNbl28xXnFp860ucHBBOh4E=
14,47,sUsjV3AbX75ldrT5PVfGrXI1jv8=,SGYrNNbl28xXnFp860ucHBBOh4E=
13,47,sUsjV3AbX75ldrT5PVfGrXI1jv8=,SGYrNNbl28xXnFp860ucHBBOh4E=
13,34,sUsjV3AbX75ldrT5PVfGrXI1jv8=,SGYrNNbl28xXnFp860ucHBBOh4E=
12,47,sUsjV3AbX75ldrT5PVfGrXI1jv8=,SGYrNNbl28xXnFp860ucHBBOh4E=
11,47,sUsjV3AbX75ldrT5PVfGrXI1jv8=,SGYrNNbl28xXnFp860ucHBBOh4E=
10,47,K7RIyDuLkqXt08QbwI315VF/Sng=,SGYrNNbl28xXnFp860ucHBBOh4E=
9,47,K7RIyDuLkqXt08QbwI315VF/Sng=,SGYrNNbl28xXnFp860ucHBBOh4E=
8,47,K7RIyDuLkqXt08QbwI315VF/Sng=,SGYrNNbl28xXnFp860ucHBBOh4E=
7,47,K7RIyDuLkqXt08QbwI315VF/Sng=,SGYrNNbl28xXnFp860ucHBBOh4E=
6,47,K7RIyDuLkqXt08QbwI315VF/Sng=,SGYrNNbl28xXnFp860ucHBBOh4E=
12,34,K7RIyDuLkqXt08QbwI315VF/Sng=,SGYrNNbl28xXnFp860ucHBBOh4E=
14,34,K7RIyDuLkqXt08QbwI315VF/Sng=,SGYrNNbl28xXnFp860ucHBBOh4E=
5,47,K7RIyDuLkqXt08QbwI315VF/Sng=,SGYrNNbl28xXnFp860ucHBBOh4E=
0,35,K7RIyDuLkqXt08QbwI315VF/Sng=,SGYrNNbl28xXnFp860ucHBBOh4E=
1,35,K7RIyDuLkqXt08QbwI315VF/Sng=,SGYrNNbl28xXnFp860ucHBBOh4E=
15,34,K7RIyDuLkqXt08QbwI315VF/Sng=,SGYrNNbl28xXnFp860ucHBBOh4E=
2,35,K7RIyDuLkqXt08QbwI315VF/Sng=,SGYrNNbl28xXnFp860ucHBBOh4E=
3,35,K7RIyDuLkqXt08QbwI315VF/Sng=,SGYrNNbl28xXnFp860ucHBBOh4E=
4,35,K7RIyDuLkqXt08QbwI315VF/Sng=,SGYrNNbl28xXnFp860ucHBBOh4E=
5,35,K7RIyDuLkqXt08QbwI315VF/Sng=,SGYrNNbl28xXnFp860ucHBBOh4E=
6,35,K7RIyDuLkqXt08QbwI315VF/Sng=,SGYrNNbl28xXnFp860ucHBBOh4E=
7,35,K7RIyDuLkqXt08QbwI315VF/Sng=,SGYrNNbl28xXnFp860ucHBBOh4E=
0,34,K7RIyDuLkqXt08QbwI315VF/Sng=,SGYrNNbl28xXnFp860ucHBBOh4E=
4,32,K7RIyDuLkqXt08QbwI315VF/Sng=,SGYrNNbl28xXnFp860ucHBBOh4E=
8,35,K7RIyDuLkqXt08QbwI315VF/Sng=,SGYrNNbl28xXnFp860ucHBBOh4E=
9,35,K7RIyDuLkqXt08QbwI315VF/Sng=,SGYrNNbl28xXnFp860ucHBBOh4E=
10,35,K7RIyDuLkqXt08QbwI315VF/Sng=,SGYrNNbl28xXnFp860ucHBBOh4E=
11,35,K7RIyDuLkqXt08QbwI315VF/Sng=,SGYrNNbl28xXnFp860ucHBBOh4E=
12,35,K7RIyDuLkqXt08QbwI315VF/Sng=,SGYrNNbl28xXnFp860ucHBBOh4E=
1,34,K7RIyDuLkqXt08QbwI315VF/Sng=,SGYrNNbl28xXnFp860ucHBBOh4E=
13,35,K7RIyDuLkqXt08QbwI315VF/Sng=,SGYrNNbl28xXnFp860ucHBBOh4E=
14,35,K7RIyDuLkqXt08QbwI315VF/Sng=,SGYrNNbl28xXnFp860ucHBBOh4E=
0,36,K7RIyDuLkqXt08QbwI315VF/Sng=,SGYrNNbl28xXnFp860ucHBBOh4E=
5,32,K7RIyDuLkqXt08QbwI315VF/Sng=,SGYrNNbl28xXnFp860ucHBBOh4E=
1,36,K7RIyDuLkqXt08QbwI315VF/Sng=,SGYrNNbl28xXnFp860ucHBBOh4E=
15,35,K7RIyDuLkqXt08QbwI315VF/Sng=,SGYrNNbl28xXnFp860ucHBBOh4E=
2,36,K7RIyDuLkqXt08QbwI315VF/Sng=,SGYrNNbl28xXnFp860ucHBBOh4E=
3,36,K7RIyDuLkqXt08QbwI315VF/Sng=,SGYrNNbl28xXnFp860ucHBBOh4E=
0,32,K7RIyDuLkqXt08QbwI315VF/Sng=,SGYrNNbl28xXnFp860ucHBBOh4E=
4,36,K7RIyDuLkqXt08QbwI315VF/Sng=,SGYrNNbl28xXnFp860ucHBBOh4E=
5,36,K7RIyDuLkqXt08QbwI315VF/Sng=,SGYrNNbl28xXnFp860ucHBBOh4E=
6,36,K7RIyDuLkqXt08QbwI315VF/Sng=,SGYrNNbl28xXnFp860ucHBBOh4E=
7,36,K7RIyDuLkqXt08QbwI315VF/Sng=,SGYrNNbl28xXnFp860ucHBBOh4E=
8,36,K7RIyDuLkqXt08QbwI315VF/Sng=,SGYrNNbl28xXnFp860ucHBBOh4E=
9,36,K7RIyDuLkqXt08QbwI315VF/Sng=,SGYrNNbl28xXnFp860ucHBBOh4E=
10,36,K7RIyDuLkqXt08QbwI315VF/Sng=,SGYrNNbl28xXnFp860ucHBBOh4E=
11,36,K7RIyDuLkqXt08QbwI315VF/Sng=,SGYrNNbl28xXnFp860ucHBBOh4E=
12,36,K7RIyDuLkqXt08QbwI315VF/Sng=,SGYrNNbl28xXnFp860ucHBBOh4E=
13,36,K7RIyDuLkqXt08QbwI315VF/Sng=,SGYrNNbl28xXnFp860ucHBBOh4E=
14,36,K7RIyDuLkqXt08QbwI315VF/Sng=,SGYrNNbl28xXnFp860ucHBBOh4E=
15,36,K7RIyDuLkqXt08QbwI315VF/Sng=,SGYrNNbl28xXnFp860ucHBBOh4E=
0,37,K7RIyDuLkqXt08QbwI315VF/Sng=,SGYrNNbl28xXnFp860ucHBBOh4E=
1,37,K7RIyDuLkqXt08QbwI315VF/Sng=,SGYrNNbl28xXnFp860ucHBBOh4E=
2,37,K7RIyDuLkqXt08QbwI315VF/Sng=,SGYrNNbl28xXnFp860ucHBBOh4E=
3,37,K7RIyDuLkqXt08QbwI315VF/Sng=,SGYrNNbl28xXnFp860ucHBBOh4E=
4,37,K7RIyDuLkqXt08QbwI315VF/Sng=,SGYrNNbl28xXnFp860ucHBBOh4E=
6,32,K7RIyDuLkqXt08QbwI315VF/Sng=,SGYrNNbl28xXnFp860ucHBBOh4E=
5,37,K7RIyDuLkqXt08QbwI315VF/Sng=,SGYrNNbl28xXnFp860ucHBBOh4E=
6,37,K7RIyDuLkqXt08QbwI315VF/Sng=,SGYrNNbl28xXnFp860ucHBBOh4E=
7,37,K7RIyDuLkqXt08QbwI315VF/Sng=,SGYrNNbl28xXnFp860ucHBBOh4E=
8,37,K7RIyDuLkqXt08QbwI315VF/Sng=,SGYrNNbl28xXnFp860ucHBBOh4E=
9,37,K7RIyDuLkqXt08QbwI315VF/Sng=,SGYrNNbl28xXnFp860ucHBBOh4E=
10,37,K7RIyDuLkqXt08QbwI315VF/Sng=,SGYrNNbl28xXnFp860ucHBBOh4E=
11,37,K7RIyDuLkqXt08QbwI315VF/Sng=,SGYrNNbl28xXnFp860ucHBBOh4E=
12,37,K7RIyDuLkqXt08QbwI315VF/Sng=,SGYrNNbl28xXnFp860ucHBBOh4E=
13,37,K7RIyDuLkqXt08QbwI315VF/Sng=,SGYrNNbl28xXnFp860ucHBBOh4E=
2,34,K7RIyDuLkqXt08QbwI315VF/Sng=,SGYrNNbl28xXnFp860ucHBBOh4E=
7,32,K7RIyDuLkqXt08QbwI315VF/Sng=,SGYrNNbl28xXnFp860ucHBBOh4E=
14,37,K7RIyDuLkqXt08QbwI315VF/Sng=,SGYrNNbl28xXnFp860ucHBBOh4E=
15,37,K7RIyDuLkqXt08QbwI315VF/Sng=,SGYrNNbl28xXnFp860ucHBBOh4E=
0,38,K7RIyDuLkqXt08QbwI315VF/Sng=,SGYrNNbl28xXnFp860ucHBBOh4E=
1,38,K7RIyDuLkqXt08QbwI315VF/Sng=,SGYrNNbl28xXnFp860ucHBBOh4E=
2,38,K7RIyDuLkqXt08QbwI315VF/Sng=,SGYrNNbl28xXnFp860ucHBBOh4E=
3,38,K7RIyDuLkqXt08QbwI315VF/Sng=,SGYrNNbl28xXnFp860ucHBBOh4E=
4,38,K7RIyDuLkqXt08QbwI315VF/Sng=,SGYrNNbl28xXnFp860ucHBBOh4E=
5,38,K7RIyDuLkqXt08QbwI315VF/Sng=,SGYrNNbl28xXnFp860ucHBBOh4E=
6,38,K7RIyDuLkqXt08QbwI315VF/Sng=,SGYrNNbl28xXnFp860ucHBBOh4E=
3,34,K7RIyDuLkqXt08QbwI315VF/Sng=,SGYrNNbl28xXnFp860ucHBBOh4E=
7,38,K7RIyDuLkqXt08QbwI315VF/Sng=,SGYrNNbl28xXnFp860ucHBBOh4E=
8,38,K7RIyDuLkqXt08QbwI315VF/Sng=,SGYrNNbl28xXnFp860ucHBBOh4E=
4,34,K7RIyDuLkqXt08QbwI315VF/Sng=,SGYrNNbl28xXnFp860ucHBBOh4E=
9,38,K7RIyDuLkqXt08QbwI315VF/Sng=,SGYrNNbl28xXnFp860ucHBBOh4E=
10,38,K7RIyDuLkqXt08QbwI315VF/Sng=,SGYrNNbl28xXnFp860ucHBBOh4E=
11,38,K7RIyDuLkqXt08QbwI315VF/Sng=,SGYrNNbl28xXnFp860ucHBBOh4E=
8,32,K7RIyDuLkqXt08QbwI315VF/Sng=,SGYrNNbl28xXnFp860ucHBBOh4E=
12,38,K7RIyDuLkqXt08QbwI315VF/Sng=,SGYrNNbl28xXnFp860ucHBBOh4E=
9,32,K7RIyDuLkqXt08QbwI315VF/Sng=,SGYrNNbl28xXnFp860ucHBBOh4E=
10,32,K7RIyDuLkqXt08QbwI315VF/Sng=,SGYrNNbl28xXnFp860ucHBBOh4E=
13,38,K7RIyDuLkqXt08QbwI315VF/Sng=,SGYrNNbl28xXnFp860ucHBBOh4E=
14,38,K7RIyDuLkqXt08QbwI315VF/Sng=,SGYrNNbl28xXnFp860ucHBBOh4E=
15,38,K7RIyDuLkqXt08QbwI315VF/Sng=,SGYrNNbl28xXnFp860ucHBBOh4E=
0,39,K7RIyDuLkqXt08QbwI315VF/Sng=,SGYrNNbl28xXnFp860ucHBBOh4E=
1,39,K7RIyDuLkqXt08QbwI315VF/Sng=,SGYrNNbl28xXnFp860ucHBBOh4E=
2,39,K7RIyDuLkqXt08QbwI315VF/Sng=,SGYrNNbl28xXnFp860ucHBBOh4E=
3,39,K7RIyDuLkqXt08QbwI315VF/Sng=,SGYrNNbl28xXnFp860ucHBBOh4E=
4,39,K7RIyDuLkqXt08QbwI315VF/Sng=,SGYrNNbl28xXnFp860ucHBBOh4E=
5,39,K7RIyDuLkqXt08QbwI315VF/Sng=,SGYrNNbl28xXnFp860ucHBBOh4E=
6,39,K7RIyDuLkqXt08QbwI315VF/Sng=,SGYrNNbl28xXnFp860ucHBBOh4E=
7,39,K7RIyDuLkqXt08QbwI315VF/Sng=,SGYrNNbl28xXnFp860ucHBBOh4E=
8,39,K7RIyDuLkqXt08QbwI315VF/Sng=,SGYrNNbl28xXnFp860ucHBBOh4E=
9,39,K7RIyDuLkqXt08QbwI315VF/Sng=,SGYrNNbl28xXnFp860ucHBBOh4E=
10,39,K7RIyDuLkqXt08QbwI315VF/Sng=,SGYrNNbl28xXnFp860ucHBBOh4E=
11,39,K7RIyDuLkqXt08QbwI315VF/Sng=,SGYrNNbl28xXnFp860ucHBBOh4E=
12,39,K7RIyDuLkqXt08QbwI315VF/Sng=,SGYrNNbl28xXnFp860ucHBBOh4E=
3,47,K7RIyDuLkqXt08QbwI315VF/Sng=,SGYrNNbl28xXnFp860ucHBBOh4E=
13,39,K7RIyDuLkqXt08QbwI315VF/Sng=,SGYrNNbl28xXnFp860ucHBBOh4E=
14,39,K7RIyDuLkqXt08QbwI315VF/Sng=,SGYrNNbl28xXnFp860ucHBBOh4E=
15,39,K7RIyDuLkqXt08QbwI315VF/Sng=,SGYrNNbl28xXnFp860ucHBBOh4E=
0,40,K7RIyDuLkqXt08QbwI315VF/Sng=,SGYrNNbl28xXnFp860ucHBBOh4E=
1,40,K7RIyDuLkqXt08QbwI315VF/Sng=,SGYrNNbl28xXnFp860ucHBBOh4E=
2,40,K7RIyDuLkqXt08QbwI315VF/Sng=,SGYrNNbl28xXnFp860ucHBBOh4E=
3,40,K7RIyDuLkqXt08QbwI315VF/Sng=,SGYrNNbl28xXnFp860ucHBBOh4E=
4,40,K7RIyDuLkqXt08QbwI315VF/Sng=,SGYrNNbl28xXnFp860ucHBBOh4E=
5,40,K7RIyDuLkqXt08QbwI315VF/Sng=,SGYrNNbl28xXnFp860ucHBBOh4E=
6,40,K7RIyDuLkqXt08QbwI315VF/Sng=,SGYrNNbl28xXnFp860ucHBBOh4E=
7,40,K7RIyDuLkqXt08QbwI315VF/Sng=,SGYrNNbl28xXnFp860ucHBBOh4E=
8,40,K7RIyDuLkqXt08QbwI315VF/Sng=,SGYrNNbl28xXnFp860ucHBBOh4E=
9,40,K7RIyDuLkqXt08QbwI315VF/Sng=,SGYrNNbl28xXnFp860ucHBBOh4E=
10,40,K7RIyDuLkqXt08QbwI315VF/Sng=,SGYrNNbl28xXnFp860ucHBBOh4E=
1,32,K7RIyDuLkqXt08QbwI315VF/Sng=,SGYrNNbl28xXnFp860ucHBBOh4E=
11,40,K7RIyDuLkqXt08QbwI315VF/Sng=,SGYrNNbl28xXnFp860ucHBBOh4E=
12,40,K7RIyDuLkqXt08QbwI315VF/Sng=,SGYrNNbl28xXnFp860ucHBBOh4E=
13,40,K7RIyDuLkqXt08QbwI315VF/Sng=,SGYrNNbl28xXnFp860ucHBBOh4E=
14,40,K7RIyDuLkqXt08QbwI315VF/Sng=,SGYrNNbl28xXnFp860ucHBBOh4E=
15,40,K7RIyDuLkqXt08QbwI315VF/Sng=,SGYrNNbl28xXnFp860ucHBBOh4E=
0,41,K7RIyDuLkqXt08QbwI315VF/Sng=,SGYrNNbl28xXnFp860ucHBBOh4E=
1,41,K7RIyDuLkqXt08QbwI315VF/Sng=,SGYrNNbl28xXnFp860ucHBBOh4E=
2,41,K7RIyDuLkqXt08QbwI315VF/Sng=,SGYrNNbl28xXnFp860ucHBBOh4E=
3,41,K7RIyDuLkqXt08QbwI315VF/Sng=,SGYrNNbl28xXnFp860ucHBBOh4E=
4,41,K7RIyDuLkqXt08QbwI315VF/Sng=,SGYrNNbl28xXnFp860ucHBBOh4E=
4,47,K7RIyDuLkqXt08QbwI315VF/Sng=,SGYrNNbl28xXnFp860ucHBBOh4E=
5,41,K7RIyDuLkqXt08QbwI315VF/Sng=,SGYrNNbl28xXnFp860ucHBBOh4E=
6,41,K7RIyDuLkqXt08QbwI315VF/Sng=,SGYrNNbl28xXnFp860ucHBBOh4E=
7,41,K7RIyDuLkqXt08QbwI315VF/Sng=,SGYrNNbl28xXnFp860ucHBBOh4E=
8,41,K7RIyDuLkqXt08QbwI315VF/Sng=,SGYrNNbl28xXnFp860ucHBBOh4E=
9,41,K7RIyDuLkqXt08QbwI315VF/Sng=,SGYrNNbl28xXnFp860ucHBBOh4E=
10,41,K7RIyDuLkqXt08QbwI315VF/Sng=,SGYrNNbl28xXnFp860ucHBBOh4E=
2,47,K7RIyDuLkqXt08QbwI315VF/Sng=,SGYrNNbl28xXnFp860ucHBBOh4E=
11,34,K7RIyDuLkqXt08QbwI315VF/Sng=,SGYrNNbl28xXnFp860ucHBBOh4E=
1,47,K7RIyDuLkqXt08QbwI315VF/Sng=,SGYrNNbl28xXnFp860ucHBBOh4E=
15,46,K7RIyDuLkqXt08QbwI315VF/Sng=,SGYrNNbl28xXnFp860ucHBBOh4E=
14,46,K7RIyDuLkqXt08QbwI315VF/Sng=,SGYrNNbl28xXnFp860ucHBBOh4E=
12,46,K7RIyDuLkqXt08QbwI315VF/Sng=,SGYrNNbl28xXnFp860ucHBBOh4E=
11,46,K7RIyDuLkqXt08QbwI315VF/Sng=,SGYrNNbl28xXnFp860ucHBBOh4E=
10,46,K7RIyDuLkqXt08QbwI315VF/Sng=,SGYrNNbl28xXnFp860ucHBBOh4E=
9,46,K7RIyDuLkqXt08QbwI315VF/Sng=,SGYrNNbl28xXnFp860ucHBBOh4E=
8,46,K7RIyDuLkqXt08QbwI315VF/Sng=,SGYrNNbl28xXnFp860ucHBBOh4E=
13,46,K7RIyDuLkqXt08QbwI315VF/Sng=,SGYrNNbl28xXnFp860ucHBBOh4E=
7,46,K7RIyDuLkqXt08QbwI315VF/Sng=,SGYrNNbl28xXnFp860ucHBBOh4E=
6,46,K7RIyDuLkqXt08QbwI315VF/Sng=,SGYrNNbl28xXnFp860ucHBBOh4E=
5,46,K7RIyDuLkqXt08QbwI315VF/Sng=,SGYrNNbl28xXnFp860ucHBBOh4E=
11,41,K7RIyDuLkqXt08QbwI315VF/Sng=,SGYrNNbl28xXnFp860ucHBBOh4E=
12,41,K7RIyDuLkqXt08QbwI315VF/Sng=,SGYrNNbl28xXnFp860ucHBBOh4E=
5,34,K7RIyDuLkqXt08QbwI315VF/Sng=,SGYrNNbl28xXnFp860ucHBBOh4E=
13,41,K7RIyDuLkqXt08QbwI315VF/Sng=,SGYrNNbl28xXnFp860ucHBBOh4E=
14,41,K7RIyDuLkqXt08QbwI315VF/Sng=,SGYrNNbl28xXnFp860ucHBBOh4E=
0,47,K7RIyDuLkqXt08QbwI315VF/Sng=,SGYrNNbl28xXnFp860ucHBBOh4E=
4,46,K7RIyDuLkqXt08QbwI315VF/Sng=,SGYrNNbl28xXnFp860ucHBBOh4E=
2,46,K7RIyDuLkqXt08QbwI315VF/Sng=,SGYrNNbl28xXnFp860ucHBBOh4E=
15,41,K7RIyDuLkqXt08QbwI315VF/Sng=,SGYrNNbl28xXnFp860ucHBBOh4E=
11,32,K7RIyDuLkqXt08QbwI315VF/Sng=,SGYrNNbl28xXnFp860ucHBBOh4E=
0,42,K7RIyDuLkqXt08QbwI315VF/Sng=,SGYrNNbl28xXnFp860ucHBBOh4E=
1,42,K7RIyDuLkqXt08QbwI315VF/Sng=,SGYrNNbl28xXnFp860ucHBBOh4E=
2,42,K7RIyDuLkqXt08QbwI315VF/Sng=,SGYrNNbl28xXnFp860ucHBBOh4E=
6,34,K7RIyDuLkqXt08QbwI315VF/Sng=,SGYrNNbl28xXnFp860ucHBBOh4E=
3,42,K7RIyDuLkqXt08QbwI315VF/Sng=,SGYrNNbl28xXnFp860ucHBBOh4E=
4,42,K7RIyDuLkqXt08QbwI315VF/Sng=,SGYrNNbl28xXnFp860ucHBBOh4E=
5,42,K7RIyDuLkqXt08QbwI315VF/Sng=,SGYrNNbl28xXnFp860ucHBBOh4E=
6,42,K7RIyDuLkqXt08QbwI315VF/Sng=,SGYrNNbl28xXnFp860ucHBBOh4E=
12,32,K7RIyDuLkqXt08QbwI315VF/Sng=,SGYrNNbl28xXnFp860ucHBBOh4E=
7,42,K7RIyDuLkqXt08QbwI315VF/Sng=,SGYrNNbl28xXnFp860ucHBBOh4E=
3,46,K7RIyDuLkqXt08QbwI315VF/Sng=,SGYrNNbl28xXnFp860ucHBBOh4E=
3,32,K7RIyDuLkqXt08QbwI315VF/Sng=,SGYrNNbl28xXnFp860ucHBBOh4E=
8,42,K7RIyDuLkqXt08QbwI315VF/Sng=,SGYrNNbl28xXnFp860ucHBBOh4E=
13,32,K7RIyDuLkqXt08QbwI315VF/Sng=,SGYrNNbl28xXnFp860ucHBBOh4E=
1,46,K7RIyDuLkqXt08QbwI315VF/Sng=,SGYrNNbl28xXnFp860ucHBBOh4E=
15,45,K7RIyDuLkqXt08QbwI315VF/Sng=,SGYrNNbl28xXnFp860ucHBBOh4E=
14,45,K7RIyDuLkqXt08QbwI315VF/Sng=,SGYrNNbl28xXnFp860ucHBBOh4E=
13,45,K7RIyDuLkqXt08QbwI315VF/Sng=,SGYrNNbl28xXnFp860ucHBBOh4E=
12,45,K7RIyDuLkqXt08QbwI315VF/Sng=,SGYrNNbl28xXnFp860ucHBBOh4E=
11,45,K7RIyDuLkqXt08QbwI315VF/Sng=,SGYrNNbl28xXnFp860ucHBBOh4E=
10,45,K7RIyDuLkqXt08QbwI315VF/Sng=,SGYrNNbl28xXnFp860ucHBBOh4E=
9,45,K7RIyDuLkqXt08QbwI315VF/Sng=,SGYrNNbl28xXnFp860ucHBBOh4E=
8,45,K7RIyDuLkqXt08QbwI315VF/Sng=,SGYrNNbl28xXnFp860ucHBBOh4E=
7,45,K7RIyDuLkqXt08QbwI315VF/Sng=,SGYrNNbl28xXnFp860ucHBBOh4E=
15,33,K7RIyDuLkqXt08QbwI315VF/Sng=,SGYrNNbl28xXnFp860ucHBBOh4E=
1,33,K7RIyDuLkqXt08QbwI315VF/Sng=,SGYrNNbl28xXnFp860ucHBBOh4E=
10,34,K7RIyDuLkqXt08QbwI315VF/Sng=,SGYrNNbl28xXnFp860ucHBBOh4E=
6,45,K7RIyDuLkqXt08QbwI315VF/Sng=,SGYrNNbl28xXnFp860ucHBBOh4E=
5,45,K7RIyDuLkqXt08QbwI315VF/Sng=,SGYrNNbl28xXnFp860ucHBBOh4E=
4,45,K7RIyDuLkqXt08QbwI315VF/Sng=,SGYrNNbl28xXnFp860ucHBBOh4E=
3,45,K7RIyDuLkqXt08QbwI315VF/Sng=,SGYrNNbl28xXnFp860ucHBBOh4E=
9,42,K7RIyDuLkqXt08QbwI315VF/Sng=,SGYrNNbl28xXnFp860ucHBBOh4E=
0,33,K7RIyDuLkqXt08QbwI315VF/Sng=,SGYrNNbl28xXnFp860ucHBBOh4E=
2,45,K7RIyDuLkqXt08QbwI315VF/Sng=,SGYrNNbl28xXnFp860ucHBBOh4E=
1,45,K7RIyDuLkqXt08QbwI315VF/Sng=,SGYrNNbl28xXnFp860ucHBBOh4E=
0,45,K7RIyDuLkqXt08QbwI315VF/Sng=,SGYrNNbl28xXnFp860ucHBBOh4E=
15,44,K7RIyDuLkqXt08QbwI315VF/Sng=,SGYrNNbl28xXnFp860ucHBBOh4E=
14,44,K7RIyDuLkqXt08QbwI315VF/Sng=,SGYrNNbl28xXnFp860ucHBBOh4E=
13,44,K7RIyDuLkqXt08QbwI315VF/Sng=,SGYrNNbl28xXnFp860ucHBBOh4E=
14,33,K7RIyDuLkqXt08QbwI315VF/Sng=,SGYrNNbl28xXnFp860ucHBBOh4E=
12,44,K7RIyDuLkqXt08QbwI315VF/Sng=,SGYrNNbl28xXnFp860ucHBBOh4E=
11,44,K7RIyDuLkqXt08QbwI315VF/Sng=,SGYrNNbl28xXnFp860ucHBBOh4E=
13,33,K7RIyDuLkqXt08QbwI315VF/Sng=,SGYrNNbl28xXnFp860ucHBBOh4E=
10,44,K7RIyDuLkqXt08QbwI315VF/Sng=,SGYrNNbl28xXnFp860ucHBBOh4E=
9,44,K7RIyDuLkqXt08QbwI315VF/Sng=,SGYrNNbl28xXnFp860ucHBBOh4E=
12,33,K7RIyDuLkqXt08QbwI315VF/Sng=,SGYrNNbl28xXnFp860ucHBBOh4E=
11,33,K7RIyDuLkqXt08QbwI315VF/Sng=,SGYrNNbl28xXnFp860ucHBBOh4E=
8,44,K7RIyDuLkqXt08QbwI315VF/Sng=,SGYrNNbl28xXnFp860ucHBBOh4E=
10,33,K7RIyDuLkqXt08QbwI315VF/Sng=,SGYrNNbl28xXnFp860ucHBBOh4E=
7,44,K7RIyDuLkqXt08QbwI315VF/Sng=,SGYrNNbl28xXnFp860ucHBBOh4E=
9,33,K7RIyDuLkqXt08QbwI315VF/Sng=,SGYrNNbl28xXnFp860ucHBBOh4E=
0,46,K7RIyDuLkqXt08QbwI315VF/Sng=,SGYrNNbl28xXnFp860ucHBBOh4E=
8,33,K7RIyDuLkqXt08QbwI315VF/Sng=,SGYrNNbl28xXnFp860ucHBBOh4E=
7,33,K7RIyDuLkqXt08QbwI315VF/Sng=,SGYrNNbl28xXnFp860ucHBBOh4E=
5,44,K7RIyDuLkqXt08QbwI315VF/Sng=,SGYrNNbl28xXnFp860ucHBBOh4E=
6,33,K7RIyDuLkqXt08QbwI315VF/Sng=,SGYrNNbl28xXnFp860ucHBBOh4E=
4,44,K7RIyDuLkqXt08QbwI315VF/Sng=,SGYrNNbl28xXnFp860ucHBBOh4E=
3,44,K7RIyDuLkqXt08QbwI315VF/Sng=,SGYrNNbl28xXnFp860ucHBBOh4E=
1,44,K7RIyDuLkqXt08QbwI315VF/Sng=,SGYrNNbl28xXnFp860ucHBBOh4E=
2,44,K7RIyDuLkqXt08QbwI315VF/Sng=,SGYrNNbl28xXnFp860ucHBBOh4E=
5,33,K7RIyDuLkqXt08QbwI315VF/Sng=,SGYrNNbl28xXnFp860ucHBBOh4E=
4,33,K7RIyDuLkqXt08QbwI315VF/Sng=,SGYrNNbl28xXnFp860ucHBBOh4E=
3,33,K7RIyDuLkqXt08QbwI315VF/Sng=,SGYrNNbl28xXnFp860ucHBBOh4E=
0,44,K7RIyDuLkqXt08QbwI315VF/Sng=,SGYrNNbl28xXnFp860ucHBBOh4E=
2,33,K7RIyDuLkqXt08QbwI315VF/Sng=,SGYrNNbl28xXnFp860ucHBBOh4E=
2,32,K7RIyDuLkqXt08QbwI315VF/Sng=,SGYrNNbl28xXnFp860ucHBBOh4E=
9,34,K7RIyDuLkqXt08QbwI315VF/Sng=,SGYrNNbl28xXnFp860ucHBBOh4E=
15,43,K7RIyDuLkqXt08QbwI315VF/Sng=,SGYrNNbl28xXnFp860ucHBBOh4E=
15,32,K7RIyDuLkqXt08QbwI315VF/Sng=,SGYrNNbl28xXnFp860ucHBBOh4E=
14,43,K7RIyDuLkqXt08QbwI315VF/Sng=,SGYrNNbl28xXnFp860ucHBBOh4E=
8,34,K7RIyDuLkqXt08QbwI315VF/Sng=,SGYrNNbl28xXnFp860ucHBBOh4E=
13,43,K7RIyDuLkqXt08QbwI315VF/Sng=,SGYrNNbl28xXnFp860ucHBBOh4E=
12,43,K7RIyDuLkqXt08QbwI315VF/Sng=,SGYrNNbl28xXnFp860ucHBBOh4E=
11,43,K7RIyDuLkqXt08QbwI315VF/Sng=,SGYrNNbl28xXnFp860ucHBBOh4E=
10,43,K7RIyDuLkqXt08QbwI315VF/Sng=,SGYrNNbl28xXnFp860ucHBBOh4E=
9,43,K7RIyDuLkqXt08QbwI315VF/Sng=,SGYrNNbl28xXnFp860ucHBBOh4E=
14,32,K7RIyDuLkqXt08QbwI315VF/Sng=,SGYrNNbl28xXnFp860ucHBBOh4E=
6,44,K7RIyDuLkqXt08QbwI315VF/Sng=,SGYrNNbl28xXnFp860ucHBBOh4E=
7,34,K7RIyDuLkqXt08QbwI315VF/Sng=,SGYrNNbl28xXnFp860ucHBBOh4E=
7,43,K7RIyDuLkqXt08QbwI315VF/Sng=,SGYrNNbl28xXnFp860ucHBBOh4E=
6,43,K7RIyDuLkqXt08QbwI315VF/Sng=,SGYrNNbl28xXnFp860ucHBBOh4E=
5,43,K7RIyDuLkqXt08QbwI315VF/Sng=,SGYrNNbl28xXnFp860ucHBBOh4E=
10,42,K7RIyDuLkqXt08QbwI315VF/Sng=,SGYrNNbl28xXnFp860ucHBBOh4E=
4,43,K7RIyDuLkqXt08QbwI315VF/Sng=,SGYrNNbl28xXnFp860ucHBBOh4E=
3,43,K7RIyDuLkqXt08QbwI315VF/Sng=,SGYrNNbl28xXnFp860ucHBBOh4E=
2,43,K7RIyDuLkqXt08QbwI315VF/Sng=,SGYrNNbl28xXnFp860ucHBBOh4E=
1,43,K7RIyDuLkqXt08QbwI315VF/Sng=,SGYrNNbl28xXnFp860ucHBBOh4E=
0,43,K7RIyDuLkqXt08QbwI315VF/Sng=,SGYrNNbl28xXnFp860ucHBBOh4E=
15,42,K7RIyDuLkqXt08QbwI315VF/Sng=,SGYrNNbl28xXnFp860ucHBBOh4E=
14,42,K7RIyDuLkqXt08QbwI315VF/Sng=,SGYrNNbl28xXnFp860ucHBBOh4E=
13,42,K7RIyDuLkqXt08QbwI315VF/Sng=,SGYrNNbl28xXnFp860ucHBBOh4E=
12,42,K7RIyDuLkqXt08QbwI315VF/Sng=,SGYrNNbl28xXnFp860ucHBBOh4E=
11,42,K7RIyDuLkqXt08QbwI315VF/Sng=,SGYrNNbl28xXnFp860ucHBBOh4E=
8,43,K7RIyDuLkqXt08QbwI315VF/Sng=,SGYrNNbl28xXnFp860ucHBBOh4E=
3,48,K7RIyDuLkqXt08QbwI315VF/Sng=,+nTBUyMNIu16Lb8hnjr4pxuQ500=
13,50,K7RIyDuLkqXt08QbwI315VF/Sng=,+nTBUyMNIu16Lb8hnjr4pxuQ500=
12,50,K7RIyDuLkqXt08QbwI315VF/Sng=,+nTBUyMNIu16Lb8hnjr4pxuQ500=
15,63,K7RIyDuLkqXt08QbwI315VF/Sng=,+nTBUyMNIu16Lb8hnjr4pxuQ500=
11,50,K7RIyDuLkqXt08QbwI315VF/Sng=,+nTBUyMNIu16Lb8hnjr4pxuQ500=
9,50,K7RIyDuLkqXt08QbwI315VF/Sng=,+nTBUyMNIu16Lb8hnjr4pxuQ500=
10,50,K7RIyDuLkqXt08QbwI315VF/Sng=,+nTBUyMNIu16Lb8hnjr4pxuQ500=
12,51,K7RIyDuLkqXt08QbwI315VF/Sng=,+nTBUyMNIu16Lb8hnjr4pxuQ500=
14,50,K7RIyDuLkqXt08QbwI315VF/Sng=,+nTBUyMNIu16Lb8hnjr4pxuQ500=
8,50,K7RIyDuLkqXt08QbwI315VF/Sng=,+nTBUyMNIu16Lb8hnjr4pxuQ500=
2,49,K7RIyDuLkqXt08QbwI315VF/Sng=,+nTBUyMNIu16Lb8hnjr4pxuQ500=
6,50,K7RIyDuLkqXt08QbwI315VF/Sng=,+nTBUyMNIu16Lb8hnjr4pxuQ500=
7,50,K7RIyDuLkqXt08QbwI315VF/Sng=,+nTBUyMNIu16Lb8hnjr4pxuQ500=
13,51,K7RIyDuLkqXt08QbwI315VF/Sng=,+nTBUyMNIu16Lb8hnjr4pxuQ500=
5,50,K7RIyDuLkqXt08QbwI315VF/Sng=,+nTBUyMNIu16Lb8hnjr4pxuQ500=
14,51,K7RIyDuLkqXt08QbwI315VF/Sng=,+nTBUyMNIu16Lb8hnjr4pxuQ500=
4,50,K7RIyDuLkqXt08QbwI315VF/Sng=,+nTBUyMNIu16Lb8hnjr4pxuQ500=
15,51,K7RIyDuLkqXt08QbwI315VF/Sng=,+nTBUyMNIu16Lb8hnjr4pxuQ500=
3,50,K7RIyDuLkqXt08QbwI315VF/Sng=,+nTBUyMNIu16Lb8hnjr4pxuQ500=
1,52,K7RIyDuLkqXt08QbwI315VF/Sng=,+nTBUyMNIu16Lb8hnjr4pxuQ500=
0,52,K7RIyDuLkqXt08QbwI315VF/Sng=,+nTBUyMNIu16Lb8hnjr4pxuQ500=
2,50,K7RIyDuLkqXt08QbwI315VF/Sng=,+nTBUyMNIu16Lb8hnjr4pxuQ500=
1,50,K7RIyDuLkqXt08QbwI315VF/Sng=,+nTBUyMNIu16Lb8hnjr4pxuQ500=
2,52,K7RIyDuLkqXt08QbwI315VF/Sng=,+nTBUyMNIu16Lb8hnjr4pxuQ500=
3,52,K7RIyDuLkqXt08QbwI315VF/Sng=,+nTBUyMNIu16Lb8hnjr4pxuQ500=
3,49,K7RIyDuLkqXt08QbwI315VF/Sng=,+nTBUyMNIu16Lb8hnjr4pxuQ500=
4,48,K7RIyDuLkqXt08QbwI315VF/Sng=,+nTBUyMNIu16Lb8hnjr4pxuQ500=
4,52,K7RIyDuLkqXt08QbwI315VF/Sng=,+nTBUyMNIu16Lb8hnjr4pxuQ500=
5,52,K7RIyDuLkqXt08QbwI315VF/Sng=,+nTBUyMNIu16Lb8hnjr4pxuQ500=
6,52,K7RIyDuLkqXt08QbwI315VF/Sng=,+nTBUyMNIu16Lb8hnjr4pxuQ500=
7,52,K7RIyDuLkqXt08QbwI315VF/Sng=,+nTBUyMNIu16Lb8hnjr4pxuQ500=
8,52,K7RIyDuLkqXt08QbwI315VF/Sng=,+nTBUyMNIu16Lb8hnjr4pxuQ500=
9,52,K7RIyDuLkqXt08QbwI315VF/Sng=,+nTBUyMNIu16Lb8hnjr4pxuQ500=
10,52,K7RIyDuLkqXt08QbwI315VF/Sng=,+nTBUyMNIu16Lb8hnjr4pxuQ500=
11,52,K7RIyDuLkqXt08QbwI315VF/Sng=,+nTBUyMNIu16Lb8hnjr4pxuQ500=
15,50,K7RIyDuLkqXt08QbwI315VF/Sng=,+nTBUyMNIu16Lb8hnjr4pxuQ500=
4,49,K7RIyDuLkqXt08QbwI315VF/Sng=,+nTBUyMNIu16Lb8hnjr4pxuQ500=
5,48,K7RIyDuLkqXt08QbwI315VF/Sng=,+nTBUyMNIu16Lb8hnjr4pxuQ500=
12,52,K7RIyDuLkqXt08QbwI315VF/Sng=,+nTBUyMNIu16Lb8hnjr4pxuQ500=
13,52,K7RIyDuLkqXt08QbwI315VF/Sng=,+nTBUyMNIu16Lb8hnjr4pxuQ500=
14,52,K7RIyDuLkqXt08QbwI315VF/Sng=,+nTBUyMNIu16Lb8hnjr4pxuQ500=
14,63,K7RIyDuLkqXt08QbwI315VF/Sng=,+nTBUyMNIu16Lb8hnjr4pxuQ500=
0,48,K7RIyDuLkqXt08QbwI315VF/Sng=,+nTBUyMNIu16Lb8hnjr4pxuQ500=
15,52,K7RIyDuLkqXt08QbwI315VF/Sng=,+nTBUyMNIu16Lb8hnjr4pxuQ500=
0,53,K7RIyDuLkqXt08QbwI315VF/Sng=,+nTBUyMNIu16Lb8hnjr4pxuQ500=
1,53,K7RIyDuLkqXt08QbwI315VF/Sng=,+nTBUyMNIu16Lb8hnjr4pxuQ500=
2,53,K7RIyDuLkqXt08QbwI315VF/Sng=,+nTBUyMNIu16Lb8hnjr4pxuQ500=
3,53,K7RIyDuLkqXt08QbwI315VF/Sng=,+nTBUyMNIu16Lb8hnjr4pxuQ500=
4,53,K7RIyDuLkqXt08QbwI315VF/Sng=,+nTBUyMNIu16Lb8hnjr4pxuQ500=
5,53,K7RIyDuLkqXt08QbwI315VF/Sng=,+nTBUyMNIu16Lb8hnjr4pxuQ500=
6,53,K7RIyDuLkqXt08QbwI315VF/Sng=,+nTBUyMNIu16Lb8hnjr4pxuQ500=
7,53,K7RIyDuLkqXt08QbwI315VF/Sng=,+nTBUyMNIu16Lb8hnjr4pxuQ500=
8,53,K7RIyDuLkqXt08QbwI315VF/Sng=,+nTBUyMNIu16Lb8hnjr4pxuQ500=
9,53,K7RIyDuLkqXt08QbwI315VF/Sng=,+nTBUyMNIu16Lb8hnjr4pxuQ500=
0,51,K7RIyDuLkqXt08QbwI315VF/Sng=,+nTBUyMNIu16Lb8hnjr4pxuQ500=
5,49,K7RIyDuLkqXt08QbwI315VF/Sng=,+nTBUyMNIu16Lb8hnjr4pxuQ500=
10,53,K7RIyDuLkqXt08QbwI315VF/Sng=,+nTBUyMNIu16Lb8hnjr4pxuQ500=
11,53,K7RIyDuLkqXt08QbwI315VF/Sng=,+nTBUyMNIu16Lb8hnjr4pxuQ500=
12,53,K7RIyDuLkqXt08QbwI315VF/Sng=,+nTBUyMNIu16Lb8hnjr4pxuQ500=
13,53,K7RIyDuLkqXt08QbwI315VF/Sng=,+nTBUyMNIu16Lb8hnjr4pxuQ500=
6,48,K7RIyDuLkqXt08QbwI315VF/Sng=,+nTBUyMNIu16Lb8hnjr4pxuQ500=
14,53,K7RIyDuLkqXt08QbwI315VF/Sng=,+nTBUyMNIu16Lb8hnjr4pxuQ500=
15,53,K7RIyDuLkqXt08QbwI315VF/Sng=,+nTBUyMNIu16Lb8hnjr4pxuQ500=
0,54,K7RIyDuLkqXt08QbwI315VF/Sng=,+nTBUyMNIu16Lb8hnjr4pxuQ500=
1,54,K7RIyDuLkqXt08QbwI315VF/Sng=,+nTBUyMNIu16Lb8hnjr4pxuQ500=
2,54,K7RIyDuLkqXt08QbwI315VF/Sng=,+nTBUyMNIu16Lb8hnjr4pxuQ500=
3,54,K7RIyDuLkqXt08QbwI315VF/Sng=,+nTBUyMNIu16Lb8hnjr4pxuQ500=
4,54,K7RIyDuLkqXt08QbwI315VF/Sng=,+nTBUyMNIu16Lb8hnjr4pxuQ500=
5,54,K7RIyDuLkqXt08QbwI315VF/Sng=,+nTBUyMNIu16Lb8hnjr4pxuQ500=
6,54,K7RIyDuLkqXt08QbwI315VF/Sng=,+nTBUyMNIu16Lb8hnjr4pxuQ500=
7,54,K7RIyDuLkqXt08QbwI315VF/Sng=,+nTBUyMNIu16Lb8hnjr4pxuQ500=
7,48,K7RIyDuLkqXt08QbwI315VF/Sng=,+nTBUyMNIu16Lb8hnjr4pxuQ500=
8,54,K7RIyDuLkqXt08QbwI315VF/Sng=,+nTBUyMNIu16Lb8hnjr4pxuQ500=
1,51,K7RIyDuLkqXt08QbwI315VF/Sng=,+nTBUyMNIu16Lb8hnjr4pxuQ500=
6,49,K7RIyDuLkqXt08QbwI315VF/Sng=,+nTBUyMNIu16Lb8hnjr4pxuQ500=
9,54,K7RIyDuLkqXt08QbwI315VF/Sng=,+nTBUyMNIu16Lb8hnjr4pxuQ500=
10,54,K7RIyDuLkqXt08QbwI315VF/Sng=,+nTBUyMNIu16Lb8hnjr4pxuQ500=
11,54,K7RIyDuLkqXt08QbwI315VF/Sng=,+nTBUyMNIu16Lb8hnjr4pxuQ500=
12,54,K7RIyDuLkqXt08QbwI315VF/Sng=,+nTBUyMNIu16Lb8hnjr4pxuQ500=
13,54,K7RIyDuLkqXt08QbwI315VF/Sng=,+nTBUyMNIu16Lb8hnjr4pxuQ500=
14,54,K7RIyDuLkqXt08QbwI315VF/Sng=,+nTBUyMNIu16Lb8hnjr4pxuQ500=
15,54,K7RIyDuLkqXt08QbwI315VF/Sng=,+nTBUyMNIu16Lb8hnjr4pxuQ500=
0,55,K7RIyDuLkqXt08QbwI315VF/Sng=,+nTBUyMNIu16Lb8hnjr4pxuQ500=
1,55,K7RIyDuLkqXt08QbwI315VF/Sng=,+nTBUyMNIu16Lb8hnjr4pxuQ500=
2,55,K7RIyDuLkqXt08QbwI315VF/Sng=,+nTBUyMNIu16Lb8hnjr4pxuQ500=
3,55,K7RIyDuLkqXt08QbwI315VF/Sng=,+nTBUyMNIu16Lb8hnjr4pxuQ500=
4,55,K7RIyDuLkqXt08QbwI315VF/Sng=,+nTBUyMNIu16Lb8hnjr4pxuQ500=
5,55,K7RIyDuLkqXt08QbwI315VF/Sng=,+nTBUyMNIu16Lb8hnjr4pxuQ500=
8,48,K7RIyDuLkqXt08QbwI315VF/Sng=,+nTBUyMNIu16Lb8hnjr4pxuQ500=
6,55,K7RIyDuLkqXt08QbwI315VF/Sng=,+nTBUyMNIu16Lb8hnjr4pxuQ500=
9,48,K7RIyDuLkqXt08QbwI315VF/Sng=,+nTBUyMNIu16Lb8hnjr4pxuQ500=
10,48,K7RIyDuLkqXt08QbwI315VF/Sng=,+nTBUyMNIu16Lb8hnjr4pxuQ500=
7,55,K7RIyDuLkqXt08QbwI315VF/Sng=,+nTBUyMNIu16Lb8hnjr4pxuQ500=
8,55,K7RIyDuLkqXt08QbwI315VF/Sng=,+nTBUyMNIu16Lb8hnjr4pxuQ500=
2,51,K7RIyDuLkqXt08QbwI315VF/Sng=,+nTBUyMNIu16Lb8hnjr4pxuQ500=
7,49,K7RIyDuLkqXt08QbwI315VF/Sng=,+nTBUyMNIu16Lb8hnjr4pxuQ500=
9,55,K7RIyDuLkqXt08QbwI315VF/Sng=,+nTBUyMNIu16Lb8hnjr4pxuQ500=
10,55,K7RIyDuLkqXt08QbwI315VF/Sng=,+nTBUyMNIu16Lb8hnjr4pxuQ500=
11,55,K7RIyDuLkqXt08QbwI315VF/Sng=,+nTBUyMNIu16Lb8hnjr4pxuQ500=
12,55,K7RIyDuLkqXt08QbwI315VF/Sng=,+nTBUyMNIu16Lb8hnjr4pxuQ500=
13,55,K7RIyDuLkqXt08QbwI315VF/Sng=,+nTBUyMNIu16Lb8hnjr4pxuQ500=
14,55,K7RIyDuLkqXt08QbwI315VF/Sng=,+nTBUyMNIu16Lb8hnjr4pxuQ500=
15,55,K7RIyDuLkqXt08QbwI315VF/Sng=,+nTBUyMNIu16Lb8hnjr4pxuQ500=
0,56,K7RIyDuLkqXt08QbwI315VF/Sng=,+nTBUyMNIu16Lb8hnjr4pxuQ500=
1,56,K7RIyDuLkqXt08QbwI315VF/Sng=,+nTBUyMNIu16Lb8hnjr4pxuQ500=
2,56,K7RIyDuLkqXt08QbwI315VF/Sng=,+nTBUyMNIu16Lb8hnjr4pxuQ500=
3,56,K7RIyDuLkqXt08QbwI315VF/Sng=,+nTBUyMNIu16Lb8hnjr4pxuQ500=
4,56,K7RIyDuLkqXt08QbwI315VF/Sng=,+nTBUyMNIu16Lb8hnjr4pxuQ500=
5,56,K7RIyDuLkqXt08QbwI315VF/Sng=,+nTBUyMNIu16Lb8hnjr4pxuQ500=
6,56,K7RIyDuLkqXt08QbwI315VF/Sng=,+nTBUyMNIu16Lb8hnjr4pxuQ500=
3,51,K7RIyDuLkqXt08QbwI315VF/Sng=,+nTBUyMNIu16Lb8hnjr4pxuQ500=
8,49,K7RIyDuLkqXt08QbwI315VF/Sng=,+nTBUyMNIu16Lb8hnjr4pxuQ500=
7,56,K7RIyDuLkqXt08QbwI315VF/Sng=,+nTBUyMNIu16Lb8hnjr4pxuQ500=
8,56,K7RIyDuLkqXt08QbwI315VF/Sng=,+nTBUyMNIu16Lb8hnjr4pxuQ500=
9,56,K7RIyDuLkqXt08QbwI315VF/Sng=,+nTBUyMNIu16Lb8hnjr4pxuQ500=
10,56,K7RIyDuLkqXt08QbwI315VF/Sng=,+nTBUyMNIu16Lb8hnjr4pxuQ500=
11,56,K7RIyDuLkqXt08QbwI315VF/Sng=,+nTBUyMNIu16Lb8hnjr4pxuQ500=
12,56,K7RIyDuLkqXt08QbwI315VF/Sng=,+nTBUyMNIu16Lb8hnjr4pxuQ500=
13,56,K7RIyDuLkqXt08QbwI315VF/Sng=,+nTBUyMNIu16Lb8hnjr4pxuQ500=
14,56,K7RIyDuLkqXt08QbwI315VF/Sng=,+nTBUyMNIu16Lb8hnjr4pxuQ500=
15,56,K7RIyDuLkqXt08QbwI315VF/Sng=,+nTBUyMNIu16Lb8hnjr4pxuQ500=
0,57,K7RIyDuLkqXt08QbwI315VF/Sng=,+nTBUyMNIu16Lb8hnjr4pxuQ500=
11,48,K7RIyDuLkqXt08QbwI315VF/Sng=,+nTBUyMNIu16Lb8hnjr4pxuQ500=
1,57,K7RIyDuLkqXt08QbwI315VF/Sng=,+nTBUyMNIu16Lb8hnjr4pxuQ500=
2,57,K7RIyDuLkqXt08QbwI315VF/Sng=,+nTBUyMNIu16Lb8hnjr4pxuQ500=
3,57,K7RIyDuLkqXt08QbwI315VF/Sng=,+nTBUyMNIu16Lb8hnjr4pxuQ500=
4,57,K7RIyDuLkqXt08QbwI315VF/Sng=,+nTBUyMNIu16Lb8hnjr4pxuQ500=
4,51,K7RIyDuLkqXt08QbwI315VF/Sng=,+nTBUyMNIu16Lb8hnjr4pxuQ500=
9,49,K7RIyDuLkqXt08QbwI315VF/Sng=,+nTBUyMNIu16Lb8hnjr4pxuQ500=
5,57,K7RIyDuLkqXt08QbwI315VF/Sng=,+nTBUyMNIu16Lb8hnjr4pxuQ500=
6,57,K7RIyDuLkqXt08QbwI315VF/Sng=,+nTBUyMNIu16Lb8hnjr4pxuQ500=
7,57,K7RIyDuLkqXt08QbwI315VF/Sng=,+nTBUyMNIu16Lb8hnjr4pxuQ500=
8,57,K7RIyDuLkqXt08QbwI315VF/Sng=,+nTBUyMNIu16Lb8hnjr4pxuQ500=
9,57,K7RIyDuLkqXt08QbwI315VF/Sng=,+nTBUyMNIu16Lb8hnjr4pxuQ500=
10,57,K7RIyDuLkqXt08QbwI315VF/Sng=,+nTBUyMNIu16Lb8hnjr4pxuQ500=
11,57,K7RIyDuLkqXt08QbwI315VF/Sng=,+nTBUyMNIu16Lb8hnjr4pxuQ500=
12,57,K7RIyDuLkqXt08QbwI315VF/Sng=,+nTBUyMNIu16Lb8hnjr4pxuQ500=
13,57,K7RIyDuLkqXt08QbwI315VF/Sng=,+nTBUyMNIu16Lb8hnjr4pxuQ500=
14,57,K7RIyDuLkqXt08QbwI315VF/Sng=,+nTBUyMNIu16Lb8hnjr4pxuQ500=
15,57,K7RIyDuLkqXt08QbwI315VF/Sng=,+nTBUyMNIu16Lb8hnjr4pxuQ500=
13,63,K7RIyDuLkqXt08QbwI315VF/Sng=,+nTBUyMNIu16Lb8hnjr4pxuQ500=
2,48,K7RIyDuLkqXt08QbwI315VF/Sng=,+nTBUyMNIu16Lb8hnjr4pxuQ500=
11,51,K7RIyDuLkqXt08QbwI315VF/Sng=,+nTBUyMNIu16Lb8hnjr4pxuQ500=
0,58,K7RIyDuLkqXt08QbwI315VF/Sng=,+nTBUyMNIu16Lb8hnjr4pxuQ500=
1,58,K7RIyDuLkqXt08QbwI315VF/Sng=,+nTBUyMNIu16Lb8hnjr4pxuQ500=
2,58,K7RIyDuLkqXt08QbwI315VF/Sng=,+nTBUyMNIu16Lb8hnjr4pxuQ500=
3,58,K7RIyDuLkqXt08QbwI315VF/Sng=,+nTBUyMNIu16Lb8hnjr4pxuQ500=
5,51,K7RIyDuLkqXt08QbwI315VF/Sng=,+nTBUyMNIu16Lb8hnjr4pxuQ500=
12,48,K7RIyDuLkqXt08QbwI315VF/Sng=,+nTBUyMNIu16Lb8hnjr4pxuQ500=
10,49,K7RIyDuLkqXt08QbwI315VF/Sng=,+nTBUyMNIu16Lb8hnjr4pxuQ500=
4,58,K7RIyDuLkqXt08QbwI315VF/Sng=,+nTBUyMNIu16Lb8hnjr4pxuQ500=
5,58,K7RIyDuLkqXt08QbwI315VF/Sng=,+nTBUyMNIu16Lb8hnjr4pxuQ500=
6,58,K7RIyDuLkqXt08QbwI315VF/Sng=,+nTBUyMNIu16Lb8hnjr4pxuQ500=
7,58,K7RIyDuLkqXt08QbwI315VF/Sng=,+nTBUyMNIu16Lb8hnjr4pxuQ500=
8,58,K7RIyDuLkqXt08QbwI315VF/Sng=,+nTBUyMNIu16Lb8hnjr4pxuQ500=
9,58,K7RIyDuLkqXt08QbwI315VF/Sng=,+nTBUyMNIu16Lb8hnjr4pxuQ500=
10,58,K7RIyDuLkqXt08QbwI315VF/Sng=,+nTBUyMNIu16Lb8hnjr4pxuQ500=
13,48,K7RIyDuLkqXt08QbwI315VF/Sng=,+nTBUyMNIu16Lb8hnjr4pxuQ500=
11,58,K7RIyDuLkqXt08QbwI315VF/Sng=,+nTBUyMNIu16Lb8hnjr4pxuQ500=
12,58,K7RIyDuLkqXt08QbwI315VF/Sng=,+nTBUyMNIu16Lb8hnjr4pxuQ500=
14,48,K7RIyDuLkqXt08QbwI315VF/Sng=,+nTBUyMNIu16Lb8hnjr4pxuQ500=
13,58,K7RIyDuLkqXt08QbwI315VF/Sng=,+nTBUyMNIu16Lb8hnjr4pxuQ500=
14,58,K7RIyDuLkqXt08QbwI315VF/Sng=,+nTBUyMNIu16Lb8hnjr4pxuQ500=
15,58,K7RIyDuLkqXt08QbwI315VF/Sng=,+nTBUyMNIu16Lb8hnjr4pxuQ500=
0,59,K7RIyDuLkqXt08QbwI315VF/Sng=,+nTBUyMNIu16Lb8hnjr4pxuQ500=
1,59,K7RIyDuLkqXt08QbwI315VF/Sng=,+nTBUyMNIu16Lb8hnjr4pxuQ500=
2,59,K7RIyDuLkqXt08QbwI315VF/Sng=,+nTBUyMNIu16Lb8hnjr4pxuQ500=
6,51,K7RIyDuLkqXt08QbwI315VF/Sng=,+nTBUyMNIu16Lb8hnjr4pxuQ500=
11,49,K7RIyDuLkqXt08QbwI315VF/Sng=,+nTBUyMNIu16Lb8hnjr4pxuQ500=
3,59,K7RIyDuLkqXt08QbwI315VF/Sng=,+nTBUyMNIu16Lb8hnjr4pxuQ500=
4,59,K7RIyDuLkqXt08QbwI315VF/Sng=,+nTBUyMNIu16Lb8hnjr4pxuQ500=
5,59,K7RIyDuLkqXt08QbwI315VF/Sng=,+nTBUyMNIu16Lb8hnjr4pxuQ500=
6,59,K7RIyDuLkqXt08QbwI315VF/Sng=,+nTBUyMNIu16Lb8hnjr4pxuQ500=
7,59,K7RIyDuLkqXt08QbwI315VF/Sng=,+nTBUyMNIu16Lb8hnjr4pxuQ500=
8,59,K7RIyDuLkqXt08QbwI315VF/Sng=,+nTBUyMNIu16Lb8hnjr4pxuQ500=
9,59,K7RIyDuLkqXt08QbwI315VF/Sng=,+nTBUyMNIu16Lb8hnjr4pxuQ500=
10,59,K7RIyDuLkqXt08QbwI315VF/Sng=,+nTBUyMNIu16Lb8hnjr4pxuQ500=
11,59,K7RIyDuLkqXt08QbwI315VF/Sng=,+nTBUyMNIu16Lb8hnjr4pxuQ500=
15,48,K7RIyDuLkqXt08QbwI315VF/Sng=,+nTBUyMNIu16Lb8hnjr4pxuQ500=
12,59,K7RIyDuLkqXt08QbwI315VF/Sng=,+nTBUyMNIu16Lb8hnjr4pxuQ500=
13,59,K7RIyDuLkqXt08QbwI315VF/Sng=,+nTBUyMNIu16Lb8hnjr4pxuQ500=
14,59,K7RIyDuLkqXt08QbwI315VF/Sng=,+nTBUyMNIu16Lb8hnjr4pxuQ500=
15,59,K7RIyDuLkqXt08QbwI315VF/Sng=,+nTBUyMNIu16Lb8hnjr4pxuQ500=
0,60,K7RIyDuLkqXt08QbwI315VF/Sng=,+nTBUyMNIu16Lb8hnjr4pxuQ500=
1,60,K7RIyDuLkqXt08QbwI315VF/Sng=,+nTBUyMNIu16Lb8hnjr4pxuQ500=
2,60,K7RIyDuLkqXt08QbwI315VF/Sng=,+nTBUyMNIu16Lb8hnjr4pxuQ500=
12,63,K7RIyDuLkqXt08QbwI315VF/Sng=,+nTBUyMNIu16Lb8hnjr4pxuQ500=
1,48,K7RIyDuLkqXt08QbwI315VF/Sng=,+nTBUyMNIu16Lb8hnjr4pxuQ500=
7,51,K7RIyDuLkqXt08QbwI315VF/Sng=,+nTBUyMNIu16Lb8hnjr4pxuQ500=
3,60,K7RIyDuLkqXt08QbwI315VF/Sng=,+nTBUyMNIu16Lb8hnjr4pxuQ500=
0,49,K7RIyDuLkqXt08QbwI315VF/Sng=,+nTBUyMNIu16Lb8hnjr4pxuQ500=
4,60,K7RIyDuLkqXt08QbwI315VF/Sng=,+nTBUyMNIu16Lb8hnjr4pxuQ500=
12,49,K7RIyDuLkqXt08QbwI315VF/Sng=,+nTBUyMNIu16Lb8hnjr4pxuQ500=
5,60,K7RIyDuLkqXt08QbwI315VF/Sng=,+nTBUyMNIu16Lb8hnjr4pxuQ500=
6,60,K7RIyDuLkqXt08QbwI315VF/Sng=,+nTBUyMNIu16Lb8hnjr4pxuQ500=
7,60,K7RIyDuLkqXt08QbwI315VF/Sng=,+nTBUyMNIu16Lb8hnjr4pxuQ500=
8,60,K7RIyDuLkqXt08QbwI315VF/Sng=,+nTBUyMNIu16Lb8hnjr4pxuQ500=
9,60,K7RIyDuLkqXt08QbwI315VF/Sng=,+nTBUyMNIu16Lb8hnjr4pxuQ500=
10,60,K7RIyDuLkqXt08QbwI315VF/Sng=,+nTBUyMNIu16Lb8hnjr4pxuQ500=
11,60,K7RIyDuLkqXt08QbwI315VF/Sng=,+nTBUyMNIu16Lb8hnjr4pxuQ500=
12,60,K7RIyDuLkqXt08QbwI315VF/Sng=,+nTBUyMNIu16Lb8hnjr4pxuQ500=
13,60,K7RIyDuLkqXt08QbwI315VF/Sng=,+nTBUyMNIu16Lb8hnjr4pxuQ500=
14,60,K7RIyDuLkqXt08QbwI315VF/Sng=,+nTBUyMNIu16Lb8hnjr4pxuQ500=
15,60,K7RIyDuLkqXt08QbwI315VF/Sng=,+nTBUyMNIu16Lb8hnjr4pxuQ500=
0,61,K7RIyDuLkqXt08QbwI315VF/Sng=,+nTBUyMNIu16Lb8hnjr4pxuQ500=
1,61,K7RIyDuLkqXt08QbwI315VF/Sng=,+nTBUyMNIu16Lb8hnjr4pxuQ500=
2,61,K7RIyDuLkqXt08QbwI315VF/Sng=,+nTBUyMNIu16Lb8hnjr4pxuQ500=
3,61,K7RIyDuLkqXt08QbwI315VF/Sng=,+nTBUyMNIu16Lb8hnjr4pxuQ500=
4,61,K7RIyDuLkqXt08QbwI315VF/Sng=,+nTBUyMNIu16Lb8hnjr4pxuQ500=
5,61,K7RIyDuLkqXt08QbwI315VF/Sng=,+nTBUyMNIu16Lb8hnjr4pxuQ500=
6,61,K7RIyDuLkqXt08QbwI315VF/Sng=,+nTBUyMNIu16Lb8hnjr4pxuQ500=
7,61,K7RIyDuLkqXt08QbwI315VF/Sng=,+nTBUyMNIu16Lb8hnjr4pxuQ500=
8,61,K7RIyDuLkqXt08QbwI315VF/Sng=,+nTBUyMNIu16Lb8hnjr4pxuQ500=
9,61,K7RIyDuLkqXt08QbwI315VF/Sng=,+nTBUyMNIu16Lb8hnjr4pxuQ500=
10,61,K7RIyDuLkqXt08QbwI315VF/Sng=,+nTBUyMNIu16Lb8hnjr4pxuQ500=
11,61,K7RIyDuLkqXt08QbwI315VF/Sng=,+nTBUyMNIu16Lb8hnjr4pxuQ500=
12,61,K7RIyDuLkqXt08QbwI315VF/Sng=,+nTBUyMNIu16Lb8hnjr4pxuQ500=
13,61,K7RIyDuLkqXt08QbwI315VF/Sng=,+nTBUyMNIu16Lb8hnjr4pxuQ500=
14,61,K7RIyDuLkqXt08QbwI315VF/Sng=,+nTBUyMNIu16Lb8hnjr4pxuQ500=
8,51,K7RIyDuLkqXt08QbwI315VF/Sng=,+nTBUyMNIu16Lb8hnjr4pxuQ500=
13,49,K7RIyDuLkqXt08QbwI315VF/Sng=,+nTBUyMNIu16Lb8hnjr4pxuQ500=
15,61,K7RIyDuLkqXt08QbwI315VF/Sng=,+nTBUyMNIu16Lb8hnjr4pxuQ500=
0,62,K7RIyDuLkqXt08QbwI315VF/Sng=,+nTBUyMNIu16Lb8hnjr4pxuQ500=
14,49,K7RIyDuLkqXt08QbwI315VF/Sng=,+nTBUyMNIu16Lb8hnjr4pxuQ500=
11,63,K7RIyDuLkqXt08QbwI315VF/Sng=,+nTBUyMNIu16Lb8hnjr4pxuQ500=
1,62,K7RIyDuLkqXt08QbwI315VF/Sng=,+nTBUyMNIu16Lb8hnjr4pxuQ500=
10,63,K7RIyDuLkqXt08QbwI315VF/Sng=,+nTBUyMNIu16Lb8hnjr4pxuQ500=
9,63,K7RIyDuLkqXt08QbwI315VF/Sng=,+nTBUyMNIu16Lb8hnjr4pxuQ500=
8,63,K7RIyDuLkqXt08QbwI315VF/Sng=,+nTBUyMNIu16Lb8hnjr4pxuQ500=
7,63,K7RIyDuLkqXt08QbwI315VF/Sng=,+nTBUyMNIu16Lb8hnjr4pxuQ500=
6,63,K7RIyDuLkqXt08QbwI315VF/Sng=,+nTBUyMNIu16Lb8hnjr4pxuQ500=
5,63,K7RIyDuLkqXt08QbwI315VF/Sng=,+nTBUyMNIu16Lb8hnjr4pxuQ500=
2,62,K7RIyDuLkqXt08QbwI315VF/Sng=,+nTBUyMNIu16Lb8hnjr4pxuQ500=
0,50,K7RIyDuLkqXt08QbwI315VF/Sng=,+nTBUyMNIu16Lb8hnjr4pxuQ500=
4,63,K7RIyDuLkqXt08QbwI315VF/Sng=,+nTBUyMNIu16Lb8hnjr4pxuQ500=
3,62,K7RIyDuLkqXt08QbwI315VF/Sng=,+nTBUyMNIu16Lb8hnjr4pxuQ500=
4,62,K7RIyDuLkqXt08QbwI315VF/Sng=,+nTBUyMNIu16Lb8hnjr4pxuQ500=
5,62,K7RIyDuLkqXt08QbwI315VF/Sng=,+nTBUyMNIu16Lb8hnjr4pxuQ500=
6,62,K7RIyDuLkqXt08QbwI315VF/Sng=,+nTBUyMNIu16Lb8hnjr4pxuQ500=
9,51,K7RIyDuLkqXt08QbwI315VF/Sng=,+nTBUyMNIu16Lb8hnjr4pxuQ500=
7,62,K7RIyDuLkqXt08QbwI315VF/Sng=,+nTBUyMNIu16Lb8hnjr4pxuQ500=
8,62,K7RIyDuLkqXt08QbwI315VF/Sng=,+nTBUyMNIu16Lb8hnjr4pxuQ500=
9,62,K7RIyDuLkqXt08QbwI315VF/Sng=,+nTBUyMNIu16Lb8hnjr4pxuQ500=
10,62,K7RIyDuLkqXt08QbwI315VF/Sng=,+nTBUyMNIu16Lb8hnjr4pxuQ500=
11,62,K7RIyDuLkqXt08QbwI315VF/Sng=,+nTBUyMNIu16Lb8hnjr4pxuQ500=
12,62,K7RIyDuLkqXt08QbwI315VF/Sng=,+nTBUyMNIu16Lb8hnjr4pxuQ500=
13,62,K7RIyDuLkqXt08QbwI315VF/Sng=,+nTBUyMNIu16Lb8hnjr4pxuQ500=
14,62,K7RIyDuLkqXt08QbwI315VF/Sng=,+nTBUyMNIu16Lb8hnjr4pxuQ500=
10,51,K7RIyDuLkqXt08QbwI315VF/Sng=,+nTBUyMNIu16Lb8hnjr4pxuQ500=
15,49,K7RIyDuLkqXt08QbwI315VF/Sng=,+nTBUyMNIu16Lb8hnjr4pxuQ500=
1,49,K7RIyDuLkqXt08QbwI315VF/Sng=,+nTBUyMNIu16Lb8hnjr4pxuQ500=
15,62,K7RIyDuLkqXt08QbwI315VF/Sng=,+nTBUyMNIu16Lb8hnjr4pxuQ500=
0,63,K7RIyDuLkqXt08QbwI315VF/Sng=,+nTBUyMNIu16Lb8hnjr4pxuQ500=
3,63,K7RIyDuLkqXt08QbwI315VF/Sng=,+nTBUyMNIu16Lb8hnjr4pxuQ500=
2,63,K7RIyDuLkqXt08QbwI315VF/Sng=,+nTBUyMNIu16Lb8hnjr4pxuQ500=
1,63,K7RIyDuLkqXt08QbwI315VF/Sng=,+nTBUyMNIu16Lb8hnjr4pxuQ500=
29,63,clYqgYEmAYGCx4Yp3YxWchM8CLw=,aALRlmz2inHK0Xa4kamgfUNUKHA=
30,50,clYqgYEmAYGCx4Yp3YxWchM8CLw=,aALRlmz2inHK0Xa4kamgfUNUKHA=
30,63,clYqgYEmAYGCx4Yp3YxWchM8CLw=,aALRlmz2inHK0Xa4kamgfUNUKHA=
31,63,clYqgYEmAYGCx4Yp3YxWchM8CLw=,aALRlmz2inHK0Xa4kamgfUNUKHA=
28,63,clYqgYEmAYGCx4Yp3YxWchM8CLw=,aALRlmz2inHK0Xa4kamgfUNUKHA=
27,63,clYqgYEmAYGCx4Yp3YxWchM8CLw=,aALRlmz2inHK0Xa4kamgfUNUKHA=
29,50,clYqgYEmAYGCx4Yp3YxWchM8CLw=,aALRlmz2inHK0Xa4kamgfUNUKHA=
31,50,clYqgYEmAYGCx4Yp3YxWchM8CLw=,aALRlmz2inHK0Xa4kamgfUNUKHA=
16,51,clYqgYEmAYGCx4Yp3YxWchM8CLw=,aALRlmz2inHK0Xa4kamgfUNUKHA=
17,51,LLumWHB6HsbhDhcYlXVRa18hOrY=,aALRlmz2inHK0Xa4kamgfUNUKHA=
18,51,LLumWHB6HsbhDhcYlXVRa18hOrY=,aALRlmz2inHK0Xa4kamgfUNUKHA=
19,51,LLumWHB6HsbhDhcYlXVRa18hOrY=,aALRlmz2inHK0Xa4kamgfUNUKHA=
20,51,LLumWHB6HsbhDhcYlXVRa18hOrY=,aALRlmz2inHK0Xa4kamgfUNUKHA=
16,50,LLumWHB6HsbhDhcYlXVRa18hOrY=,aALRlmz2inHK0Xa4kamgfUNUKHA=
20,48,LLumWHB6HsbhDhcYlXVRa18hOrY=,aALRlmz2inHK0Xa4kamgfUNUKHA=
21,51,LLumWHB6HsbhDhcYlXVRa18hOrY=,aALRlmz2inHK0Xa4kamgfUNUKHA=
22,51,LLumWHB6HsbhDhcYlXVRa18hOrY=,aALRlmz2inHK0Xa4kamgfUNUKHA=
23,51,LLumWHB6HsbhDhcYlXVRa18hOrY=,aALRlmz2inHK0Xa4kamgfUNUKHA=
24,51,LLumWHB6HsbhDhcYlXVRa18hOrY=,aALRlmz2inHK0Xa4kamgfUNUKHA=
25,51,LLumWHB6HsbhDhcYlXVRa18hOrY=,aALRlmz2inHK0Xa4kamgfUNUKHA=
26,51,LLumWHB6HsbhDhcYlXVRa18hOrY=,aALRlmz2inHK0Xa4kamgfUNUKHA=
27,51,LLumWHB6HsbhDhcYlXVRa18hOrY=,aALRlmz2inHK0Xa4kamgfUNUKHA=
25,63,LLumWHB6HsbhDhcYlXVRa18hOrY=,aALRlmz2inHK0Xa4kamgfUNUKHA=
28,51,LLumWHB6HsbhDhcYlXVRa18hOrY=,aALRlmz2inHK0Xa4kamgfUNUKHA=
26,63,LLumWHB6HsbhDhcYlXVRa18hOrY=,aALRlmz2inHK0Xa4kamgfUNUKHA=
29,51,LLumWHB6HsbhDhcYlXVRa18hOrY=,aALRlmz2inHK0Xa4kamgfUNUKHA=
23,63,LLumWHB6HsbhDhcYlXVRa18hOrY=,aALRlmz2inHK0Xa4kamgfUNUKHA=
24,63,LLumWHB6HsbhDhcYlXVRa18hOrY=,aALRlmz2inHK0Xa4kamgfUNUKHA=
30,51,LLumWHB6HsbhDhcYlXVRa18hOrY=,aALRlmz2inHK0Xa4kamgfUNUKHA=
17,50,LLumWHB6HsbhDhcYlXVRa18hOrY=,aALRlmz2inHK0Xa4kamgfUNUKHA=
21,63,LLumWHB6HsbhDhcYlXVRa18hOrY=,aALRlmz2inHK0Xa4kamgfUNUKHA=
22,63,LLumWHB6HsbhDhcYlXVRa18hOrY=,aALRlmz2inHK0Xa4kamgfUNUKHA=
19,63,LLumWHB6HsbhDhcYlXVRa18hOrY=,aALRlmz2inHK0Xa4kamgfUNUKHA=
19,48,LLumWHB6HsbhDhcYlXVRa18hOrY=,aALRlmz2inHK0Xa4kamgfUNUKHA=
17,49,LLumWHB6HsbhDhcYlXVRa18hOrY=,aALRlmz2inHK0Xa4kamgfUNUKHA=
18,63,LLumWHB6HsbhDhcYlXVRa18hOrY=,aALRlmz2inHK0Xa4kamgfUNUKHA=
17,63,LLumWHB6HsbhDhcYlXVRa18hOrY=,aALRlmz2inHK0Xa4kamgfUNUKHA=
20,63,LLumWHB6HsbhDhcYlXVRa18hOrY=,aALRlmz2inHK0Xa4kamgfUNUKHA=
16,63,LLumWHB6HsbhDhcYlXVRa18hOrY=,aALRlmz2inHK0Xa4kamgfUNUKHA=
31,51,LLumWHB6HsbhDhcYlXVRa18hOrY=,aALRlmz2inHK0Xa4kamgfUNUKHA=
17,52,LLumWHB6HsbhDhcYlXVRa18hOrY=,aALRlmz2inHK0Xa4kamgfUNUKHA=
18,52,LLumWHB6HsbhDhcYlXVRa18hOrY=,aALRlmz2inHK0Xa4kamgfUNUKHA=
16,52,LLumWHB6HsbhDhcYlXVRa18hOrY=,aALRlmz2inHK0Xa4kamgfUNUKHA=
19,52,LLumWHB6HsbhDhcYlXVRa18hOrY=,aALRlmz2inHK0Xa4kamgfUNUKHA=
18,50,LLumWHB6HsbhDhcYlXVRa18hOrY=,aALRlmz2inHK0Xa4kamgfUNUKHA=
16,48,LLumWHB6HsbhDhcYlXVRa18hOrY=,aALRlmz2inHK0Xa4kamgfUNUKHA=
21,48,LLumWHB6HsbhDhcYlXVRa18hOrY=,aALRlmz2inHK0Xa4kamgfUNUKHA=
20,52,LLumWHB6HsbhDhcYlXVRa18hOrY=,aALRlmz2inHK0Xa4kamgfUNUKHA=
21,52,LLumWHB6HsbhDhcYlXVRa18hOrY=,aALRlmz2inHK0Xa4kamgfUNUKHA=
22,52,LLumWHB6HsbhDhcYlXVRa18hOrY=,aALRlmz2inHK0Xa4kamgfUNUKHA=
23,52,LLumWHB6HsbhDhcYlXVRa18hOrY=,aALRlmz2inHK0Xa4kamgfUNUKHA=
31,49,LLumWHB6HsbhDhcYlXVRa18hOrY=,aALRlmz2inHK0Xa4kamgfUNUKHA=
24,52,LLumWHB6HsbhDhcYlXVRa18hOrY=,aALRlmz2inHK0Xa4kamgfUNUKHA=
25,52,LLumWHB6HsbhDhcYlXVRa18hOrY=,aALRlmz2inHK0Xa4kamgfUNUKHA=
27,52,LLumWHB6HsbhDhcYlXVRa18hOrY=,aALRlmz2inHK0Xa4kamgfUNUKHA=
28,52,LLumWHB6HsbhDhcYlXVRa18hOrY=,aALRlmz2inHK0Xa4kamgfUNUKHA=
29,49,LLumWHB6HsbhDhcYlXVRa18hOrY=,aALRlmz2inHK0Xa4kamgfUNUKHA=
30,49,LLumWHB6HsbhDhcYlXVRa18hOrY=,aALRlmz2inHK0Xa4kamgfUNUKHA=
28,49,LLumWHB6HsbhDhcYlXVRa18hOrY=,aALRlmz2inHK0Xa4kamgfUNUKHA=
27,49,LLumWHB6HsbhDhcYlXVRa18hOrY=,aALRlmz2inHK0Xa4kamgfUNUKHA=
29,52,LLumWHB6HsbhDhcYlXVRa18hOrY=,aALRlmz2inHK0Xa4kamgfUNUKHA=
26,52,LLumWHB6HsbhDhcYlXVRa18hOrY=,aALRlmz2inHK0Xa4kamgfUNUKHA=
26,49,LLumWHB6HsbhDhcYlXVRa18hOrY=,aALRlmz2inHK0Xa4kamgfUNUKHA=
25,49,LLumWHB6HsbhDhcYlXVRa18hOrY=,aALRlmz2inHK0Xa4kamgfUNUKHA=
24,49,LLumWHB6HsbhDhcYlXVRa18hOrY=,aALRlmz2inHK0Xa4kamgfUNUKHA=
23,49,LLumWHB6HsbhDhcYlXVRa18hOrY=,aALRlmz2inHK0Xa4kamgfUNUKHA=
22,49,LLumWHB6HsbhDhcYlXVRa18hOrY=,aALRlmz2inHK0Xa4kamgfUNUKHA=
21,49,LLumWHB6HsbhDhcYlXVRa18hOrY=,aALRlmz2inHK0Xa4kamgfUNUKHA=
19,49,LLumWHB6HsbhDhcYlXVRa18hOrY=,aALRlmz2inHK0Xa4kamgfUNUKHA=
20,49,LLumWHB6HsbhDhcYlXVRa18hOrY=,aALRlmz2inHK0Xa4kamgfUNUKHA=
18,49,LLumWHB6HsbhDhcYlXVRa18hOrY=,aALRlmz2inHK0Xa4kamgfUNUKHA=
30,52,LLumWHB6HsbhDhcYlXVRa18hOrY=,aALRlmz2inHK0Xa4kamgfUNUKHA=
31,62,LLumWHB6HsbhDhcYlXVRa18hOrY=,aALRlmz2inHK0Xa4kamgfUNUKHA=
18,48,LLumWHB6HsbhDhcYlXVRa18hOrY=,aALRlmz2inHK0Xa4kamgfUNUKHA=
28,50,LLumWHB6HsbhDhcYlXVRa18hOrY=,aALRlmz2inHK0Xa4kamgfUNUKHA=
30,62,LLumWHB6HsbhDhcYlXVRa18hOrY=,aALRlmz2inHK0Xa4kamgfUNUKHA=
28,62,LLumWHB6HsbhDhcYlXVRa18hOrY=,aALRlmz2inHK0Xa4kamgfUNUKHA=
31,52,LLumWHB6HsbhDhcYlXVRa18hOrY=,aALRlmz2inHK0Xa4kamgfUNUKHA=
22,48,LLumWHB6HsbhDhcYlXVRa18hOrY=,aALRlmz2inHK0Xa4kamgfUNUKHA=
16,53,LLumWHB6HsbhDhcYlXVRa18hOrY=,aALRlmz2inHK0Xa4kamgfUNUKHA=
17,53,LLumWHB6HsbhDhcYlXVRa18hOrY=,aALRlmz2inHK0Xa4kamgfUNUKHA=
18,53,LLumWHB6HsbhDhcYlXVRa18hOrY=,aALRlmz2inHK0Xa4kamgfUNUKHA=
19,53,LLumWHB6HsbhDhcYlXVRa18hOrY=,aALRlmz2inHK0Xa4kamgfUNUKHA=
20,53,LLumWHB6HsbhDhcYlXVRa18hOrY=,aALRlmz2inHK0Xa4kamgfUNUKHA=
19,50,LLumWHB6HsbhDhcYlXVRa18hOrY=,aALRlmz2inHK0Xa4kamgfUNUKHA=
21,53,LLumWHB6HsbhDhcYlXVRa18hOrY=,aALRlmz2inHK0Xa4kamgfUNUKHA=
23,48,LLumWHB6HsbhDhcYlXVRa18hOrY=,aALRlmz2inHK0Xa4kamgfUNUKHA=
22,53,LLumWHB6HsbhDhcYlXVRa18hOrY=,aALRlmz2inHK0Xa4kamgfUNUKHA=
23,53,LLumWHB6HsbhDhcYlXVRa18hOrY=,aALRlmz2inHK0Xa4kamgfUNUKHA=
24,53,LLumWHB6HsbhDhcYlXVRa18hOrY=,aALRlmz2inHK0Xa4kamgfUNUKHA=
25,53,LLumWHB6HsbhDhcYlXVRa18hOrY=,aALRlmz2inHK0Xa4kamgfUNUKHA=
26,53,LLumWHB6HsbhDhcYlXVRa18hOrY=,aALRlmz2inHK0Xa4kamgfUNUKHA=
27,53,LLumWHB6HsbhDhcYlXVRa18hOrY=,aALRlmz2inHK0Xa4kamgfUNUKHA=
28,53,LLumWHB6HsbhDhcYlXVRa18hOrY=,aALRlmz2inHK0Xa4kamgfUNUKHA=
29,53,LLumWHB6HsbhDhcYlXVRa18hOrY=,aALRlmz2inHK0Xa4kamgfUNUKHA=
30,53,LLumWHB6HsbhDhcYlXVRa18hOrY=,aALRlmz2inHK0Xa4kamgfUNUKHA=
31,53,LLumWHB6HsbhDhcYlXVRa18hOrY=,aALRlmz2inHK0Xa4kamgfUNUKHA=
16,54,LLumWHB6HsbhDhcYlXVRa18hOrY=,aALRlmz2inHK0Xa4kamgfUNUKHA=
17,54,LLumWHB6HsbhDhcYlXVRa18hOrY=,aALRlmz2inHK0Xa4kamgfUNUKHA=
18,54,LLumWHB6HsbhDhcYlXVRa18hOrY=,aALRlmz2inHK0Xa4kamgfUNUKHA=
19,54,LLumWHB6HsbhDhcYlXVRa18hOrY=,aALRlmz2inHK0Xa4kamgfUNUKHA=
20,54,LLumWHB6HsbhDhcYlXVRa18hOrY=,aALRlmz2inHK0Xa4kamgfUNUKHA=
21,54,LLumWHB6HsbhDhcYlXVRa18hOrY=,aALRlmz2inHK0Xa4kamgfUNUKHA=
20,50,LLumWHB6HsbhDhcYlXVRa18hOrY=,aALRlmz2inHK0Xa4kamgfUNUKHA=
22,54,LLumWHB6HsbhDhcYlXVRa18hOrY=,aALRlmz2inHK0Xa4kamgfUNUKHA=
29,62,LLumWHB6HsbhDhcYlXVRa18hOrY=,aALRlmz2inHK0Xa4kamgfUNUKHA=
27,62,LLumWHB6HsbhDhcYlXVRa18hOrY=,aALRlmz2inHK0Xa4kamgfUNUKHA=
24,48,LLumWHB6HsbhDhcYlXVRa18hOrY=,aALRlmz2inHK0Xa4kamgfUNUKHA=
23,54,LLumWHB6HsbhDhcYlXVRa18hOrY=,aALRlmz2inHK0Xa4kamgfUNUKHA=
24,54,LLumWHB6HsbhDhcYlXVRa18hOrY=,aALRlmz2inHK0Xa4kamgfUNUKHA=
25,54,LLumWHB6HsbhDhcYlXVRa18hOrY=,aALRlmz2inHK0Xa4kamgfUNUKHA=
26,54,LLumWHB6HsbhDhcYlXVRa18hOrY=,aALRlmz2inHK0Xa4kamgfUNUKHA=
27,54,LLumWHB6HsbhDhcYlXVRa18hOrY=,aALRlmz2inHK0Xa4kamgfUNUKHA=
28,54,LLumWHB6HsbhDhcYlXVRa18hOrY=,aALRlmz2inHK0Xa4kamgfUNUKHA=
29,54,LLumWHB6HsbhDhcYlXVRa18hOrY=,aALRlmz2inHK0Xa4kamgfUNUKHA=
30,54,LLumWHB6HsbhDhcYlXVRa18hOrY=,aALRlmz2inHK0Xa4kamgfUNUKHA=
31,54,LLumWHB6HsbhDhcYlXVRa18hOrY=,aALRlmz2inHK0Xa4kamgfUNUKHA=
16,55,LLumWHB6HsbhDhcYlXVRa18hOrY=,aALRlmz2inHK0Xa4kamgfUNUKHA=
17,55,LLumWHB6HsbhDhcYlXVRa18hOrY=,aALRlmz2inHK0Xa4kamgfUNUKHA=
18,55,LLumWHB6HsbhDhcYlXVRa18hOrY=,aALRlmz2inHK0Xa4kamgfUNUKHA=
19,55,LLumWHB6HsbhDhcYlXVRa18hOrY=,aALRlmz2inHK0Xa4kamgfUNUKHA=
20,55,LLumWHB6HsbhDhcYlXVRa18hOrY=,aALRlmz2inHK0Xa4kamgfUNUKHA=
21,55,LLumWHB6HsbhDhcYlXVRa18hOrY=,aALRlmz2inHK0Xa4kamgfUNUKHA=
22,55,LLumWHB6HsbhDhcYlXVRa18hOrY=,aALRlmz2inHK0Xa4kamgfUNUKHA=
21,50,LLumWHB6HsbhDhcYlXVRa18hOrY=,aALRlmz2inHK0Xa4kamgfUNUKHA=
26,62,LLumWHB6HsbhDhcYlXVRa18hOrY=,aALRlmz2inHK0Xa4kamgfUNUKHA=
25,62,LLumWHB6HsbhDhcYlXVRa18hOrY=,aALRlmz2inHK0Xa4kamgfUNUKHA=
25,48,LLumWHB6HsbhDhcYlXVRa18hOrY=,aALRlmz2inHK0Xa4kamgfUNUKHA=
23,55,LLumWHB6HsbhDhcYlXVRa18hOrY=,aALRlmz2inHK0Xa4kamgfUNUKHA=
24,55,LLumWHB6HsbhDhcYlXVRa18hOrY=,aALRlmz2inHK0Xa4kamgfUNUKHA=
24,62,LLumWHB6HsbhDhcYlXVRa18hOrY=,aALRlmz2inHK0Xa4kamgfUNUKHA=
23,62,LLumWHB6HsbhDhcYlXVRa18hOrY=,aALRlmz2inHK0Xa4kamgfUNUKHA=
25,55,LLumWHB6HsbhDhcYlXVRa18hOrY=,aALRlmz2inHK0Xa4kamgfUNUKHA=
26,55,LLumWHB6HsbhDhcYlXVRa18hOrY=,aALRlmz2inHK0Xa4kamgfUNUKHA=
27,55,LLumWHB6HsbhDhcYlXVRa18hOrY=,aALRlmz2inHK0Xa4kamgfUNUKHA=
28,55,LLumWHB6HsbhDhcYlXVRa18hOrY=,aALRlmz2inHK0Xa4kamgfUNUKHA=
29,55,LLumWHB6HsbhDhcYlXVRa18hOrY=,aALRlmz2inHK0Xa4kamgfUNUKHA=
30,55,LLumWHB6HsbhDhcYlXVRa18hOrY=,aALRlmz2inHK0Xa4kamgfUNUKHA=
31,55,LLumWHB6HsbhDhcYlXVRa18hOrY=,aALRlmz2inHK0Xa4kamgfUNUKHA=
16,56,LLumWHB6HsbhDhcYlXVRa18hOrY=,aALRlmz2inHK0Xa4kamgfUNUKHA=
17,56,LLumWHB6HsbhDhcYlXVRa18hOrY=,aALRlmz2inHK0Xa4kamgfUNUKHA=
18,56,LLumWHB6HsbhDhcYlXVRa18hOrY=,aALRlmz2inHK0Xa4kamgfUNUKHA=
19,56,LLumWHB6HsbhDhcYlXVRa18hOrY=,aALRlmz2inHK0Xa4kamgfUNUKHA=
20,56,LLumWHB6HsbhDhcYlXVRa18hOrY=,aALRlmz2inHK0Xa4kamgfUNUKHA=
21,56,LLumWHB6HsbhDhcYlXVRa18hOrY=,aALRlmz2inHK0Xa4kamgfUNUKHA=
22,56,LLumWHB6HsbhDhcYlXVRa18hOrY=,aALRlmz2inHK0Xa4kamgfUNUKHA=
23,56,LLumWHB6HsbhDhcYlXVRa18hOrY=,aALRlmz2inHK0Xa4kamgfUNUKHA=
22,50,LLumWHB6HsbhDhcYlXVRa18hOrY=,aALRlmz2inHK0Xa4kamgfUNUKHA=
21,62,LLumWHB6HsbhDhcYlXVRa18hOrY=,aALRlmz2inHK0Xa4kamgfUNUKHA=
20,62,LLumWHB6HsbhDhcYlXVRa18hOrY=,aALRlmz2inHK0Xa4kamgfUNUKHA=
19,62,LLumWHB6HsbhDhcYlXVRa18hOrY=,aALRlmz2inHK0Xa4kamgfUNUKHA=
18,62,LLumWHB6HsbhDhcYlXVRa18hOrY=,aALRlmz2inHK0Xa4kamgfUNUKHA=
17,62,LLumWHB6HsbhDhcYlXVRa18hOrY=,aALRlmz2inHK0Xa4kamgfUNUKHA=
16,62,LLumWHB6HsbhDhcYlXVRa18hOrY=,aALRlmz2inHK0Xa4kamgfUNUKHA=
22,62,LLumWHB6HsbhDhcYlXVRa18hOrY=,aALRlmz2inHK0Xa4kamgfUNUKHA=
26,48,LLumWHB6HsbhDhcYlXVRa18hOrY=,aALRlmz2inHK0Xa4kamgfUNUKHA=
24,56,LLumWHB6HsbhDhcYlXVRa18hOrY=,aALRlmz2inHK0Xa4kamgfUNUKHA=
31,61,LLumWHB6HsbhDhcYlXVRa18hOrY=,aALRlmz2inHK0Xa4kamgfUNUKHA=
16,49,LLumWHB6HsbhDhcYlXVRa18hOrY=,aALRlmz2inHK0Xa4kamgfUNUKHA=
25,56,LLumWHB6HsbhDhcYlXVRa18hOrY=,aALRlmz2inHK0Xa4kamgfUNUKHA=
26,56,LLumWHB6HsbhDhcYlXVRa18hOrY=,aALRlmz2inHK0Xa4kamgfUNUKHA=
27,56,LLumWHB6HsbhDhcYlXVRa18hOrY=,aALRlmz2inHK0Xa4kamgfUNUKHA=
28,56,LLumWHB6HsbhDhcYlXVRa18hOrY=,aALRlmz2inHK0Xa4kamgfUNUKHA=
29,56,LLumWHB6HsbhDhcYlXVRa18hOrY=,aALRlmz2inHK0Xa4kamgfUNUKHA=
30,56,LLumWHB6HsbhDhcYlXVRa18hOrY=,aALRlmz2inHK0Xa4kamgfUNUKHA=
31,56,LLumWHB6HsbhDhcYlXVRa18hOrY=,aALRlmz2inHK0Xa4kamgfUNUKHA=
16,57,LLumWHB6HsbhDhcYlXVRa18hOrY=,aALRlmz2inHK0Xa4kamgfUNUKHA=
17,57,LLumWHB6HsbhDhcYlXVRa18hOrY=,aALRlmz2inHK0Xa4kamgfUNUKHA=
18,57,LLumWHB6HsbhDhcYlXVRa18hOrY=,aALRlmz2inHK0Xa4kamgfUNUKHA=
19,57,LLumWHB6HsbhDhcYlXVRa18hOrY=,aALRlmz2inHK0Xa4kamgfUNUKHA=
20,57,LLumWHB6HsbhDhcYlXVRa18hOrY=,aALRlmz2inHK0Xa4kamgfUNUKHA=
21,57,LLumWHB6HsbhDhcYlXVRa18hOrY=,aALRlmz2inHK0Xa4kamgfUNUKHA=
22,57,LLumWHB6HsbhDhcYlXVRa18hOrY=,aALRlmz2inHK0Xa4kamgfUNUKHA=
23,57,LLumWHB6HsbhDhcYlXVRa18hOrY=,aALRlmz2inHK0Xa4kamgfUNUKHA=
24,57,LLumWHB6HsbhDhcYlXVRa18hOrY=,aALRlmz2inHK0Xa4kamgfUNUKHA=
23,50,LLumWHB6HsbhDhcYlXVRa18hOrY=,aALRlmz2inHK0Xa4kamgfUNUKHA=
27,48,LLumWHB6HsbhDhcYlXVRa18hOrY=,aALRlmz2inHK0Xa4kamgfUNUKHA=
25,57,LLumWHB6HsbhDhcYlXVRa18hOrY=,aALRlmz2inHK0Xa4kamgfUNUKHA=
26,57,LLumWHB6HsbhDhcYlXVRa18hOrY=,aALRlmz2inHK0Xa4kamgfUNUKHA=
31,48,LLumWHB6HsbhDhcYlXVRa18hOrY=,aALRlmz2inHK0Xa4kamgfUNUKHA=
27,57,LLumWHB6HsbhDhcYlXVRa18hOrY=,aALRlmz2inHK0Xa4kamgfUNUKHA=
30,61,LLumWHB6HsbhDhcYlXVRa18hOrY=,aALRlmz2inHK0Xa4kamgfUNUKHA=
27,50,LLumWHB6HsbhDhcYlXVRa18hOrY=,aALRlmz2inHK0Xa4kamgfUNUKHA=
29,61,LLumWHB6HsbhDhcYlXVRa18hOrY=,aALRlmz2inHK0Xa4kamgfUNUKHA=
28,57,LLumWHB6HsbhDhcYlXVRa18hOrY=,aALRlmz2inHK0Xa4kamgfUNUKHA=
29,57,LLumWHB6HsbhDhcYlXVRa18hOrY=,aALRlmz2inHK0Xa4kamgfUNUKHA=
28,61,LLumWHB6HsbhDhcYlXVRa18hOrY=,aALRlmz2inHK0Xa4kamgfUNUKHA=
30,57,LLumWHB6HsbhDhcYlXVRa18hOrY=,aALRlmz2inHK0Xa4kamgfUNUKHA=
26,61,LLumWHB6HsbhDhcYlXVRa18hOrY=,aALRlmz2inHK0Xa4kamgfUNUKHA=
27,61,LLumWHB6HsbhDhcYlXVRa18hOrY=,aALRlmz2inHK0Xa4kamgfUNUKHA=
31,57,LLumWHB6HsbhDhcYlXVRa18hOrY=,aALRlmz2inHK0Xa4kamgfUNUKHA=
16,58,LLumWHB6HsbhDhcYlXVRa18hOrY=,aALRlmz2inHK0Xa4kamgfUNUKHA=
17,58,LLumWHB6HsbhDhcYlXVRa18hOrY=,aALRlmz2inHK0Xa4kamgfUNUKHA=
18,58,LLumWHB6HsbhDhcYlXVRa18hOrY=,aALRlmz2inHK0Xa4kamgfUNUKHA=
19,58,LLumWHB6HsbhDhcYlXVRa18hOrY=,aALRlmz2inHK0Xa4kamgfUNUKHA=
20,58,LLumWHB6HsbhDhcYlXVRa18hOrY=,aALRlmz2inHK0Xa4kamgfUNUKHA=
21,58,LLumWHB6HsbhDhcYlXVRa18hOrY=,aALRlmz2inHK0Xa4kamgfUNUKHA=
22,58,LLumWHB6HsbhDhcYlXVRa18hOrY=,aALRlmz2inHK0Xa4kamgfUNUKHA=
23,58,LLumWHB6HsbhDhcYlXVRa18hOrY=,aALRlmz2inHK0Xa4kamgfUNUKHA=
24,58,LLumWHB6HsbhDhcYlXVRa18hOrY=,aALRlmz2inHK0Xa4kamgfUNUKHA=
25,58,LLumWHB6HsbhDhcYlXVRa18hOrY=,aALRlmz2inHK0Xa4kamgfUNUKHA=
24,50,LLumWHB6HsbhDhcYlXVRa18hOrY=,aALRlmz2inHK0Xa4kamgfUNUKHA=
28,48,LLumWHB6HsbhDhcYlXVRa18hOrY=,aALRlmz2inHK0Xa4kamgfUNUKHA=
25,61,LLumWHB6HsbhDhcYlXVRa18hOrY=,aALRlmz2inHK0Xa4kamgfUNUKHA=
24,61,LLumWHB6HsbhDhcYlXVRa18hOrY=,aALRlmz2inHK0Xa4kamgfUNUKHA=
22,61,LLumWHB6HsbhDhcYlXVRa18hOrY=,aALRlmz2inHK0Xa4kamgfUNUKHA=
21,61,LLumWHB6HsbhDhcYlXVRa18hOrY=,aALRlmz2inHK0Xa4kamgfUNUKHA=
20,61,LLumWHB6HsbhDhcYlXVRa18hOrY=,aALRlmz2inHK0Xa4kamgfUNUKHA=
19,61,LLumWHB6HsbhDhcYlXVRa18hOrY=,aALRlmz2inHK0Xa4kamgfUNUKHA=
26,58,LLumWHB6HsbhDhcYlXVRa18hOrY=,aALRlmz2inHK0Xa4kamgfUNUKHA=
18,61,LLumWHB6HsbhDhcYlXVRa18hOrY=,aALRlmz2inHK0Xa4kamgfUNUKHA=
17,61,LLumWHB6HsbhDhcYlXVRa18hOrY=,aALRlmz2inHK0Xa4kamgfUNUKHA=
17,48,LLumWHB6HsbhDhcYlXVRa18hOrY=,aALRlmz2inHK0Xa4kamgfUNUKHA=
23,61,LLumWHB6HsbhDhcYlXVRa18hOrY=,aALRlmz2inHK0Xa4kamgfUNUKHA=
16,61,LLumWHB6HsbhDhcYlXVRa18hOrY=,aALRlmz2inHK0Xa4kamgfUNUKHA=
31,60,LLumWHB6HsbhDhcYlXVRa18hOrY=,aALRlmz2inHK0Xa4kamgfUNUKHA=
27,58,LLumWHB6HsbhDhcYlXVRa18hOrY=,aALRlmz2inHK0Xa4kamgfUNUKHA=
29,60,LLumWHB6HsbhDhcYlXVRa18hOrY=,aALRlmz2inHK0Xa4kamgfUNUKHA=
30,48,LLumWHB6HsbhDhcYlXVRa18hOrY=,aALRlmz2inHK0Xa4kamgfUNUKHA=
28,58,LLumWHB6HsbhDhcYlXVRa18hOrY=,aALRlmz2inHK0Xa4kamgfUNUKHA=
30,60,LLumWHB6HsbhDhcYlXVRa18hOrY=,aALRlmz2inHK0Xa4kamgfUNUKHA=
26,50,LLumWHB6HsbhDhcYlXVRa18hOrY=,aALRlmz2inHK0Xa4kamgfUNUKHA=
28,60,LLumWHB6HsbhDhcYlXVRa18hOrY=,aALRlmz2inHK0Xa4kamgfUNUKHA=
29,58,LLumWHB6HsbhDhcYlXVRa18hOrY=,aALRlmz2inHK0Xa4kamgfUNUKHA=
26,60,LLumWHB6HsbhDhcYlXVRa18hOrY=,aALRlmz2inHK0Xa4kamgfUNUKHA=
27,60,LLumWHB6HsbhDhcYlXVRa18hOrY=,aALRlmz2inHK0Xa4kamgfUNUKHA=
30,58,LLumWHB6HsbhDhcYlXVRa18hOrY=,aALRlmz2inHK0Xa4kamgfUNUKHA=
24,60,LLumWHB6HsbhDhcYlXVRa18hOrY=,aALRlmz2inHK0Xa4kamgfUNUKHA=
23,60,LLumWHB6HsbhDhcYlXVRa18hOrY=,aALRlmz2inHK0Xa4kamgfUNUKHA=
31,58,LLumWHB6HsbhDhcYlXVRa18hOrY=,aALRlmz2inHK0Xa4kamgfUNUKHA=
16,59,LLumWHB6HsbhDhcYlXVRa18hOrY=,aALRlmz2inHK0Xa4kamgfUNUKHA=
17,59,LLumWHB6HsbhDhcYlXVRa18hOrY=,aALRlmz2inHK0Xa4kamgfUNUKHA=
18,59,LLumWHB6HsbhDhcYlXVRa18hOrY=,aALRlmz2inHK0Xa4kamgfUNUKHA=
19,59,LLumWHB6HsbhDhcYlXVRa18hOrY=,aALRlmz2inHK0Xa4kamgfUNUKHA=
20,59,LLumWHB6HsbhDhcYlXVRa18hOrY=,aALRlmz2inHK0Xa4kamgfUNUKHA=
21,59,LLumWHB6HsbhDhcYlXVRa18hOrY=,aALRlmz2inHK0Xa4kamgfUNUKHA=
22,59,LLumWHB6HsbhDhcYlXVRa18hOrY=,aALRlmz2inHK0Xa4kamgfUNUKHA=
23,59,LLumWHB6HsbhDhcYlXVRa18hOrY=,aALRlmz2inHK0Xa4kamgfUNUKHA=
24,59,LLumWHB6HsbhDhcYlXVRa18hOrY=,aALRlmz2inHK0Xa4kamgfUNUKHA=
25,60,LLumWHB6HsbhDhcYlXVRa18hOrY=,aALRlmz2inHK0Xa4kamgfUNUKHA=
21,60,LLumWHB6HsbhDhcYlXVRa18hOrY=,aALRlmz2inHK0Xa4kamgfUNUKHA=
20,60,LLumWHB6HsbhDhcYlXVRa18hOrY=,aALRlmz2inHK0Xa4kamgfUNUKHA=
19,60,LLumWHB6HsbhDhcYlXVRa18hOrY=,aALRlmz2inHK0Xa4kamgfUNUKHA=
18,60,LLumWHB6HsbhDhcYlXVRa18hOrY=,aALRlmz2inHK0Xa4kamgfUNUKHA=
17,60,LLumWHB6HsbhDhcYlXVRa18hOrY=,aALRlmz2inHK0Xa4kamgfUNUKHA=
16,60,LLumWHB6HsbhDhcYlXVRa18hOrY=,aALRlmz2inHK0Xa4kamgfUNUKHA=
22,60,LLumWHB6HsbhDhcYlXVRa18hOrY=,aALRlmz2inHK0Xa4kamgfUNUKHA=
25,59,LLumWHB6HsbhDhcYlXVRa18hOrY=,aALRlmz2inHK0Xa4kamgfUNUKHA=
26,59,LLumWHB6HsbhDhcYlXVRa18hOrY=,aALRlmz2inHK0Xa4kamgfUNUKHA=
25,50,LLumWHB6HsbhDhcYlXVRa18hOrY=,aALRlmz2inHK0Xa4kamgfUNUKHA=
31,59,LLumWHB6HsbhDhcYlXVRa18hOrY=,aALRlmz2inHK0Xa4kamgfUNUKHA=
30,59,LLumWHB6HsbhDhcYlXVRa18hOrY=,aALRlmz2inHK0Xa4kamgfUNUKHA=
29,59,LLumWHB6HsbhDhcYlXVRa18hOrY=,aALRlmz2inHK0Xa4kamgfUNUKHA=
29,48,LLumWHB6HsbhDhcYlXVRa18hOrY=,aALRlmz2inHK0Xa4kamgfUNUKHA=
27,59,LLumWHB6HsbhDhcYlXVRa18hOrY=,aALRlmz2inHK0Xa4kamgfUNUKHA=
28,59,LLumWHB6HsbhDhcYlXVRa18hOrY=,aALRlmz2inHK0Xa4kamgfUNUKHA=
19,32,LLumWHB6HsbhDhcYlXVRa18hOrY=,Heq0X8hyHjNC/9vI2u/tyxry0Xw=
29,34,LLumWHB6HsbhDhcYlXVRa18hOrY=,Heq0X8hyHjNC/9vI2u/tyxry0Xw=
28,34,LLumWHB6HsbhDhcYlXVRa18hOrY=,Heq0X8hyHjNC/9vI2u/tyxry0Xw=
28,35,LLumWHB6HsbhDhcYlXVRa18hOrY=,Heq0X8hyHjNC/9vI2u/tyxry0Xw=
30,34,LLumWHB6HsbhDhcYlXVRa18hOrY=,Heq0X8hyHjNC/9vI2u/tyxry0Xw=
20,32,LLumWHB6HsbhDhcYlXVRa18hOrY=,Heq0X8hyHjNC/9vI2u/tyxry0Xw=
29,35,LLumWHB6HsbhDhcYlXVRa18hOrY=,Heq0X8hyHjNC/9vI2u/tyxry0Xw=
30,35,LLumWHB6HsbhDhcYlXVRa18hOrY=,Heq0X8hyHjNC/9vI2u/tyxry0Xw=
31,35,LLumWHB6HsbhDhcYlXVRa18hOrY=,Heq0X8hyHjNC/9vI2u/tyxry0Xw=
16,36,LLumWHB6HsbhDhcYlXVRa18hOrY=,Heq0X8hyHjNC/9vI2u/tyxry0Xw=
21,32,LLumWHB6HsbhDhcYlXVRa18hOrY=,Heq0X8hyHjNC/9vI2u/tyxry0Xw=
18,33,LLumWHB6HsbhDhcYlXVRa18hOrY=,Heq0X8hyHjNC/9vI2u/tyxry0Xw=
17,36,LLumWHB6HsbhDhcYlXVRa18hOrY=,Heq0X8hyHjNC/9vI2u/tyxry0Xw=
18,36,LLumWHB6HsbhDhcYlXVRa18hOrY=,Heq0X8hyHjNC/9vI2u/tyxry0Xw=
19,36,LLumWHB6HsbhDhcYlXVRa18hOrY=,Heq0X8hyHjNC/9vI2u/tyxry0Xw=
20,36,LLumWHB6HsbhDhcYlXVRa18hOrY=,Heq0X8hyHjNC/9vI2u/tyxry0Xw=
21,36,LLumWHB6HsbhDhcYlXVRa18hOrY=,Heq0X8hyHjNC/9vI2u/tyxry0Xw=
22,36,LLumWHB6HsbhDhcYlXVRa18hOrY=,Heq0X8hyHjNC/9vI2u/tyxry0Xw=
31,47,LLumWHB6HsbhDhcYlXVRa18hOrY=,Heq0X8hyHjNC/9vI2u/tyxry0Xw=
27,34,LLumWHB6HsbhDhcYlXVRa18hOrY=,Heq0X8hyHjNC/9vI2u/tyxry0Xw=
23,36,LLumWHB6HsbhDhcYlXVRa18hOrY=,Heq0X8hyHjNC/9vI2u/tyxry0Xw=
26,34,LLumWHB6HsbhDhcYlXVRa18hOrY=,Heq0X8hyHjNC/9vI2u/tyxry0Xw=
24,36,LLumWHB6HsbhDhcYlXVRa18hOrY=,Heq0X8hyHjNC/9vI2u/tyxry0Xw=
25,34,LLumWHB6HsbhDhcYlXVRa18hOrY=,Heq0X8hyHjNC/9vI2u/tyxry0Xw=
23,34,LLumWHB6HsbhDhcYlXVRa18hOrY=,Heq0X8hyHjNC/9vI2u/tyxry0Xw=
22,34,LLumWHB6HsbhDhcYlXVRa18hOrY=,Heq0X8hyHjNC/9vI2u/tyxry0Xw=
21,34,LLumWHB6HsbhDhcYlXVRa18hOrY=,Heq0X8hyHjNC/9vI2u/tyxry0Xw=
20,34,LLumWHB6HsbhDhcYlXVRa18hOrY=,Heq0X8hyHjNC/9vI2u/tyxry0Xw=
18,34,LLumWHB6HsbhDhcYlXVRa18hOrY=,Heq0X8hyHjNC/9vI2u/tyxry0Xw=
19,34,LLumWHB6HsbhDhcYlXVRa18hOrY=,Heq0X8hyHjNC/9vI2u/tyxry0Xw=
17,34,LLumWHB6HsbhDhcYlXVRa18hOrY=,Heq0X8hyHjNC/9vI2u/tyxry0Xw=
31,33,LLumWHB6HsbhDhcYlXVRa18hOrY=,Heq0X8hyHjNC/9vI2u/tyxry0Xw=
30,47,LLumWHB6HsbhDhcYlXVRa18hOrY=,Heq0X8hyHjNC/9vI2u/tyxry0Xw=
16,34,LLumWHB6HsbhDhcYlXVRa18hOrY=,Heq0X8hyHjNC/9vI2u/tyxry0Xw=
27,35,LLumWHB6HsbhDhcYlXVRa18hOrY=,Heq0X8hyHjNC/9vI2u/tyxry0Xw=
18,32,LLumWHB6HsbhDhcYlXVRa18hOrY=,Heq0X8hyHjNC/9vI2u/tyxry0Xw=
29,47,LLumWHB6HsbhDhcYlXVRa18hOrY=,Heq0X8hyHjNC/9vI2u/tyxry0Xw=
28,47,LLumWHB6HsbhDhcYlXVRa18hOrY=,Heq0X8hyHjNC/9vI2u/tyxry0Xw=
24,34,LLumWHB6HsbhDhcYlXVRa18hOrY=,Heq0X8hyHjNC/9vI2u/tyxry0Xw=
27,47,LLumWHB6HsbhDhcYlXVRa18hOrY=,Heq0X8hyHjNC/9vI2u/tyxry0Xw=
25,36,LLumWHB6HsbhDhcYlXVRa18hOrY=,Heq0X8hyHjNC/9vI2u/tyxry0Xw=
25,47,LLumWHB6HsbhDhcYlXVRa18hOrY=,Heq0X8hyHjNC/9vI2u/tyxry0Xw=
26,36,LLumWHB6HsbhDhcYlXVRa18hOrY=,Heq0X8hyHjNC/9vI2u/tyxry0Xw=
27,36,LLumWHB6HsbhDhcYlXVRa18hOrY=,Heq0X8hyHjNC/9vI2u/tyxry0Xw=
31,34,LLumWHB6HsbhDhcYlXVRa18hOrY=,Heq0X8hyHjNC/9vI2u/tyxry0Xw=
22,32,LLumWHB6HsbhDhcYlXVRa18hOrY=,Heq0X8hyHjNC/9vI2u/tyxry0Xw=
28,36,LLumWHB6HsbhDhcYlXVRa18hOrY=,Heq0X8hyHjNC/9vI2u/tyxry0Xw=
29,36,LLumWHB6HsbhDhcYlXVRa18hOrY=,Heq0X8hyHjNC/9vI2u/tyxry0Xw=
30,36,LLumWHB6HsbhDhcYlXVRa18hOrY=,Heq0X8hyHjNC/9vI2u/tyxry0Xw=
31,36,LLumWHB6HsbhDhcYlXVRa18hOrY=,Heq0X8hyHjNC/9vI2u/tyxry0Xw=
16,32,LLumWHB6HsbhDhcYlXVRa18hOrY=,Heq0X8hyHjNC/9vI2u/tyxry0Xw=
19,33,LLumWHB6HsbhDhcYlXVRa18hOrY=,Heq0X8hyHjNC/9vI2u/tyxry0Xw=
16,37,LLumWHB6HsbhDhcYlXVRa18hOrY=,Heq0X8hyHjNC/9vI2u/tyxry0Xw=
17,37,LLumWHB6HsbhDhcYlXVRa18hOrY=,Heq0X8hyHjNC/9vI2u/tyxry0Xw=
18,37,LLumWHB6HsbhDhcYlXVRa18hOrY=,Heq0X8hyHjNC/9vI2u/tyxry0Xw=
19,37,LLumWHB6HsbhDhcYlXVRa18hOrY=,Heq0X8hyHjNC/9vI2u/tyxry0Xw=
20,37,LLumWHB6HsbhDhcYlXVRa18hOrY=,Heq0X8hyHjNC/9vI2u/tyxry0Xw=
21,37,LLumWHB6HsbhDhcYlXVRa18hOrY=,Heq0X8hyHjNC/9vI2u/tyxry0Xw=
22,37,LLumWHB6HsbhDhcYlXVRa18hOrY=,Heq0X8hyHjNC/9vI2u/tyxry0Xw=
23,47,LLumWHB6HsbhDhcYlXVRa18hOrY=,Heq0X8hyHjNC/9vI2u/tyxry0Xw=
24,47,LLumWHB6HsbhDhcYlXVRa18hOrY=,Heq0X8hyHjNC/9vI2u/tyxry0Xw=
22,47,LLumWHB6HsbhDhcYlXVRa18hOrY=,Heq0X8hyHjNC/9vI2u/tyxry0Xw=
21,47,LLumWHB6HsbhDhcYlXVRa18hOrY=,Heq0X8hyHjNC/9vI2u/tyxry0Xw=
20,47,LLumWHB6HsbhDhcYlXVRa18hOrY=,Heq0X8hyHjNC/9vI2u/tyxry0Xw=
19,47,LLumWHB6HsbhDhcYlXVRa18hOrY=,Heq0X8hyHjNC/9vI2u/tyxry0Xw=
18,47,LLumWHB6HsbhDhcYlXVRa18hOrY=,Heq0X8hyHjNC/9vI2u/tyxry0Xw=
23,37,LLumWHB6HsbhDhcYlXVRa18hOrY=,Heq0X8hyHjNC/9vI2u/tyxry0Xw=
26,47,LLumWHB6HsbhDhcYlXVRa18hOrY=,Heq0X8hyHjNC/9vI2u/tyxry0Xw=
17,47,LLumWHB6HsbhDhcYlXVRa18hOrY=,Heq0X8hyHjNC/9vI2u/tyxry0Xw=
16,47,LLumWHB6HsbhDhcYlXVRa18hOrY=,Heq0X8hyHjNC/9vI2u/tyxry0Xw=
30,33,LLumWHB6HsbhDhcYlXVRa18hOrY=,Heq0X8hyHjNC/9vI2u/tyxry0Xw=
31,46,LLumWHB6HsbhDhcYlXVRa18hOrY=,Heq0X8hyHjNC/9vI2u/tyxry0Xw=
30,46,LLumWHB6HsbhDhcYlXVRa18hOrY=,Heq0X8hyHjNC/9vI2u/tyxry0Xw=
29,46,LLumWHB6HsbhDhcYlXVRa18hOrY=,Heq0X8hyHjNC/9vI2u/tyxry0Xw=
28,46,LLumWHB6HsbhDhcYlXVRa18hOrY=,Heq0X8hyHjNC/9vI2u/tyxry0Xw=
27,46,LLumWHB6HsbhDhcYlXVRa18hOrY=,Heq0X8hyHjNC/9vI2u/tyxry0Xw=
24,37,LLumWHB6HsbhDhcYlXVRa18hOrY=,Heq0X8hyHjNC/9vI2u/tyxry0Xw=
26,35,LLumWHB6HsbhDhcYlXVRa18hOrY=,Heq0X8hyHjNC/9vI2u/tyxry0Xw=
25,37,LLumWHB6HsbhDhcYlXVRa18hOrY=,Heq0X8hyHjNC/9vI2u/tyxry0Xw=
26,37,LLumWHB6HsbhDhcYlXVRa18hOrY=,Heq0X8hyHjNC/9vI2u/tyxry0Xw=
16,35,LLumWHB6HsbhDhcYlXVRa18hOrY=,Heq0X8hyHjNC/9vI2u/tyxry0Xw=
20,33,LLumWHB6HsbhDhcYlXVRa18hOrY=,Heq0X8hyHjNC/9vI2u/tyxry0Xw=
23,32,LLumWHB6HsbhDhcYlXVRa18hOrY=,Heq0X8hyHjNC/9vI2u/tyxry0Xw=
27,37,LLumWHB6HsbhDhcYlXVRa18hOrY=,Heq0X8hyHjNC/9vI2u/tyxry0Xw=
28,37,LLumWHB6HsbhDhcYlXVRa18hOrY=,Heq0X8hyHjNC/9vI2u/tyxry0Xw=
29,37,LLumWHB6HsbhDhcYlXVRa18hOrY=,Heq0X8hyHjNC/9vI2u/tyxry0Xw=
30,37,LLumWHB6HsbhDhcYlXVRa18hOrY=,Heq0X8hyHjNC/9vI2u/tyxry0Xw=
31,37,LLumWHB6HsbhDhcYlXVRa18hOrY=,Heq0X8hyHjNC/9vI2u/tyxry0Xw=
16,38,LLumWHB6HsbhDhcYlXVRa18hOrY=,Heq0X8hyHjNC/9vI2u/tyxry0Xw=
21,33,LLumWHB6HsbhDhcYlXVRa18hOrY=,Heq0X8hyHjNC/9vI2u/tyxry0Xw=
17,38,LLumWHB6HsbhDhcYlXVRa18hOrY=,Heq0X8hyHjNC/9vI2u/tyxry0Xw=
18,38,LLumWHB6HsbhDhcYlXVRa18hOrY=,Heq0X8hyHjNC/9vI2u/tyxry0Xw=
19,38,LLumWHB6HsbhDhcYlXVRa18hOrY=,Heq0X8hyHjNC/9vI2u/tyxry0Xw=
20,38,LLumWHB6HsbhDhcYlXVRa18hOrY=,Heq0X8hyHjNC/9vI2u/tyxry0Xw=
21,38,LLumWHB6HsbhDhcYlXVRa18hOrY=,Heq0X8hyHjNC/9vI2u/tyxry0Xw=
22,38,LLumWHB6HsbhDhcYlXVRa18hOrY=,Heq0X8hyHjNC/9vI2u/tyxry0Xw=
25,46,LLumWHB6HsbhDhcYlXVRa18hOrY=,Heq0X8hyHjNC/9vI2u/tyxry0Xw=
26,46,LLumWHB6HsbhDhcYlXVRa18hOrY=,Heq0X8hyHjNC/9vI2u/tyxry0Xw=
23,46,LLumWHB6HsbhDhcYlXVRa18hOrY=,Heq0X8hyHjNC/9vI2u/tyxry0Xw=
22,46,LLumWHB6HsbhDhcYlXVRa18hOrY=,Heq0X8hyHjNC/9vI2u/tyxry0Xw=
21,46,LLumWHB6HsbhDhcYlXVRa18hOrY=,Heq0X8hyHjNC/9vI2u/tyxry0Xw=
20,46,LLumWHB6HsbhDhcYlXVRa18hOrY=,Heq0X8hyHjNC/9vI2u/tyxry0Xw=
19,46,LLumWHB6HsbhDhcYlXVRa18hOrY=,Heq0X8hyHjNC/9vI2u/tyxry0Xw=
18,46,LLumWHB6HsbhDhcYlXVRa18hOrY=,Heq0X8hyHjNC/9vI2u/tyxry0Xw=
17,33,LLumWHB6HsbhDhcYlXVRa18hOrY=,Heq0X8hyHjNC/9vI2u/tyxry0Xw=
23,38,LLumWHB6HsbhDhcYlXVRa18hOrY=,Heq0X8hyHjNC/9vI2u/tyxry0Xw=
24,38,LLumWHB6HsbhDhcYlXVRa18hOrY=,Heq0X8hyHjNC/9vI2u/tyxry0Xw=
25,35,LLumWHB6HsbhDhcYlXVRa18hOrY=,Heq0X8hyHjNC/9vI2u/tyxry0Xw=
17,46,LLumWHB6HsbhDhcYlXVRa18hOrY=,Heq0X8hyHjNC/9vI2u/tyxry0Xw=
16,33,LLumWHB6HsbhDhcYlXVRa18hOrY=,Heq0X8hyHjNC/9vI2u/tyxry0Xw=
17,32,LLumWHB6HsbhDhcYlXVRa18hOrY=,Heq0X8hyHjNC/9vI2u/tyxry0Xw=
16,46,LLumWHB6HsbhDhcYlXVRa18hOrY=,Heq0X8hyHjNC/9vI2u/tyxry0Xw=
31,45,LLumWHB6HsbhDhcYlXVRa18hOrY=,Heq0X8hyHjNC/9vI2u/tyxry0Xw=
30,45,LLumWHB6HsbhDhcYlXVRa18hOrY=,Heq0X8hyHjNC/9vI2u/tyxry0Xw=
29,45,LLumWHB6HsbhDhcYlXVRa18hOrY=,Heq0X8hyHjNC/9vI2u/tyxry0Xw=
28,45,LLumWHB6HsbhDhcYlXVRa18hOrY=,Heq0X8hyHjNC/9vI2u/tyxry0Xw=
25,38,LLumWHB6HsbhDhcYlXVRa18hOrY=,Heq0X8hyHjNC/9vI2u/tyxry0Xw=
17,35,LLumWHB6HsbhDhcYlXVRa18hOrY=,Heq0X8hyHjNC/9vI2u/tyxry0Xw=
24,32,LLumWHB6HsbhDhcYlXVRa18hOrY=,Heq0X8hyHjNC/9vI2u/tyxry0Xw=
26,38,LLumWHB6HsbhDhcYlXVRa18hOrY=,Heq0X8hyHjNC/9vI2u/tyxry0Xw=
27,38,LLumWHB6HsbhDhcYlXVRa18hOrY=,Heq0X8hyHjNC/9vI2u/tyxry0Xw=
28,38,LLumWHB6HsbhDhcYlXVRa18hOrY=,Heq0X8hyHjNC/9vI2u/tyxry0Xw=
29,38,LLumWHB6HsbhDhcYlXVRa18hOrY=,Heq0X8hyHjNC/9vI2u/tyxry0Xw=
30,38,LLumWHB6HsbhDhcYlXVRa18hOrY=,Heq0X8hyHjNC/9vI2u/tyxry0Xw=
31,38,LLumWHB6HsbhDhcYlXVRa18hOrY=,Heq0X8hyHjNC/9vI2u/tyxry0Xw=
16,39,LLumWHB6HsbhDhcYlXVRa18hOrY=,Heq0X8hyHjNC/9vI2u/tyxry0Xw=
22,33,LLumWHB6HsbhDhcYlXVRa18hOrY=,Heq0X8hyHjNC/9vI2u/tyxry0Xw=
18,39,LLumWHB6HsbhDhcYlXVRa18hOrY=,Heq0X8hyHjNC/9vI2u/tyxry0Xw=
17,39,LLumWHB6HsbhDhcYlXVRa18hOrY=,Heq0X8hyHjNC/9vI2u/tyxry0Xw=
19,39,LLumWHB6HsbhDhcYlXVRa18hOrY=,Heq0X8hyHjNC/9vI2u/tyxry0Xw=
20,39,LLumWHB6HsbhDhcYlXVRa18hOrY=,Heq0X8hyHjNC/9vI2u/tyxry0Xw=
21,39,LLumWHB6HsbhDhcYlXVRa18hOrY=,Heq0X8hyHjNC/9vI2u/tyxry0Xw=
22,39,LLumWHB6HsbhDhcYlXVRa18hOrY=,Heq0X8hyHjNC/9vI2u/tyxry0Xw=
24,46,LLumWHB6HsbhDhcYlXVRa18hOrY=,Heq0X8hyHjNC/9vI2u/tyxry0Xw=
27,45,LLumWHB6HsbhDhcYlXVRa18hOrY=,Heq0X8hyHjNC/9vI2u/tyxry0Xw=
23,39,LLumWHB6HsbhDhcYlXVRa18hOrY=,Heq0X8hyHjNC/9vI2u/tyxry0Xw=
26,45,LLumWHB6HsbhDhcYlXVRa18hOrY=,Heq0X8hyHjNC/9vI2u/tyxry0Xw=
24,39,LLumWHB6HsbhDhcYlXVRa18hOrY=,Heq0X8hyHjNC/9vI2u/tyxry0Xw=
18,35,LLumWHB6HsbhDhcYlXVRa18hOrY=,Heq0X8hyHjNC/9vI2u/tyxry0Xw=
25,32,LLumWHB6HsbhDhcYlXVRa18hOrY=,Heq0X8hyHjNC/9vI2u/tyxry0Xw=
25,45,LLumWHB6HsbhDhcYlXVRa18hOrY=,Heq0X8hyHjNC/9vI2u/tyxry0Xw=
23,45,LLumWHB6HsbhDhcYlXVRa18hOrY=,Heq0X8hyHjNC/9vI2u/tyxry0Xw=
22,45,LLumWHB6HsbhDhcYlXVRa18hOrY=,Heq0X8hyHjNC/9vI2u/tyxry0Xw=
21,45,LLumWHB6HsbhDhcYlXVRa18hOrY=,Heq0X8hyHjNC/9vI2u/tyxry0Xw=
20,45,LLumWHB6HsbhDhcYlXVRa18hOrY=,Heq0X8hyHjNC/9vI2u/tyxry0Xw=
19,45,LLumWHB6HsbhDhcYlXVRa18hOrY=,Heq0X8hyHjNC/9vI2u/tyxry0Xw=
29,33,LLumWHB6HsbhDhcYlXVRa18hOrY=,Heq0X8hyHjNC/9vI2u/tyxry0Xw=
31,32,LLumWHB6HsbhDhcYlXVRa18hOrY=,Heq0X8hyHjNC/9vI2u/tyxry0Xw=
24,45,LLumWHB6HsbhDhcYlXVRa18hOrY=,Heq0X8hyHjNC/9vI2u/tyxry0Xw=
18,45,LLumWHB6HsbhDhcYlXVRa18hOrY=,Heq0X8hyHjNC/9vI2u/tyxry0Xw=
17,45,LLumWHB6HsbhDhcYlXVRa18hOrY=,Heq0X8hyHjNC/9vI2u/tyxry0Xw=
28,33,LLumWHB6HsbhDhcYlXVRa18hOrY=,Heq0X8hyHjNC/9vI2u/tyxry0Xw=
16,45,LLumWHB6HsbhDhcYlXVRa18hOrY=,Heq0X8hyHjNC/9vI2u/tyxry0Xw=
31,44,LLumWHB6HsbhDhcYlXVRa18hOrY=,Heq0X8hyHjNC/9vI2u/tyxry0Xw=
30,44,LLumWHB6HsbhDhcYlXVRa18hOrY=,Heq0X8hyHjNC/9vI2u/tyxry0Xw=
29,44,LLumWHB6HsbhDhcYlXVRa18hOrY=,Heq0X8hyHjNC/9vI2u/tyxry0Xw=
28,44,LLumWHB6HsbhDhcYlXVRa18hOrY=,Heq0X8hyHjNC/9vI2u/tyxry0Xw=
27,44,LLumWHB6HsbhDhcYlXVRa18hOrY=,Heq0X8hyHjNC/9vI2u/tyxry0Xw=
25,39,LLumWHB6HsbhDhcYlXVRa18hOrY=,Heq0X8hyHjNC/9vI2u/tyxry0Xw=
26,39,LLumWHB6HsbhDhcYlXVRa18hOrY=,Heq0X8hyHjNC/9vI2u/tyxry0Xw=
27,39,LLumWHB6HsbhDhcYlXVRa18hOrY=,Heq0X8hyHjNC/9vI2u/tyxry0Xw=
28,39,LLumWHB6HsbhDhcYlXVRa18hOrY=,Heq0X8hyHjNC/9vI2u/tyxry0Xw=
29,39,LLumWHB6HsbhDhcYlXVRa18hOrY=,Heq0X8hyHjNC/9vI2u/tyxry0Xw=
30,39,LLumWHB6HsbhDhcYlXVRa18hOrY=,Heq0X8hyHjNC/9vI2u/tyxry0Xw=
31,39,LLumWHB6HsbhDhcYlXVRa18hOrY=,Heq0X8hyHjNC/9vI2u/tyxry0Xw=
23,33,LLumWHB6HsbhDhcYlXVRa18hOrY=,Heq0X8hyHjNC/9vI2u/tyxry0Xw=
16,40,LLumWHB6HsbhDhcYlXVRa18hOrY=,Heq0X8hyHjNC/9vI2u/tyxry0Xw=
17,40,LLumWHB6HsbhDhcYlXVRa18hOrY=,Heq0X8hyHjNC/9vI2u/tyxry0Xw=
18,40,LLumWHB6HsbhDhcYlXVRa18hOrY=,Heq0X8hyHjNC/9vI2u/tyxry0Xw=
19,40,LLumWHB6HsbhDhcYlXVRa18hOrY=,Heq0X8hyHjNC/9vI2u/tyxry0Xw=
20,40,LLumWHB6HsbhDhcYlXVRa18hOrY=,Heq0X8hyHjNC/9vI2u/tyxry0Xw=
21,40,LLumWHB6HsbhDhcYlXVRa18hOrY=,Heq0X8hyHjNC/9vI2u/tyxry0Xw=
22,40,LLumWHB6HsbhDhcYlXVRa18hOrY=,Heq0X8hyHjNC/9vI2u/tyxry0Xw=
24,35,LLumWHB6HsbhDhcYlXVRa18hOrY=,Heq0X8hyHjNC/9vI2u/tyxry0Xw=
26,44,LLumWHB6HsbhDhcYlXVRa18hOrY=,Heq0X8hyHjNC/9vI2u/tyxry0Xw=
24,44,LLumWHB6HsbhDhcYlXVRa18hOrY=,Heq0X8hyHjNC/9vI2u/tyxry0Xw=
23,44,LLumWHB6HsbhDhcYlXVRa18hOrY=,Heq0X8hyHjNC/9vI2u/tyxry0Xw=
22,44,LLumWHB6HsbhDhcYlXVRa18hOrY=,Heq0X8hyHjNC/9vI2u/tyxry0Xw=
21,44,LLumWHB6HsbhDhcYlXVRa18hOrY=,Heq0X8hyHjNC/9vI2u/tyxry0Xw=
20,44,LLumWHB6HsbhDhcYlXVRa18hOrY=,Heq0X8hyHjNC/9vI2u/tyxry0Xw=
30,32,LLumWHB6HsbhDhcYlXVRa18hOrY=,Heq0X8hyHjNC/9vI2u/tyxry0Xw=
23,40,LLumWHB6HsbhDhcYlXVRa18hOrY=,Heq0X8hyHjNC/9vI2u/tyxry0Xw=
19,35,LLumWHB6HsbhDhcYlXVRa18hOrY=,Heq0X8hyHjNC/9vI2u/tyxry0Xw=
25,44,LLumWHB6HsbhDhcYlXVRa18hOrY=,Heq0X8hyHjNC/9vI2u/tyxry0Xw=
19,44,LLumWHB6HsbhDhcYlXVRa18hOrY=,Heq0X8hyHjNC/9vI2u/tyxry0Xw=
18,44,LLumWHB6HsbhDhcYlXVRa18hOrY=,Heq0X8hyHjNC/9vI2u/tyxry0Xw=
17,44,LLumWHB6HsbhDhcYlXVRa18hOrY=,Heq0X8hyHjNC/9vI2u/tyxry0Xw=
23,35,LLumWHB6HsbhDhcYlXVRa18hOrY=,Heq0X8hyHjNC/9vI2u/tyxry0Xw=
16,44,LLumWHB6HsbhDhcYlXVRa18hOrY=,Heq0X8hyHjNC/9vI2u/tyxry0Xw=
31,43,LLumWHB6HsbhDhcYlXVRa18hOrY=,Heq0X8hyHjNC/9vI2u/tyxry0Xw=
30,43,LLumWHB6HsbhDhcYlXVRa18hOrY=,Heq0X8hyHjNC/9vI2u/tyxry0Xw=
29,43,LLumWHB6HsbhDhcYlXVRa18hOrY=,Heq0X8hyHjNC/9vI2u/tyxry0Xw=
28,43,LLumWHB6HsbhDhcYlXVRa18hOrY=,Heq0X8hyHjNC/9vI2u/tyxry0Xw=
27,43,LLumWHB6HsbhDhcYlXVRa18hOrY=,Heq0X8hyHjNC/9vI2u/tyxry0Xw=
27,33,LLumWHB6HsbhDhcYlXVRa18hOrY=,Heq0X8hyHjNC/9vI2u/tyxry0Xw=
26,32,LLumWHB6HsbhDhcYlXVRa18hOrY=,Heq0X8hyHjNC/9vI2u/tyxry0Xw=
26,43,LLumWHB6HsbhDhcYlXVRa18hOrY=,Heq0X8hyHjNC/9vI2u/tyxry0Xw=
25,43,LLumWHB6HsbhDhcYlXVRa18hOrY=,Heq0X8hyHjNC/9vI2u/tyxry0Xw=
24,40,LLumWHB6HsbhDhcYlXVRa18hOrY=,Heq0X8hyHjNC/9vI2u/tyxry0Xw=
24,43,LLumWHB6HsbhDhcYlXVRa18hOrY=,Heq0X8hyHjNC/9vI2u/tyxry0Xw=
22,43,LLumWHB6HsbhDhcYlXVRa18hOrY=,Heq0X8hyHjNC/9vI2u/tyxry0Xw=
21,43,LLumWHB6HsbhDhcYlXVRa18hOrY=,Heq0X8hyHjNC/9vI2u/tyxry0Xw=
23,43,LLumWHB6HsbhDhcYlXVRa18hOrY=,Heq0X8hyHjNC/9vI2u/tyxry0Xw=
22,35,LLumWHB6HsbhDhcYlXVRa18hOrY=,Heq0X8hyHjNC/9vI2u/tyxry0Xw=
20,43,LLumWHB6HsbhDhcYlXVRa18hOrY=,Heq0X8hyHjNC/9vI2u/tyxry0Xw=
29,32,LLumWHB6HsbhDhcYlXVRa18hOrY=,Heq0X8hyHjNC/9vI2u/tyxry0Xw=
18,43,LLumWHB6HsbhDhcYlXVRa18hOrY=,Heq0X8hyHjNC/9vI2u/tyxry0Xw=
17,43,LLumWHB6HsbhDhcYlXVRa18hOrY=,Heq0X8hyHjNC/9vI2u/tyxry0Xw=
16,43,LLumWHB6HsbhDhcYlXVRa18hOrY=,Heq0X8hyHjNC/9vI2u/tyxry0Xw=
19,43,LLumWHB6HsbhDhcYlXVRa18hOrY=,Heq0X8hyHjNC/9vI2u/tyxry0Xw=
31,42,LLumWHB6HsbhDhcYlXVRa18hOrY=,Heq0X8hyHjNC/9vI2u/tyxry0Xw=
30,42,LLumWHB6HsbhDhcYlXVRa18hOrY=,Heq0X8hyHjNC/9vI2u/tyxry0Xw=
29,42,LLumWHB6HsbhDhcYlXVRa18hOrY=,Heq0X8hyHjNC/9vI2u/tyxry0Xw=
28,42,LLumWHB6HsbhDhcYlXVRa18hOrY=,Heq0X8hyHjNC/9vI2u/tyxry0Xw=
27,42,LLumWHB6HsbhDhcYlXVRa18hOrY=,Heq0X8hyHjNC/9vI2u/tyxry0Xw=
26,42,LLumWHB6HsbhDhcYlXVRa18hOrY=,Heq0X8hyHjNC/9vI2u/tyxry0Xw=
25,40,LLumWHB6HsbhDhcYlXVRa18hOrY=,Heq0X8hyHjNC/9vI2u/tyxry0Xw=
26,33,LLumWHB6HsbhDhcYlXVRa18hOrY=,Heq0X8hyHjNC/9vI2u/tyxry0Xw=
26,40,LLumWHB6HsbhDhcYlXVRa18hOrY=,Heq0X8hyHjNC/9vI2u/tyxry0Xw=
27,40,LLumWHB6HsbhDhcYlXVRa18hOrY=,Heq0X8hyHjNC/9vI2u/tyxry0Xw=
28,40,LLumWHB6HsbhDhcYlXVRa18hOrY=,Heq0X8hyHjNC/9vI2u/tyxry0Xw=
29,40,LLumWHB6HsbhDhcYlXVRa18hOrY=,Heq0X8hyHjNC/9vI2u/tyxry0Xw=
31,40,LLumWHB6HsbhDhcYlXVRa18hOrY=,Heq0X8hyHjNC/9vI2u/tyxry0Xw=
24,42,LLumWHB6HsbhDhcYlXVRa18hOrY=,Heq0X8hyHjNC/9vI2u/tyxry0Xw=
30,40,LLumWHB6HsbhDhcYlXVRa18hOrY=,Heq0X8hyHjNC/9vI2u/tyxry0Xw=
24,33,LLumWHB6HsbhDhcYlXVRa18hOrY=,Heq0X8hyHjNC/9vI2u/tyxry0Xw=
16,41,LLumWHB6HsbhDhcYlXVRa18hOrY=,Heq0X8hyHjNC/9vI2u/tyxry0Xw=
25,42,LLumWHB6HsbhDhcYlXVRa18hOrY=,Heq0X8hyHjNC/9vI2u/tyxry0Xw=
22,42,LLumWHB6HsbhDhcYlXVRa18hOrY=,Heq0X8hyHjNC/9vI2u/tyxry0Xw=
28,32,LLumWHB6HsbhDhcYlXVRa18hOrY=,Heq0X8hyHjNC/9vI2u/tyxry0Xw=
21,35,LLumWHB6HsbhDhcYlXVRa18hOrY=,Heq0X8hyHjNC/9vI2u/tyxry0Xw=
21,42,LLumWHB6HsbhDhcYlXVRa18hOrY=,Heq0X8hyHjNC/9vI2u/tyxry0Xw=
20,42,LLumWHB6HsbhDhcYlXVRa18hOrY=,Heq0X8hyHjNC/9vI2u/tyxry0Xw=
19,42,LLumWHB6HsbhDhcYlXVRa18hOrY=,Heq0X8hyHjNC/9vI2u/tyxry0Xw=
18,42,LLumWHB6HsbhDhcYlXVRa18hOrY=,Heq0X8hyHjNC/9vI2u/tyxry0Xw=
17,42,LLumWHB6HsbhDhcYlXVRa18hOrY=,Heq0X8hyHjNC/9vI2u/tyxry0Xw=
16,42,LLumWHB6HsbhDhcYlXVRa18hOrY=,Heq0X8hyHjNC/9vI2u/tyxry0Xw=
17,41,LLumWHB6HsbhDhcYlXVRa18hOrY=,Heq0X8hyHjNC/9vI2u/tyxry0Xw=
18,41,LLumWHB6HsbhDhcYlXVRa18hOrY=,Heq0X8hyHjNC/9vI2u/tyxry0Xw=
19,41,LLumWHB6HsbhDhcYlXVRa18hOrY=,Heq0X8hyHjNC/9vI2u/tyxry0Xw=
20,41,LLumWHB6HsbhDhcYlXVRa18hOrY=,Heq0X8hyHjNC/9vI2u/tyxry0Xw=
23,42,LLumWHB6HsbhDhcYlXVRa18hOrY=,Heq0X8hyHjNC/9vI2u/tyxry0Xw=
31,41,LLumWHB6HsbhDhcYlXVRa18hOrY=,Heq0X8hyHjNC/9vI2u/tyxry0Xw=
30,41,LLumWHB6HsbhDhcYlXVRa18hOrY=,Heq0X8hyHjNC/9vI2u/tyxry0Xw=
29,41,LLumWHB6HsbhDhcYlXVRa18hOrY=,Heq0X8hyHjNC/9vI2u/tyxry0Xw=
28,41,LLumWHB6HsbhDhcYlXVRa18hOrY=,Heq0X8hyHjNC/9vI2u/tyxry0Xw=
27,41,LLumWHB6HsbhDhcYlXVRa18hOrY=,Heq0X8hyHjNC/9vI2u/tyxry0Xw=
21,41,LLumWHB6HsbhDhcYlXVRa18hOrY=,Heq0X8hyHjNC/9vI2u/tyxry0Xw=
26,41,LLumWHB6HsbhDhcYlXVRa18hOrY=,Heq0X8hyHjNC/9vI2u/tyxry0Xw=
22,41,LLumWHB6HsbhDhcYlXVRa18hOrY=,Heq0X8hyHjNC/9vI2u/tyxry0Xw=
20,35,LLumWHB6HsbhDhcYlXVRa18hOrY=,Heq0X8hyHjNC/9vI2u/tyxry0Xw=
27,32,LLumWHB6HsbhDhcYlXVRa18hOrY=,Heq0X8hyHjNC/9vI2u/tyxry0Xw=
25,33,LLumWHB6HsbhDhcYlXVRa18hOrY=,Heq0X8hyHjNC/9vI2u/tyxry0Xw=
25,41,LLumWHB6HsbhDhcYlXVRa18hOrY=,Heq0X8hyHjNC/9vI2u/tyxry0Xw=
23,41,LLumWHB6HsbhDhcYlXVRa18hOrY=,Heq0X8hyHjNC/9vI2u/tyxry0Xw=
24,41,LLumWHB6HsbhDhcYlXVRa18hOrY=,Heq0X8hyHjNC/9vI2u/tyxry0Xw=
