35,-32,K7RIyDuLkqXt08QbwI315VF/Sng=,cX8P9O3Dp/YL4mC7eQ4z76I53s4=
45,-30,K7RIyDuLkqXt08QbwI315VF/Sng=,cX8P9O3Dp/YL4mC7eQ4z76I53s4=
44,-30,K7RIyDuLkqXt08QbwI315VF/Sng=,cX8P9O3Dp/YL4mC7eQ4z76I53s4=
43,-30,K7RIyDuLkqXt08QbwI315VF/Sng=,cX8P9O3Dp/YL4mC7eQ4z76I53s4=
47,-17,K7RIyDuLkqXt08QbwI315VF/Sng=,cX8P9O3Dp/YL4mC7eQ4z76I53s4=
42,-30,K7RIyDuLkqXt08QbwI315VF/Sng=,cX8P9O3Dp/YL4mC7eQ4z76I53s4=
41,-30,K7RIyDuLkqXt08QbwI315VF/Sng=,cX8P9O3Dp/YL4mC7eQ4z76I53s4=
39,-30,K7RIyDuLkqXt08QbwI315VF/Sng=,cX8P9O3Dp/YL4mC7eQ4z76I53s4=
38,-30,K7RIyDuLkqXt08QbwI315VF/Sng=,cX8P9O3Dp/YL4mC7eQ4z76I53s4=
37,-30,K7RIyDuLkqXt08QbwI315VF/Sng=,cX8P9O3Dp/YL4mC7eQ4z76I53s4=
40,-30,K7RIyDuLkqXt08QbwI315VF/Sng=,cX8P9O3Dp/YL4mC7eQ4z76I53s4=
35,-30,K7RIyDuLkqXt08QbwI315VF/Sng=,cX8P9O3Dp/YL4mC7eQ4z76I53s4=
44,-29,K7RIyDuLkqXt08QbwI315VF/Sng=,cX8P9O3Dp/YL4mC7eQ4z76I53s4=
34,-30,K7RIyDuLkqXt08QbwI315VF/Sng=,cX8P9O3Dp/YL4mC7eQ4z76I53s4=
46,-30,K7RIyDuLkqXt08QbwI315VF/Sng=,cX8P9O3Dp/YL4mC7eQ4z76I53s4=
33,-30,K7RIyDuLkqXt08QbwI315VF/Sng=,cX8P9O3Dp/YL4mC7eQ4z76I53s4=
36,-32,K7RIyDuLkqXt08QbwI315VF/Sng=,cX8P9O3Dp/YL4mC7eQ4z76I53s4=
45,-29,K7RIyDuLkqXt08QbwI315VF/Sng=,cX8P9O3Dp/YL4mC7eQ4z76I53s4=
32,-30,K7RIyDuLkqXt08QbwI315VF/Sng=,cX8P9O3Dp/YL4mC7eQ4z76I53s4=
46,-29,K7RIyDuLkqXt08QbwI315VF/Sng=,cX8P9O3Dp/YL4mC7eQ4z76I53s4=
47,-31,K7RIyDuLkqXt08QbwI315VF/Sng=,cX8P9O3Dp/YL4mC7eQ4z76I53s4=
36,-30,K7RIyDuLkqXt08QbwI315VF/Sng=,cX8P9O3Dp/YL4mC7eQ4z76I53s4=
47,-29,K7RIyDuLkqXt08QbwI315VF/Sng=,cX8P9O3Dp/YL4mC7eQ4z76I53s4=
43,-29,K7RIyDuLkqXt08QbwI315VF/Sng=,cX8P9O3Dp/YL4mC7eQ4z76I53s4=
32,-28,K7RIyDuLkqXt08QbwI315VF/Sng=,cX8P9O3Dp/YL4mC7eQ4z76I53s4=
46,-17,K7RIyDuLkqXt08QbwI315VF/Sng=,cX8P9O3Dp/YL4mC7eQ4z76I53s4=
37,-32,K7RIyDuLkqXt08QbwI315VF/Sng=,cX8P9O3Dp/YL4mC7eQ4z76I53s4=
34,-32,K7RIyDuLkqXt08QbwI315VF/Sng=,cX8P9O3Dp/YL4mC7eQ4z76I53s4=
34,-31,K7RIyDuLkqXt08QbwI315VF/Sng=,cX8P9O3Dp/YL4mC7eQ4z76I53s4=
45,-17,K7RIyDuLkqXt08QbwI315VF/Sng=,cX8P9O3Dp/YL4mC7eQ4z76I53s4=
33,-28,K7RIyDuLkqXt08QbwI315VF/Sng=,cX8P9O3Dp/YL4mC7eQ4z76I53s4=
34,-28,K7RIyDuLkqXt08QbwI315VF/Sng=,cX8P9O3Dp/YL4mC7eQ4z76I53s4=
44,-17,K7RIyDuLkqXt08QbwI315VF/Sng=,cX8P9O3Dp/YL4mC7eQ4z76I53s4=
35,-28,K7RIyDuLkqXt08QbwI315VF/Sng=,cX8P9O3Dp/YL4mC7eQ4z76I53s4=
43,-17,K7RIyDuLkqXt08QbwI315VF/Sng=,cX8P9O3Dp/YL4mC7eQ4z76I53s4=
36,-28,K7RIyDuLkqXt08QbwI315VF/Sng=,cX8P9O3Dp/YL4mC7eQ4z76I53s4=
42,-17,K7RIyDuLkqXt08QbwI315VF/Sng=,cX8P9O3Dp/YL4mC7eQ4z76I53s4=
37,-28,K7RIyDuLkqXt08QbwI315VF/Sng=,cX8P9O3Dp/YL4mC7eQ4z76I53s4=
41,-17,K7RIyDuLkqXt08QbwI315VF/Sng=,cX8P9O3Dp/YL4mC7eQ4z76I53s4=
38,-28,K7RIyDuLkqXt08QbwI315VF/Sng=,cX8P9O3Dp/YL4mC7eQ4z76I53s4=
39,-28,K7RIyDuLkqXt08QbwI315VF/Sng=,cX8P9O3Dp/YL4mC7eQ4z76I53s4=
40,-17,K7RIyDuLkqXt08QbwI315VF/Sng=,cX8P9O3Dp/YL4mC7eQ4z76I53s4=
40,-28,K7RIyDuLkqXt08QbwI315VF/Sng=,cX8P9O3Dp/YL4mC7eQ4z76I53s4=
39,-17,K7RIyDuLkqXt08QbwI315VF/Sng=,cX8P9O3Dp/YL4mC7eQ4z76I53s4=
41,-28,K7RIyDuLkqXt08QbwI315VF/Sng=,cX8P9O3Dp/YL4mC7eQ4z76I53s4=
38,-17,K7RIyDuLkqXt08QbwI315VF/Sng=,cX8P9O3Dp/YL4mC7eQ4z76I53s4=
42,-28,K7RIyDuLkqXt08QbwI315VF/Sng=,cX8P9O3Dp/YL4mC7eQ4z76I53s4=
43,-28,K7RIyDuLkqXt08QbwI315VF/Sng=,cX8P9O3Dp/YL4mC7eQ4z76I53s4=
37,-17,K7RIyDuLkqXt08QbwI315VF/Sng=,cX8P9O3Dp/YL4mC7eQ4z76I53s4=
36,-17,K7RIyDuLkqXt08QbwI315VF/Sng=,cX8P9O3Dp/YL4mC7eQ4z76I53s4=
47,-30,K7RIyDuLkqXt08QbwI315VF/Sng=,cX8P9O3Dp/YL4mC7eQ4z76I53s4=
35,-17,K7RIyDuLkqXt08QbwI315VF/Sng=,cX8P9O3Dp/YL4mC7eQ4z76I53s4=
38,-32,K7RIyDuLkqXt08QbwI315VF/Sng=,cX8P9O3Dp/YL4mC7eQ4z76I53s4=
44,-28,K7RIyDuLkqXt08QbwI315VF/Sng=,cX8P9O3Dp/YL4mC7eQ4z76I53s4=
34,-17,K7RIyDuLkqXt08QbwI315VF/Sng=,cX8P9O3Dp/YL4mC7eQ4z76I53s4=
45,-28,K7RIyDuLkqXt08QbwI315VF/Sng=,cX8P9O3Dp/YL4mC7eQ4z76I53s4=
42,-29,K7RIyDuLkqXt08QbwI315VF/Sng=,cX8P9O3Dp/YL4mC7eQ4z76I53s4=
46,-28,K7RIyDuLkqXt08QbwI315VF/Sng=,cX8P9O3Dp/YL4mC7eQ4z76I53s4=
33,-17,K7RIyDuLkqXt08QbwI315VF/Sng=,cX8P9O3Dp/YL4mC7eQ4z76I53s4=
47,-28,K7RIyDuLkqXt08QbwI315VF/Sng=,cX8P9O3Dp/YL4mC7eQ4z76I53s4=
32,-17,K7RIyDuLkqXt08QbwI315VF/Sng=,cX8P9O3Dp/YL4mC7eQ4z76I53s4=
46,-31,K7RIyDuLkqXt08QbwI315VF/Sng=,cX8P9O3Dp/YL4mC7eQ4z76I53s4=
47,-18,K7RIyDuLkqXt08QbwI315VF/Sng=,cX8P9O3Dp/YL4mC7eQ4z76I53s4=
46,-18,K7RIyDuLkqXt08QbwI315VF/Sng=,cX8P9O3Dp/YL4mC7eQ4z76I53s4=
45,-18,K7RIyDuLkqXt08QbwI315VF/Sng=,cX8P9O3Dp/YL4mC7eQ4z76I53s4=
44,-18,K7RIyDuLkqXt08QbwI315VF/Sng=,cX8P9O3Dp/YL4mC7eQ4z76I53s4=
43,-18,K7RIyDuLkqXt08QbwI315VF/Sng=,cX8P9O3Dp/YL4mC7eQ4z76I53s4=
42,-18,K7RIyDuLkqXt08QbwI315VF/Sng=,cX8P9O3Dp/YL4mC7eQ4z76I53s4=
41,-18,K7RIyDuLkqXt08QbwI315VF/Sng=,cX8P9O3Dp/YL4mC7eQ4z76I53s4=
40,-18,K7RIyDuLkqXt08QbwI315VF/Sng=,cX8P9O3Dp/YL4mC7eQ4z76I53s4=
39,-18,K7RIyDuLkqXt08QbwI315VF/Sng=,cX8P9O3Dp/YL4mC7eQ4z76I53s4=
38,-18,K7RIyDuLkqXt08QbwI315VF/Sng=,cX8P9O3Dp/YL4mC7eQ4z76I53s4=
37,-18,K7RIyDuLkqXt08QbwI315VF/Sng=,cX8P9O3Dp/YL4mC7eQ4z76I53s4=
36,-18,K7RIyDuLkqXt08QbwI315VF/Sng=,cX8P9O3Dp/YL4mC7eQ4z76I53s4=
35,-18,K7RIyDuLkqXt08QbwI315VF/Sng=,cX8P9O3Dp/YL4mC7eQ4z76I53s4=
34,-18,K7RIyDuLkqXt08QbwI315VF/Sng=,cX8P9O3Dp/YL4mC7eQ4z76I53s4=
33,-31,K7RIyDuLkqXt08QbwI315VF/Sng=,cX8P9O3Dp/YL4mC7eQ4z76I53s4=
41,-29,K7RIyDuLkqXt08QbwI315VF/Sng=,cX8P9O3Dp/YL4mC7eQ4z76I53s4=
33,-18,K7RIyDuLkqXt08QbwI315VF/Sng=,cX8P9O3Dp/YL4mC7eQ4z76I53s4=
32,-31,K7RIyDuLkqXt08QbwI315VF/Sng=,cX8P9O3Dp/YL4mC7eQ4z76I53s4=
33,-32,K7RIyDuLkqXt08QbwI315VF/Sng=,cX8P9O3Dp/YL4mC7eQ4z76I53s4=
32,-18,K7RIyDuLkqXt08QbwI315VF/Sng=,cX8P9O3Dp/YL4mC7eQ4z76I53s4=
47,-19,K7RIyDuLkqXt08QbwI315VF/Sng=,cX8P9O3Dp/YL4mC7eQ4z76I53s4=
46,-19,K7RIyDuLkqXt08QbwI315VF/Sng=,cX8P9O3Dp/YL4mC7eQ4z76I53s4=
45,-19,K7RIyDuLkqXt08QbwI315VF/Sng=,cX8P9O3Dp/YL4mC7eQ4z76I53s4=
44,-19,K7RIyDuLkqXt08QbwI315VF/Sng=,cX8P9O3Dp/YL4mC7eQ4z76I53s4=
43,-19,K7RIyDuLkqXt08QbwI315VF/Sng=,cX8P9O3Dp/YL4mC7eQ4z76I53s4=
42,-19,K7RIyDuLkqXt08QbwI315VF/Sng=,cX8P9O3Dp/YL4mC7eQ4z76I53s4=
41,-19,K7RIyDuLkqXt08QbwI315VF/Sng=,cX8P9O3Dp/YL4mC7eQ4z76I53s4=
40,-19,K7RIyDuLkqXt08QbwI315VF/Sng=,cX8P9O3Dp/YL4mC7eQ4z76I53s4=
39,-19,K7RIyDuLkqXt08QbwI315VF/Sng=,cX8P9O3Dp/YL4mC7eQ4z76I53s4=
38,-19,K7RIyDuLkqXt08QbwI315VF/Sng=,cX8P9O3Dp/YL4mC7eQ4z76I53s4=
37,-19,K7RIyDuLkqXt08QbwI315VF/Sng=,cX8P9O3Dp/YL4mC7eQ4z76I53s4=
36,-19,K7RIyDuLkqXt08QbwI315VF/Sng=,cX8P9O3Dp/YL4mC7eQ4z76I53s4=
45,-31,K7RIyDuLkqXt08QbwI315VF/Sng=,cX8P9O3Dp/YL4mC7eQ4z76I53s4=
35,-19,K7RIyDuLkqXt08QbwI315VF/Sng=,cX8P9O3Dp/YL4mC7eQ4z76I53s4=
47,-32,K7RIyDuLkqXt08QbwI315VF/Sng=,cX8P9O3Dp/YL4mC7eQ4z76I53s4=
40,-29,K7RIyDuLkqXt08QbwI315VF/Sng=,cX8P9O3Dp/YL4mC7eQ4z76I53s4=
34,-19,K7RIyDuLkqXt08QbwI315VF/Sng=,cX8P9O3Dp/YL4mC7eQ4z76I53s4=
44,-31,K7RIyDuLkqXt08QbwI315VF/Sng=,cX8P9O3Dp/YL4mC7eQ4z76I53s4=
33,-19,K7RIyDuLkqXt08QbwI315VF/Sng=,cX8P9O3Dp/YL4mC7eQ4z76I53s4=
32,-19,K7RIyDuLkqXt08QbwI315VF/Sng=,cX8P9O3Dp/YL4mC7eQ4z76I53s4=
47,-20,K7RIyDuLkqXt08QbwI315VF/Sng=,cX8P9O3Dp/YL4mC7eQ4z76I53s4=
46,-20,K7RIyDuLkqXt08QbwI315VF/Sng=,cX8P9O3Dp/YL4mC7eQ4z76I53s4=
45,-20,K7RIyDuLkqXt08QbwI315VF/Sng=,cX8P9O3Dp/YL4mC7eQ4z76I53s4=
44,-20,K7RIyDuLkqXt08QbwI315VF/Sng=,cX8P9O3Dp/YL4mC7eQ4z76I53s4=
43,-20,K7RIyDuLkqXt08QbwI315VF/Sng=,cX8P9O3Dp/YL4mC7eQ4z76I53s4=
41,-20,K7RIyDuLkqXt08QbwI315VF/Sng=,cX8P9O3Dp/YL4mC7eQ4z76I53s4=
40,-20,K7RIyDuLkqXt08QbwI315VF/Sng=,cX8P9O3Dp/YL4mC7eQ4z76I53s4=
39,-20,K7RIyDuLkqXt08QbwI315VF/Sng=,cX8P9O3Dp/YL4mC7eQ4z76I53s4=
38,-20,K7RIyDuLkqXt08QbwI315VF/Sng=,cX8P9O3Dp/YL4mC7eQ4z76I53s4=
37,-20,K7RIyDuLkqXt08QbwI315VF/Sng=,cX8P9O3Dp/YL4mC7eQ4z76I53s4=
36,-20,K7RIyDuLkqXt08QbwI315VF/Sng=,cX8P9O3Dp/YL4mC7eQ4z76I53s4=
46,-32,K7RIyDuLkqXt08QbwI315VF/Sng=,cX8P9O3Dp/YL4mC7eQ4z76I53s4=
39,-29,K7RIyDuLkqXt08QbwI315VF/Sng=,cX8P9O3Dp/YL4mC7eQ4z76I53s4=
35,-20,K7RIyDuLkqXt08QbwI315VF/Sng=,cX8P9O3Dp/YL4mC7eQ4z76I53s4=
34,-20,K7RIyDuLkqXt08QbwI315VF/Sng=,cX8P9O3Dp/YL4mC7eQ4z76I53s4=
33,-20,K7RIyDuLkqXt08QbwI315VF/Sng=,cX8P9O3Dp/YL4mC7eQ4z76I53s4=
43,-31,K7RIyDuLkqXt08QbwI315VF/Sng=,cX8P9O3Dp/YL4mC7eQ4z76I53s4=
32,-20,K7RIyDuLkqXt08QbwI315VF/Sng=,cX8P9O3Dp/YL4mC7eQ4z76I53s4=
47,-21,K7RIyDuLkqXt08QbwI315VF/Sng=,cX8P9O3Dp/YL4mC7eQ4z76I53s4=
46,-21,K7RIyDuLkqXt08QbwI315VF/Sng=,cX8P9O3Dp/YL4mC7eQ4z76I53s4=
45,-21,K7RIyDuLkqXt08QbwI315VF/Sng=,cX8P9O3Dp/YL4mC7eQ4z76I53s4=
44,-21,K7RIyDuLkqXt08QbwI315VF/Sng=,cX8P9O3Dp/YL4mC7eQ4z76I53s4=
43,-21,K7RIyDuLkqXt08QbwI315VF/Sng=,cX8P9O3Dp/YL4mC7eQ4z76I53s4=
42,-20,K7RIyDuLkqXt08QbwI315VF/Sng=,cX8P9O3Dp/YL4mC7eQ4z76I53s4=
41,-21,K7RIyDuLkqXt08QbwI315VF/Sng=,cX8P9O3Dp/YL4mC7eQ4z76I53s4=
40,-21,K7RIyDuLkqXt08QbwI315VF/Sng=,cX8P9O3Dp/YL4mC7eQ4z76I53s4=
39,-21,K7RIyDuLkqXt08QbwI315VF/Sng=,cX8P9O3Dp/YL4mC7eQ4z76I53s4=
38,-21,K7RIyDuLkqXt08QbwI315VF/Sng=,cX8P9O3Dp/YL4mC7eQ4z76I53s4=
37,-21,K7RIyDuLkqXt08QbwI315VF/Sng=,cX8P9O3Dp/YL4mC7eQ4z76I53s4=
45,-32,K7RIyDuLkqXt08QbwI315VF/Sng=,cX8P9O3Dp/YL4mC7eQ4z76I53s4=
38,-29,K7RIyDuLkqXt08QbwI315VF/Sng=,cX8P9O3Dp/YL4mC7eQ4z76I53s4=
36,-21,K7RIyDuLkqXt08QbwI315VF/Sng=,cX8P9O3Dp/YL4mC7eQ4z76I53s4=
35,-21,K7RIyDuLkqXt08QbwI315VF/Sng=,cX8P9O3Dp/YL4mC7eQ4z76I53s4=
34,-21,K7RIyDuLkqXt08QbwI315VF/Sng=,cX8P9O3Dp/YL4mC7eQ4z76I53s4=
33,-21,K7RIyDuLkqXt08QbwI315VF/Sng=,cX8P9O3Dp/YL4mC7eQ4z76I53s4=
32,-21,K7RIyDuLkqXt08QbwI315VF/Sng=,cX8P9O3Dp/YL4mC7eQ4z76I53s4=
42,-31,K7RIyDuLkqXt08QbwI315VF/Sng=,cX8P9O3Dp/YL4mC7eQ4z76I53s4=
47,-22,K7RIyDuLkqXt08QbwI315VF/Sng=,cX8P9O3Dp/YL4mC7eQ4z76I53s4=
46,-22,K7RIyDuLkqXt08QbwI315VF/Sng=,cX8P9O3Dp/YL4mC7eQ4z76I53s4=
45,-22,K7RIyDuLkqXt08QbwI315VF/Sng=,cX8P9O3Dp/YL4mC7eQ4z76I53s4=
44,-22,K7RIyDuLkqXt08QbwI315VF/Sng=,cX8P9O3Dp/YL4mC7eQ4z76I53s4=
43,-22,K7RIyDuLkqXt08QbwI315VF/Sng=,cX8P9O3Dp/YL4mC7eQ4z76I53s4=
42,-21,K7RIyDuLkqXt08QbwI315VF/Sng=,cX8P9O3Dp/YL4mC7eQ4z76I53s4=
32,-32,K7RIyDuLkqXt08QbwI315VF/Sng=,cX8P9O3Dp/YL4mC7eQ4z76I53s4=
35,-31,K7RIyDuLkqXt08QbwI315VF/Sng=,cX8P9O3Dp/YL4mC7eQ4z76I53s4=
32,-27,K7RIyDuLkqXt08QbwI315VF/Sng=,cX8P9O3Dp/YL4mC7eQ4z76I53s4=
33,-27,K7RIyDuLkqXt08QbwI315VF/Sng=,cX8P9O3Dp/YL4mC7eQ4z76I53s4=
34,-27,K7RIyDuLkqXt08QbwI315VF/Sng=,cX8P9O3Dp/YL4mC7eQ4z76I53s4=
35,-27,K7RIyDuLkqXt08QbwI315VF/Sng=,cX8P9O3Dp/YL4mC7eQ4z76I53s4=
36,-27,K7RIyDuLkqXt08QbwI315VF/Sng=,cX8P9O3Dp/YL4mC7eQ4z76I53s4=
37,-27,K7RIyDuLkqXt08QbwI315VF/Sng=,cX8P9O3Dp/YL4mC7eQ4z76I53s4=
38,-27,K7RIyDuLkqXt08QbwI315VF/Sng=,cX8P9O3Dp/YL4mC7eQ4z76I53s4=
39,-27,K7RIyDuLkqXt08QbwI315VF/Sng=,cX8P9O3Dp/YL4mC7eQ4z76I53s4=
40,-27,K7RIyDuLkqXt08QbwI315VF/Sng=,cX8P9O3Dp/YL4mC7eQ4z76I53s4=
41,-27,K7RIyDuLkqXt08QbwI315VF/Sng=,cX8P9O3Dp/YL4mC7eQ4z76I53s4=
42,-27,K7RIyDuLkqXt08QbwI315VF/Sng=,cX8P9O3Dp/YL4mC7eQ4z76I53s4=
32,-29,K7RIyDuLkqXt08QbwI315VF/Sng=,cX8P9O3Dp/YL4mC7eQ4z76I53s4=
36,-31,K7RIyDuLkqXt08QbwI315VF/Sng=,cX8P9O3Dp/YL4mC7eQ4z76I53s4=
39,-32,K7RIyDuLkqXt08QbwI315VF/Sng=,cX8P9O3Dp/YL4mC7eQ4z76I53s4=
43,-27,K7RIyDuLkqXt08QbwI315VF/Sng=,cX8P9O3Dp/YL4mC7eQ4z76I53s4=
44,-27,K7RIyDuLkqXt08QbwI315VF/Sng=,cX8P9O3Dp/YL4mC7eQ4z76I53s4=
45,-27,K7RIyDuLkqXt08QbwI315VF/Sng=,cX8P9O3Dp/YL4mC7eQ4z76I53s4=
46,-27,K7RIyDuLkqXt08QbwI315VF/Sng=,cX8P9O3Dp/YL4mC7eQ4z76I53s4=
47,-27,K7RIyDuLkqXt08QbwI315VF/Sng=,cX8P9O3Dp/YL4mC7eQ4z76I53s4=
32,-26,K7RIyDuLkqXt08QbwI315VF/Sng=,cX8P9O3Dp/YL4mC7eQ4z76I53s4=
37,-31,K7RIyDuLkqXt08QbwI315VF/Sng=,cX8P9O3Dp/YL4mC7eQ4z76I53s4=
33,-26,K7RIyDuLkqXt08QbwI315VF/Sng=,cX8P9O3Dp/YL4mC7eQ4z76I53s4=
34,-26,K7RIyDuLkqXt08QbwI315VF/Sng=,cX8P9O3Dp/YL4mC7eQ4z76I53s4=
35,-26,K7RIyDuLkqXt08QbwI315VF/Sng=,cX8P9O3Dp/YL4mC7eQ4z76I53s4=
36,-26,K7RIyDuLkqXt08QbwI315VF/Sng=,cX8P9O3Dp/YL4mC7eQ4z76I53s4=
37,-26,K7RIyDuLkqXt08QbwI315VF/Sng=,cX8P9O3Dp/YL4mC7eQ4z76I53s4=
38,-26,K7RIyDuLkqXt08QbwI315VF/Sng=,cX8P9O3Dp/YL4mC7eQ4z76I53s4=
39,-26,K7RIyDuLkqXt08QbwI315VF/Sng=,cX8P9O3Dp/YL4mC7eQ4z76I53s4=
40,-26,K7RIyDuLkqXt08QbwI315VF/Sng=,cX8P9O3Dp/YL4mC7eQ4z76I53s4=
41,-26,K7RIyDuLkqXt08QbwI315VF/Sng=,cX8P9O3Dp/YL4mC7eQ4z76I53s4=
33,-29,K7RIyDuLkqXt08QbwI315VF/Sng=,cX8P9O3Dp/YL4mC7eQ4z76I53s4=
40,-32,K7RIyDuLkqXt08QbwI315VF/Sng=,cX8P9O3Dp/YL4mC7eQ4z76I53s4=
42,-26,K7RIyDuLkqXt08QbwI315VF/Sng=,cX8P9O3Dp/YL4mC7eQ4z76I53s4=
43,-26,K7RIyDuLkqXt08QbwI315VF/Sng=,cX8P9O3Dp/YL4mC7eQ4z76I53s4=
44,-26,K7RIyDuLkqXt08QbwI315VF/Sng=,cX8P9O3Dp/YL4mC7eQ4z76I53s4=
45,-26,K7RIyDuLkqXt08QbwI315VF/Sng=,cX8P9O3Dp/YL4mC7eQ4z76I53s4=
46,-26,K7RIyDuLkqXt08QbwI315VF/Sng=,cX8P9O3Dp/YL4mC7eQ4z76I53s4=
47,-26,K7RIyDuLkqXt08QbwI315VF/Sng=,cX8P9O3Dp/YL4mC7eQ4z76I53s4=
32,-25,K7RIyDuLkqXt08QbwI315VF/Sng=,cX8P9O3Dp/YL4mC7eQ4z76I53s4=
38,-31,K7RIyDuLkqXt08QbwI315VF/Sng=,cX8P9O3Dp/YL4mC7eQ4z76I53s4=
33,-25,K7RIyDuLkqXt08QbwI315VF/Sng=,cX8P9O3Dp/YL4mC7eQ4z76I53s4=
34,-25,K7RIyDuLkqXt08QbwI315VF/Sng=,cX8P9O3Dp/YL4mC7eQ4z76I53s4=
35,-25,K7RIyDuLkqXt08QbwI315VF/Sng=,cX8P9O3Dp/YL4mC7eQ4z76I53s4=
36,-25,K7RIyDuLkqXt08QbwI315VF/Sng=,cX8P9O3Dp/YL4mC7eQ4z76I53s4=
37,-25,K7RIyDuLkqXt08QbwI315VF/Sng=,cX8P9O3Dp/YL4mC7eQ4z76I53s4=
38,-25,K7RIyDuLkqXt08QbwI315VF/Sng=,cX8P9O3Dp/YL4mC7eQ4z76I53s4=
39,-25,K7RIyDuLkqXt08QbwI315VF/Sng=,cX8P9O3Dp/YL4mC7eQ4z76I53s4=
40,-25,K7RIyDuLkqXt08QbwI315VF/Sng=,cX8P9O3Dp/YL4mC7eQ4z76I53s4=
34,-29,K7RIyDuLkqXt08QbwI315VF/Sng=,cX8P9O3Dp/YL4mC7eQ4z76I53s4=
41,-22,K7RIyDuLkqXt08QbwI315VF/Sng=,cX8P9O3Dp/YL4mC7eQ4z76I53s4=
40,-22,K7RIyDuLkqXt08QbwI315VF/Sng=,cX8P9O3Dp/YL4mC7eQ4z76I53s4=
39,-22,K7RIyDuLkqXt08QbwI315VF/Sng=,cX8P9O3Dp/YL4mC7eQ4z76I53s4=
38,-22,K7RIyDuLkqXt08QbwI315VF/Sng=,cX8P9O3Dp/YL4mC7eQ4z76I53s4=
44,-32,K7RIyDuLkqXt08QbwI315VF/Sng=,cX8P9O3Dp/YL4mC7eQ4z76I53s4=
37,-29,K7RIyDuLkqXt08QbwI315VF/Sng=,cX8P9O3Dp/YL4mC7eQ4z76I53s4=
37,-22,K7RIyDuLkqXt08QbwI315VF/Sng=,cX8P9O3Dp/YL4mC7eQ4z76I53s4=
36,-22,K7RIyDuLkqXt08QbwI315VF/Sng=,cX8P9O3Dp/YL4mC7eQ4z76I53s4=
35,-22,K7RIyDuLkqXt08QbwI315VF/Sng=,cX8P9O3Dp/YL4mC7eQ4z76I53s4=
34,-22,K7RIyDuLkqXt08QbwI315VF/Sng=,cX8P9O3Dp/YL4mC7eQ4z76I53s4=
33,-22,K7RIyDuLkqXt08QbwI315VF/Sng=,cX8P9O3Dp/YL4mC7eQ4z76I53s4=
32,-22,K7RIyDuLkqXt08QbwI315VF/Sng=,cX8P9O3Dp/YL4mC7eQ4z76I53s4=
41,-31,K7RIyDuLkqXt08QbwI315VF/Sng=,cX8P9O3Dp/YL4mC7eQ4z76I53s4=
47,-23,K7RIyDuLkqXt08QbwI315VF/Sng=,cX8P9O3Dp/YL4mC7eQ4z76I53s4=
41,-32,K7RIyDuLkqXt08QbwI315VF/Sng=,cX8P9O3Dp/YL4mC7eQ4z76I53s4=
46,-23,K7RIyDuLkqXt08QbwI315VF/Sng=,cX8P9O3Dp/YL4mC7eQ4z76I53s4=
41,-25,K7RIyDuLkqXt08QbwI315VF/Sng=,cX8P9O3Dp/YL4mC7eQ4z76I53s4=
45,-23,K7RIyDuLkqXt08QbwI315VF/Sng=,cX8P9O3Dp/YL4mC7eQ4z76I53s4=
42,-25,K7RIyDuLkqXt08QbwI315VF/Sng=,cX8P9O3Dp/YL4mC7eQ4z76I53s4=
44,-23,K7RIyDuLkqXt08QbwI315VF/Sng=,cX8P9O3Dp/YL4mC7eQ4z76I53s4=
43,-25,K7RIyDuLkqXt08QbwI315VF/Sng=,cX8P9O3Dp/YL4mC7eQ4z76I53s4=
43,-23,K7RIyDuLkqXt08QbwI315VF/Sng=,cX8P9O3Dp/YL4mC7eQ4z76I53s4=
44,-25,K7RIyDuLkqXt08QbwI315VF/Sng=,cX8P9O3Dp/YL4mC7eQ4z76I53s4=
45,-25,K7RIyDuLkqXt08QbwI315VF/Sng=,cX8P9O3Dp/YL4mC7eQ4z76I53s4=
46,-25,K7RIyDuLkqXt08QbwI315VF/Sng=,cX8P9O3Dp/YL4mC7eQ4z76I53s4=
47,-25,K7RIyDuLkqXt08QbwI315VF/Sng=,cX8P9O3Dp/YL4mC7eQ4z76I53s4=
39,-31,K7RIyDuLkqXt08QbwI315VF/Sng=,cX8P9O3Dp/YL4mC7eQ4z76I53s4=
32,-24,K7RIyDuLkqXt08QbwI315VF/Sng=,cX8P9O3Dp/YL4mC7eQ4z76I53s4=
33,-24,K7RIyDuLkqXt08QbwI315VF/Sng=,cX8P9O3Dp/YL4mC7eQ4z76I53s4=
34,-24,K7RIyDuLkqXt08QbwI315VF/Sng=,cX8P9O3Dp/YL4mC7eQ4z76I53s4=
35,-24,K7RIyDuLkqXt08QbwI315VF/Sng=,cX8P9O3Dp/YL4mC7eQ4z76I53s4=
36,-24,K7RIyDuLkqXt08QbwI315VF/Sng=,cX8P9O3Dp/YL4mC7eQ4z76I53s4=
37,-24,K7RIyDuLkqXt08QbwI315VF/Sng=,cX8P9O3Dp/YL4mC7eQ4z76I53s4=
38,-24,K7RIyDuLkqXt08QbwI315VF/Sng=,cX8P9O3Dp/YL4mC7eQ4z76I53s4=
39,-24,K7RIyDuLkqXt08QbwI315VF/Sng=,cX8P9O3Dp/YL4mC7eQ4z76I53s4=
35,-29,K7RIyDuLkqXt08QbwI315VF/Sng=,cX8P9O3Dp/YL4mC7eQ4z76I53s4=
42,-32,K7RIyDuLkqXt08QbwI315VF/Sng=,cX8P9O3Dp/YL4mC7eQ4z76I53s4=
42,-22,K7RIyDuLkqXt08QbwI315VF/Sng=,cX8P9O3Dp/YL4mC7eQ4z76I53s4=
40,-24,K7RIyDuLkqXt08QbwI315VF/Sng=,cX8P9O3Dp/YL4mC7eQ4z76I53s4=
41,-23,K7RIyDuLkqXt08QbwI315VF/Sng=,cX8P9O3Dp/YL4mC7eQ4z76I53s4=
40,-23,K7RIyDuLkqXt08QbwI315VF/Sng=,cX8P9O3Dp/YL4mC7eQ4z76I53s4=
39,-23,K7RIyDuLkqXt08QbwI315VF/Sng=,cX8P9O3Dp/YL4mC7eQ4z76I53s4=
43,-32,K7RIyDuLkqXt08QbwI315VF/Sng=,cX8P9O3Dp/YL4mC7eQ4z76I53s4=
36,-29,K7RIyDuLkqXt08QbwI315VF/Sng=,cX8P9O3Dp/YL4mC7eQ4z76I53s4=
38,-23,K7RIyDuLkqXt08QbwI315VF/Sng=,cX8P9O3Dp/YL4mC7eQ4z76I53s4=
37,-23,K7RIyDuLkqXt08QbwI315VF/Sng=,cX8P9O3Dp/YL4mC7eQ4z76I53s4=
36,-23,K7RIyDuLkqXt08QbwI315VF/Sng=,cX8P9O3Dp/YL4mC7eQ4z76I53s4=
35,-23,K7RIyDuLkqXt08QbwI315VF/Sng=,cX8P9O3Dp/YL4mC7eQ4z76I53s4=
34,-23,K7RIyDuLkqXt08QbwI315VF/Sng=,cX8P9O3Dp/YL4mC7eQ4z76I53s4=
33,-23,K7RIyDuLkqXt08QbwI315VF/Sng=,cX8P9O3Dp/YL4mC7eQ4z76I53s4=
32,-23,K7RIyDuLkqXt08QbwI315VF/Sng=,cX8P9O3Dp/YL4mC7eQ4z76I53s4=
40,-31,K7RIyDuLkqXt08QbwI315VF/Sng=,cX8P9O3Dp/YL4mC7eQ4z76I53s4=
47,-24,K7RIyDuLkqXt08QbwI315VF/Sng=,cX8P9O3Dp/YL4mC7eQ4z76I53s4=
46,-24,K7RIyDuLkqXt08QbwI315VF/Sng=,cX8P9O3Dp/YL4mC7eQ4z76I53s4=
45,-24,K7RIyDuLkqXt08QbwI315VF/Sng=,cX8P9O3Dp/YL4mC7eQ4z76I53s4=
44,-24,K7RIyDuLkqXt08QbwI315VF/Sng=,cX8P9O3Dp/YL4mC7eQ4z76I53s4=
43,-24,K7RIyDuLkqXt08QbwI315VF/Sng=,cX8P9O3Dp/YL4mC7eQ4z76I53s4=
41,-24,K7RIyDuLkqXt08QbwI315VF/Sng=,cX8P9O3Dp/YL4mC7eQ4z76I53s4=
42,-24,K7RIyDuLkqXt08QbwI315VF/Sng=,cX8P9O3Dp/YL4mC7eQ4z76I53s4=
42,-23,K7RIyDuLkqXt08QbwI315VF/Sng=,cX8P9O3Dp/YL4mC7eQ4z76I53s4=
46,-14,K7RIyDuLkqXt08QbwI315VF/Sng=,/AgHnWLoMrkBmBqDGClOOV0KXq8=
47,-1,K7RIyDuLkqXt08QbwI315VF/Sng=,/AgHnWLoMrkBmBqDGClOOV0KXq8=
35,-16,K7RIyDuLkqXt08QbwI315VF/Sng=,/AgHnWLoMrkBmBqDGClOOV0KXq8=
45,-1,K7RIyDuLkqXt08QbwI315VF/Sng=,/AgHnWLoMrkBmBqDGClOOV0KXq8=
43,-1,K7RIyDuLkqXt08QbwI315VF/Sng=,/AgHnWLoMrkBmBqDGClOOV0KXq8=
42,-1,K7RIyDuLkqXt08QbwI315VF/Sng=,/AgHnWLoMrkBmBqDGClOOV0KXq8=
41,-1,K7RIyDuLkqXt08QbwI315VF/Sng=,/AgHnWLoMrkBmBqDGClOOV0KXq8=
40,-1,K7RIyDuLkqXt08QbwI315VF/Sng=,/AgHnWLoMrkBmBqDGClOOV0KXq8=
39,-1,K7RIyDuLkqXt08QbwI315VF/Sng=,/AgHnWLoMrkBmBqDGClOOV0KXq8=
38,-1,K7RIyDuLkqXt08QbwI315VF/Sng=,/AgHnWLoMrkBmBqDGClOOV0KXq8=
37,-1,K7RIyDuLkqXt08QbwI315VF/Sng=,/AgHnWLoMrkBmBqDGClOOV0KXq8=
46,-1,K7RIyDuLkqXt08QbwI315VF/Sng=,/AgHnWLoMrkBmBqDGClOOV0KXq8=
35,-1,K7RIyDuLkqXt08QbwI315VF/Sng=,/AgHnWLoMrkBmBqDGClOOV0KXq8=
34,-1,clYqgYEmAYGCx4Yp3YxWchM8CLw=,/AgHnWLoMrkBmBqDGClOOV0KXq8=
36,-1,clYqgYEmAYGCx4Yp3YxWchM8CLw=,/AgHnWLoMrkBmBqDGClOOV0KXq8=
45,-14,clYqgYEmAYGCx4Yp3YxWchM8CLw=,/AgHnWLoMrkBmBqDGClOOV0KXq8=
33,-1,clYqgYEmAYGCx4Yp3YxWchM8CLw=,/AgHnWLoMrkBmBqDGClOOV0KXq8=
47,-15,clYqgYEmAYGCx4Yp3YxWchM8CLw=,/AgHnWLoMrkBmBqDGClOOV0KXq8=
32,-1,clYqgYEmAYGCx4Yp3YxWchM8CLw=,/AgHnWLoMrkBmBqDGClOOV0KXq8=
46,-15,clYqgYEmAYGCx4Yp3YxWchM8CLw=,/AgHnWLoMrkBmBqDGClOOV0KXq8=
45,-15,clYqgYEmAYGCx4Yp3YxWchM8CLw=,/AgHnWLoMrkBmBqDGClOOV0KXq8=
44,-15,clYqgYEmAYGCx4Yp3YxWchM8CLw=,/AgHnWLoMrkBmBqDGClOOV0KXq8=
42,-15,clYqgYEmAYGCx4Yp3YxWchM8CLw=,/AgHnWLoMrkBmBqDGClOOV0KXq8=
41,-15,clYqgYEmAYGCx4Yp3YxWchM8CLw=,/AgHnWLoMrkBmBqDGClOOV0KXq8=
40,-15,clYqgYEmAYGCx4Yp3YxWchM8CLw=,/AgHnWLoMrkBmBqDGClOOV0KXq8=
43,-15,clYqgYEmAYGCx4Yp3YxWchM8CLw=,/AgHnWLoMrkBmBqDGClOOV0KXq8=
38,-15,clYqgYEmAYGCx4Yp3YxWchM8CLw=,/AgHnWLoMrkBmBqDGClOOV0KXq8=
37,-15,clYqgYEmAYGCx4Yp3YxWchM8CLw=,/AgHnWLoMrkBmBqDGClOOV0KXq8=
39,-15,clYqgYEmAYGCx4Yp3YxWchM8CLw=,/AgHnWLoMrkBmBqDGClOOV0KXq8=
36,-15,clYqgYEmAYGCx4Yp3YxWchM8CLw=,/AgHnWLoMrkBmBqDGClOOV0KXq8=
35,-15,clYqgYEmAYGCx4Yp3YxWchM8CLw=,/AgHnWLoMrkBmBqDGClOOV0KXq8=
44,-1,clYqgYEmAYGCx4Yp3YxWchM8CLw=,/AgHnWLoMrkBmBqDGClOOV0KXq8=
34,-15,clYqgYEmAYGCx4Yp3YxWchM8CLw=,/AgHnWLoMrkBmBqDGClOOV0KXq8=
34,-16,clYqgYEmAYGCx4Yp3YxWchM8CLw=,/AgHnWLoMrkBmBqDGClOOV0KXq8=
47,-2,clYqgYEmAYGCx4Yp3YxWchM8CLw=,/AgHnWLoMrkBmBqDGClOOV0KXq8=
44,-14,clYqgYEmAYGCx4Yp3YxWchM8CLw=,/AgHnWLoMrkBmBqDGClOOV0KXq8=
46,-2,clYqgYEmAYGCx4Yp3YxWchM8CLw=,/AgHnWLoMrkBmBqDGClOOV0KXq8=
33,-15,clYqgYEmAYGCx4Yp3YxWchM8CLw=,/AgHnWLoMrkBmBqDGClOOV0KXq8=
43,-2,clYqgYEmAYGCx4Yp3YxWchM8CLw=,/AgHnWLoMrkBmBqDGClOOV0KXq8=
42,-2,clYqgYEmAYGCx4Yp3YxWchM8CLw=,/AgHnWLoMrkBmBqDGClOOV0KXq8=
41,-2,clYqgYEmAYGCx4Yp3YxWchM8CLw=,/AgHnWLoMrkBmBqDGClOOV0KXq8=
40,-2,clYqgYEmAYGCx4Yp3YxWchM8CLw=,/AgHnWLoMrkBmBqDGClOOV0KXq8=
39,-2,clYqgYEmAYGCx4Yp3YxWchM8CLw=,/AgHnWLoMrkBmBqDGClOOV0KXq8=
38,-2,clYqgYEmAYGCx4Yp3YxWchM8CLw=,/AgHnWLoMrkBmBqDGClOOV0KXq8=
37,-2,clYqgYEmAYGCx4Yp3YxWchM8CLw=,/AgHnWLoMrkBmBqDGClOOV0KXq8=
36,-2,clYqgYEmAYGCx4Yp3YxWchM8CLw=,/AgHnWLoMrkBmBqDGClOOV0KXq8=
35,-2,clYqgYEmAYGCx4Yp3YxWchM8CLw=,/AgHnWLoMrkBmBqDGClOOV0KXq8=
34,-2,clYqgYEmAYGCx4Yp3YxWchM8CLw=,/AgHnWLoMrkBmBqDGClOOV0KXq8=
44,-2,clYqgYEmAYGCx4Yp3YxWchM8CLw=,/AgHnWLoMrkBmBqDGClOOV0KXq8=
33,-2,clYqgYEmAYGCx4Yp3YxWchM8CLw=,/AgHnWLoMrkBmBqDGClOOV0KXq8=
45,-2,clYqgYEmAYGCx4Yp3YxWchM8CLw=,/AgHnWLoMrkBmBqDGClOOV0KXq8=
32,-2,clYqgYEmAYGCx4Yp3YxWchM8CLw=,/AgHnWLoMrkBmBqDGClOOV0KXq8=
32,-15,clYqgYEmAYGCx4Yp3YxWchM8CLw=,/AgHnWLoMrkBmBqDGClOOV0KXq8=
47,-3,clYqgYEmAYGCx4Yp3YxWchM8CLw=,/AgHnWLoMrkBmBqDGClOOV0KXq8=
47,-16,clYqgYEmAYGCx4Yp3YxWchM8CLw=,/AgHnWLoMrkBmBqDGClOOV0KXq8=
43,-14,clYqgYEmAYGCx4Yp3YxWchM8CLw=,/AgHnWLoMrkBmBqDGClOOV0KXq8=
46,-3,clYqgYEmAYGCx4Yp3YxWchM8CLw=,/AgHnWLoMrkBmBqDGClOOV0KXq8=
43,-3,clYqgYEmAYGCx4Yp3YxWchM8CLw=,/AgHnWLoMrkBmBqDGClOOV0KXq8=
42,-3,clYqgYEmAYGCx4Yp3YxWchM8CLw=,/AgHnWLoMrkBmBqDGClOOV0KXq8=
41,-3,clYqgYEmAYGCx4Yp3YxWchM8CLw=,/AgHnWLoMrkBmBqDGClOOV0KXq8=
40,-3,clYqgYEmAYGCx4Yp3YxWchM8CLw=,/AgHnWLoMrkBmBqDGClOOV0KXq8=
39,-3,clYqgYEmAYGCx4Yp3YxWchM8CLw=,/AgHnWLoMrkBmBqDGClOOV0KXq8=
38,-3,clYqgYEmAYGCx4Yp3YxWchM8CLw=,/AgHnWLoMrkBmBqDGClOOV0KXq8=
37,-3,clYqgYEmAYGCx4Yp3YxWchM8CLw=,/AgHnWLoMrkBmBqDGClOOV0KXq8=
36,-3,clYqgYEmAYGCx4Yp3YxWchM8CLw=,/AgHnWLoMrkBmBqDGClOOV0KXq8=
35,-3,clYqgYEmAYGCx4Yp3YxWchM8CLw=,/AgHnWLoMrkBmBqDGClOOV0KXq8=
34,-3,clYqgYEmAYGCx4Yp3YxWchM8CLw=,/AgHnWLoMrkBmBqDGClOOV0KXq8=
45,-3,clYqgYEmAYGCx4Yp3YxWchM8CLw=,/AgHnWLoMrkBmBqDGClOOV0KXq8=
44,-3,clYqgYEmAYGCx4Yp3YxWchM8CLw=,/AgHnWLoMrkBmBqDGClOOV0KXq8=
33,-16,clYqgYEmAYGCx4Yp3YxWchM8CLw=,/AgHnWLoMrkBmBqDGClOOV0KXq8=
33,-3,clYqgYEmAYGCx4Yp3YxWchM8CLw=,/AgHnWLoMrkBmBqDGClOOV0KXq8=
32,-3,clYqgYEmAYGCx4Yp3YxWchM8CLw=,/AgHnWLoMrkBmBqDGClOOV0KXq8=
45,-4,clYqgYEmAYGCx4Yp3YxWchM8CLw=,/AgHnWLoMrkBmBqDGClOOV0KXq8=
44,-4,clYqgYEmAYGCx4Yp3YxWchM8CLw=,/AgHnWLoMrkBmBqDGClOOV0KXq8=
46,-16,clYqgYEmAYGCx4Yp3YxWchM8CLw=,/AgHnWLoMrkBmBqDGClOOV0KXq8=
42,-14,clYqgYEmAYGCx4Yp3YxWchM8CLw=,/AgHnWLoMrkBmBqDGClOOV0KXq8=
43,-4,clYqgYEmAYGCx4Yp3YxWchM8CLw=,/AgHnWLoMrkBmBqDGClOOV0KXq8=
42,-4,clYqgYEmAYGCx4Yp3YxWchM8CLw=,/AgHnWLoMrkBmBqDGClOOV0KXq8=
41,-4,clYqgYEmAYGCx4Yp3YxWchM8CLw=,/AgHnWLoMrkBmBqDGClOOV0KXq8=
40,-4,clYqgYEmAYGCx4Yp3YxWchM8CLw=,/AgHnWLoMrkBmBqDGClOOV0KXq8=
39,-4,clYqgYEmAYGCx4Yp3YxWchM8CLw=,/AgHnWLoMrkBmBqDGClOOV0KXq8=
38,-4,clYqgYEmAYGCx4Yp3YxWchM8CLw=,/AgHnWLoMrkBmBqDGClOOV0KXq8=
37,-4,clYqgYEmAYGCx4Yp3YxWchM8CLw=,/AgHnWLoMrkBmBqDGClOOV0KXq8=
36,-4,clYqgYEmAYGCx4Yp3YxWchM8CLw=,/AgHnWLoMrkBmBqDGClOOV0KXq8=
35,-4,clYqgYEmAYGCx4Yp3YxWchM8CLw=,/AgHnWLoMrkBmBqDGClOOV0KXq8=
34,-4,clYqgYEmAYGCx4Yp3YxWchM8CLw=,/AgHnWLoMrkBmBqDGClOOV0KXq8=
33,-4,clYqgYEmAYGCx4Yp3YxWchM8CLw=,/AgHnWLoMrkBmBqDGClOOV0KXq8=
46,-4,clYqgYEmAYGCx4Yp3YxWchM8CLw=,/AgHnWLoMrkBmBqDGClOOV0KXq8=
47,-4,clYqgYEmAYGCx4Yp3YxWchM8CLw=,/AgHnWLoMrkBmBqDGClOOV0KXq8=
32,-4,clYqgYEmAYGCx4Yp3YxWchM8CLw=,/AgHnWLoMrkBmBqDGClOOV0KXq8=
46,-5,clYqgYEmAYGCx4Yp3YxWchM8CLw=,/AgHnWLoMrkBmBqDGClOOV0KXq8=
44,-5,clYqgYEmAYGCx4Yp3YxWchM8CLw=,/AgHnWLoMrkBmBqDGClOOV0KXq8=
43,-5,clYqgYEmAYGCx4Yp3YxWchM8CLw=,/AgHnWLoMrkBmBqDGClOOV0KXq8=
45,-16,clYqgYEmAYGCx4Yp3YxWchM8CLw=,/AgHnWLoMrkBmBqDGClOOV0KXq8=
41,-14,clYqgYEmAYGCx4Yp3YxWchM8CLw=,/AgHnWLoMrkBmBqDGClOOV0KXq8=
42,-5,clYqgYEmAYGCx4Yp3YxWchM8CLw=,/AgHnWLoMrkBmBqDGClOOV0KXq8=
41,-5,clYqgYEmAYGCx4Yp3YxWchM8CLw=,/AgHnWLoMrkBmBqDGClOOV0KXq8=
40,-5,clYqgYEmAYGCx4Yp3YxWchM8CLw=,/AgHnWLoMrkBmBqDGClOOV0KXq8=
39,-5,clYqgYEmAYGCx4Yp3YxWchM8CLw=,/AgHnWLoMrkBmBqDGClOOV0KXq8=
38,-5,clYqgYEmAYGCx4Yp3YxWchM8CLw=,/AgHnWLoMrkBmBqDGClOOV0KXq8=
47,-5,clYqgYEmAYGCx4Yp3YxWchM8CLw=,/AgHnWLoMrkBmBqDGClOOV0KXq8=
37,-5,clYqgYEmAYGCx4Yp3YxWchM8CLw=,/AgHnWLoMrkBmBqDGClOOV0KXq8=
35,-5,clYqgYEmAYGCx4Yp3YxWchM8CLw=,/AgHnWLoMrkBmBqDGClOOV0KXq8=
34,-5,clYqgYEmAYGCx4Yp3YxWchM8CLw=,/AgHnWLoMrkBmBqDGClOOV0KXq8=
33,-5,clYqgYEmAYGCx4Yp3YxWchM8CLw=,/AgHnWLoMrkBmBqDGClOOV0KXq8=
32,-5,clYqgYEmAYGCx4Yp3YxWchM8CLw=,/AgHnWLoMrkBmBqDGClOOV0KXq8=
45,-5,clYqgYEmAYGCx4Yp3YxWchM8CLw=,/AgHnWLoMrkBmBqDGClOOV0KXq8=
36,-5,clYqgYEmAYGCx4Yp3YxWchM8CLw=,/AgHnWLoMrkBmBqDGClOOV0KXq8=
45,-6,clYqgYEmAYGCx4Yp3YxWchM8CLw=,/AgHnWLoMrkBmBqDGClOOV0KXq8=
46,-6,clYqgYEmAYGCx4Yp3YxWchM8CLw=,/AgHnWLoMrkBmBqDGClOOV0KXq8=
44,-6,clYqgYEmAYGCx4Yp3YxWchM8CLw=,/AgHnWLoMrkBmBqDGClOOV0KXq8=
43,-6,clYqgYEmAYGCx4Yp3YxWchM8CLw=,/AgHnWLoMrkBmBqDGClOOV0KXq8=
44,-16,clYqgYEmAYGCx4Yp3YxWchM8CLw=,/AgHnWLoMrkBmBqDGClOOV0KXq8=
42,-6,clYqgYEmAYGCx4Yp3YxWchM8CLw=,/AgHnWLoMrkBmBqDGClOOV0KXq8=
40,-14,clYqgYEmAYGCx4Yp3YxWchM8CLw=,/AgHnWLoMrkBmBqDGClOOV0KXq8=
41,-6,clYqgYEmAYGCx4Yp3YxWchM8CLw=,/AgHnWLoMrkBmBqDGClOOV0KXq8=
40,-6,clYqgYEmAYGCx4Yp3YxWchM8CLw=,/AgHnWLoMrkBmBqDGClOOV0KXq8=
39,-6,clYqgYEmAYGCx4Yp3YxWchM8CLw=,/AgHnWLoMrkBmBqDGClOOV0KXq8=
38,-6,clYqgYEmAYGCx4Yp3YxWchM8CLw=,/AgHnWLoMrkBmBqDGClOOV0KXq8=
37,-6,clYqgYEmAYGCx4Yp3YxWchM8CLw=,/AgHnWLoMrkBmBqDGClOOV0KXq8=
47,-6,clYqgYEmAYGCx4Yp3YxWchM8CLw=,/AgHnWLoMrkBmBqDGClOOV0KXq8=
34,-6,clYqgYEmAYGCx4Yp3YxWchM8CLw=,/AgHnWLoMrkBmBqDGClOOV0KXq8=
33,-6,clYqgYEmAYGCx4Yp3YxWchM8CLw=,/AgHnWLoMrkBmBqDGClOOV0KXq8=
32,-6,clYqgYEmAYGCx4Yp3YxWchM8CLw=,/AgHnWLoMrkBmBqDGClOOV0KXq8=
35,-6,clYqgYEmAYGCx4Yp3YxWchM8CLw=,/AgHnWLoMrkBmBqDGClOOV0KXq8=
36,-6,clYqgYEmAYGCx4Yp3YxWchM8CLw=,/AgHnWLoMrkBmBqDGClOOV0KXq8=
45,-7,clYqgYEmAYGCx4Yp3YxWchM8CLw=,/AgHnWLoMrkBmBqDGClOOV0KXq8=
44,-7,clYqgYEmAYGCx4Yp3YxWchM8CLw=,/AgHnWLoMrkBmBqDGClOOV0KXq8=
43,-7,clYqgYEmAYGCx4Yp3YxWchM8CLw=,/AgHnWLoMrkBmBqDGClOOV0KXq8=
42,-7,clYqgYEmAYGCx4Yp3YxWchM8CLw=,/AgHnWLoMrkBmBqDGClOOV0KXq8=
43,-16,clYqgYEmAYGCx4Yp3YxWchM8CLw=,/AgHnWLoMrkBmBqDGClOOV0KXq8=
41,-7,clYqgYEmAYGCx4Yp3YxWchM8CLw=,/AgHnWLoMrkBmBqDGClOOV0KXq8=
39,-14,clYqgYEmAYGCx4Yp3YxWchM8CLw=,/AgHnWLoMrkBmBqDGClOOV0KXq8=
40,-7,clYqgYEmAYGCx4Yp3YxWchM8CLw=,/AgHnWLoMrkBmBqDGClOOV0KXq8=
39,-7,clYqgYEmAYGCx4Yp3YxWchM8CLw=,/AgHnWLoMrkBmBqDGClOOV0KXq8=
38,-7,clYqgYEmAYGCx4Yp3YxWchM8CLw=,/AgHnWLoMrkBmBqDGClOOV0KXq8=
37,-7,clYqgYEmAYGCx4Yp3YxWchM8CLw=,/AgHnWLoMrkBmBqDGClOOV0KXq8=
47,-7,clYqgYEmAYGCx4Yp3YxWchM8CLw=,/AgHnWLoMrkBmBqDGClOOV0KXq8=
46,-7,clYqgYEmAYGCx4Yp3YxWchM8CLw=,/AgHnWLoMrkBmBqDGClOOV0KXq8=
34,-7,clYqgYEmAYGCx4Yp3YxWchM8CLw=,/AgHnWLoMrkBmBqDGClOOV0KXq8=
33,-7,clYqgYEmAYGCx4Yp3YxWchM8CLw=,/AgHnWLoMrkBmBqDGClOOV0KXq8=
32,-7,clYqgYEmAYGCx4Yp3YxWchM8CLw=,/AgHnWLoMrkBmBqDGClOOV0KXq8=
35,-7,clYqgYEmAYGCx4Yp3YxWchM8CLw=,/AgHnWLoMrkBmBqDGClOOV0KXq8=
46,-8,clYqgYEmAYGCx4Yp3YxWchM8CLw=,/AgHnWLoMrkBmBqDGClOOV0KXq8=
45,-8,clYqgYEmAYGCx4Yp3YxWchM8CLw=,/AgHnWLoMrkBmBqDGClOOV0KXq8=
44,-8,clYqgYEmAYGCx4Yp3YxWchM8CLw=,/AgHnWLoMrkBmBqDGClOOV0KXq8=
43,-8,clYqgYEmAYGCx4Yp3YxWchM8CLw=,/AgHnWLoMrkBmBqDGClOOV0KXq8=
42,-8,clYqgYEmAYGCx4Yp3YxWchM8CLw=,/AgHnWLoMrkBmBqDGClOOV0KXq8=
41,-8,clYqgYEmAYGCx4Yp3YxWchM8CLw=,/AgHnWLoMrkBmBqDGClOOV0KXq8=
42,-16,clYqgYEmAYGCx4Yp3YxWchM8CLw=,/AgHnWLoMrkBmBqDGClOOV0KXq8=
40,-8,clYqgYEmAYGCx4Yp3YxWchM8CLw=,/AgHnWLoMrkBmBqDGClOOV0KXq8=
38,-14,clYqgYEmAYGCx4Yp3YxWchM8CLw=,/AgHnWLoMrkBmBqDGClOOV0KXq8=
39,-8,clYqgYEmAYGCx4Yp3YxWchM8CLw=,/AgHnWLoMrkBmBqDGClOOV0KXq8=
38,-8,clYqgYEmAYGCx4Yp3YxWchM8CLw=,/AgHnWLoMrkBmBqDGClOOV0KXq8=
37,-8,clYqgYEmAYGCx4Yp3YxWchM8CLw=,/AgHnWLoMrkBmBqDGClOOV0KXq8=
36,-7,clYqgYEmAYGCx4Yp3YxWchM8CLw=,/AgHnWLoMrkBmBqDGClOOV0KXq8=
35,-8,clYqgYEmAYGCx4Yp3YxWchM8CLw=,/AgHnWLoMrkBmBqDGClOOV0KXq8=
34,-8,clYqgYEmAYGCx4Yp3YxWchM8CLw=,/AgHnWLoMrkBmBqDGClOOV0KXq8=
33,-8,clYqgYEmAYGCx4Yp3YxWchM8CLw=,/AgHnWLoMrkBmBqDGClOOV0KXq8=
32,-8,clYqgYEmAYGCx4Yp3YxWchM8CLw=,/AgHnWLoMrkBmBqDGClOOV0KXq8=
36,-8,clYqgYEmAYGCx4Yp3YxWchM8CLw=,/AgHnWLoMrkBmBqDGClOOV0KXq8=
46,-9,clYqgYEmAYGCx4Yp3YxWchM8CLw=,/AgHnWLoMrkBmBqDGClOOV0KXq8=
45,-9,clYqgYEmAYGCx4Yp3YxWchM8CLw=,/AgHnWLoMrkBmBqDGClOOV0KXq8=
44,-9,clYqgYEmAYGCx4Yp3YxWchM8CLw=,/AgHnWLoMrkBmBqDGClOOV0KXq8=
43,-9,clYqgYEmAYGCx4Yp3YxWchM8CLw=,/AgHnWLoMrkBmBqDGClOOV0KXq8=
42,-9,clYqgYEmAYGCx4Yp3YxWchM8CLw=,/AgHnWLoMrkBmBqDGClOOV0KXq8=
41,-9,clYqgYEmAYGCx4Yp3YxWchM8CLw=,/AgHnWLoMrkBmBqDGClOOV0KXq8=
40,-9,clYqgYEmAYGCx4Yp3YxWchM8CLw=,/AgHnWLoMrkBmBqDGClOOV0KXq8=
41,-16,clYqgYEmAYGCx4Yp3YxWchM8CLw=,/AgHnWLoMrkBmBqDGClOOV0KXq8=
39,-9,clYqgYEmAYGCx4Yp3YxWchM8CLw=,/AgHnWLoMrkBmBqDGClOOV0KXq8=
37,-14,clYqgYEmAYGCx4Yp3YxWchM8CLw=,/AgHnWLoMrkBmBqDGClOOV0KXq8=
38,-9,clYqgYEmAYGCx4Yp3YxWchM8CLw=,/AgHnWLoMrkBmBqDGClOOV0KXq8=
37,-9,clYqgYEmAYGCx4Yp3YxWchM8CLw=,/AgHnWLoMrkBmBqDGClOOV0KXq8=
47,-8,clYqgYEmAYGCx4Yp3YxWchM8CLw=,/AgHnWLoMrkBmBqDGClOOV0KXq8=
35,-9,clYqgYEmAYGCx4Yp3YxWchM8CLw=,/AgHnWLoMrkBmBqDGClOOV0KXq8=
34,-9,clYqgYEmAYGCx4Yp3YxWchM8CLw=,/AgHnWLoMrkBmBqDGClOOV0KXq8=
36,-9,clYqgYEmAYGCx4Yp3YxWchM8CLw=,/AgHnWLoMrkBmBqDGClOOV0KXq8=
32,-9,clYqgYEmAYGCx4Yp3YxWchM8CLw=,/AgHnWLoMrkBmBqDGClOOV0KXq8=
33,-9,clYqgYEmAYGCx4Yp3YxWchM8CLw=,/AgHnWLoMrkBmBqDGClOOV0KXq8=
46,-10,clYqgYEmAYGCx4Yp3YxWchM8CLw=,/AgHnWLoMrkBmBqDGClOOV0KXq8=
45,-10,clYqgYEmAYGCx4Yp3YxWchM8CLw=,/AgHnWLoMrkBmBqDGClOOV0KXq8=
44,-10,clYqgYEmAYGCx4Yp3YxWchM8CLw=,/AgHnWLoMrkBmBqDGClOOV0KXq8=
43,-10,clYqgYEmAYGCx4Yp3YxWchM8CLw=,/AgHnWLoMrkBmBqDGClOOV0KXq8=
42,-10,clYqgYEmAYGCx4Yp3YxWchM8CLw=,/AgHnWLoMrkBmBqDGClOOV0KXq8=
41,-10,clYqgYEmAYGCx4Yp3YxWchM8CLw=,/AgHnWLoMrkBmBqDGClOOV0KXq8=
40,-10,clYqgYEmAYGCx4Yp3YxWchM8CLw=,/AgHnWLoMrkBmBqDGClOOV0KXq8=
39,-10,clYqgYEmAYGCx4Yp3YxWchM8CLw=,/AgHnWLoMrkBmBqDGClOOV0KXq8=
47,-9,clYqgYEmAYGCx4Yp3YxWchM8CLw=,/AgHnWLoMrkBmBqDGClOOV0KXq8=
38,-10,clYqgYEmAYGCx4Yp3YxWchM8CLw=,/AgHnWLoMrkBmBqDGClOOV0KXq8=
40,-16,clYqgYEmAYGCx4Yp3YxWchM8CLw=,/AgHnWLoMrkBmBqDGClOOV0KXq8=
36,-14,clYqgYEmAYGCx4Yp3YxWchM8CLw=,/AgHnWLoMrkBmBqDGClOOV0KXq8=
37,-10,clYqgYEmAYGCx4Yp3YxWchM8CLw=,/AgHnWLoMrkBmBqDGClOOV0KXq8=
36,-10,clYqgYEmAYGCx4Yp3YxWchM8CLw=,/AgHnWLoMrkBmBqDGClOOV0KXq8=
35,-10,clYqgYEmAYGCx4Yp3YxWchM8CLw=,/AgHnWLoMrkBmBqDGClOOV0KXq8=
34,-10,clYqgYEmAYGCx4Yp3YxWchM8CLw=,/AgHnWLoMrkBmBqDGClOOV0KXq8=
33,-10,clYqgYEmAYGCx4Yp3YxWchM8CLw=,/AgHnWLoMrkBmBqDGClOOV0KXq8=
32,-10,clYqgYEmAYGCx4Yp3YxWchM8CLw=,/AgHnWLoMrkBmBqDGClOOV0KXq8=
46,-11,clYqgYEmAYGCx4Yp3YxWchM8CLw=,/AgHnWLoMrkBmBqDGClOOV0KXq8=
45,-11,clYqgYEmAYGCx4Yp3YxWchM8CLw=,/AgHnWLoMrkBmBqDGClOOV0KXq8=
43,-11,clYqgYEmAYGCx4Yp3YxWchM8CLw=,/AgHnWLoMrkBmBqDGClOOV0KXq8=
42,-11,clYqgYEmAYGCx4Yp3YxWchM8CLw=,/AgHnWLoMrkBmBqDGClOOV0KXq8=
41,-11,clYqgYEmAYGCx4Yp3YxWchM8CLw=,/AgHnWLoMrkBmBqDGClOOV0KXq8=
40,-11,clYqgYEmAYGCx4Yp3YxWchM8CLw=,/AgHnWLoMrkBmBqDGClOOV0KXq8=
39,-11,clYqgYEmAYGCx4Yp3YxWchM8CLw=,/AgHnWLoMrkBmBqDGClOOV0KXq8=
38,-11,clYqgYEmAYGCx4Yp3YxWchM8CLw=,/AgHnWLoMrkBmBqDGClOOV0KXq8=
37,-11,clYqgYEmAYGCx4Yp3YxWchM8CLw=,/AgHnWLoMrkBmBqDGClOOV0KXq8=
39,-16,clYqgYEmAYGCx4Yp3YxWchM8CLw=,/AgHnWLoMrkBmBqDGClOOV0KXq8=
44,-11,clYqgYEmAYGCx4Yp3YxWchM8CLw=,/AgHnWLoMrkBmBqDGClOOV0KXq8=
35,-14,clYqgYEmAYGCx4Yp3YxWchM8CLw=,/AgHnWLoMrkBmBqDGClOOV0KXq8=
36,-11,clYqgYEmAYGCx4Yp3YxWchM8CLw=,/AgHnWLoMrkBmBqDGClOOV0KXq8=
35,-11,clYqgYEmAYGCx4Yp3YxWchM8CLw=,/AgHnWLoMrkBmBqDGClOOV0KXq8=
34,-11,clYqgYEmAYGCx4Yp3YxWchM8CLw=,/AgHnWLoMrkBmBqDGClOOV0KXq8=
33,-11,clYqgYEmAYGCx4Yp3YxWchM8CLw=,/AgHnWLoMrkBmBqDGClOOV0KXq8=
32,-11,clYqgYEmAYGCx4Yp3YxWchM8CLw=,/AgHnWLoMrkBmBqDGClOOV0KXq8=
47,-12,clYqgYEmAYGCx4Yp3YxWchM8CLw=,/AgHnWLoMrkBmBqDGClOOV0KXq8=
38,-16,clYqgYEmAYGCx4Yp3YxWchM8CLw=,/AgHnWLoMrkBmBqDGClOOV0KXq8=
47,-11,clYqgYEmAYGCx4Yp3YxWchM8CLw=,/AgHnWLoMrkBmBqDGClOOV0KXq8=
45,-12,clYqgYEmAYGCx4Yp3YxWchM8CLw=,/AgHnWLoMrkBmBqDGClOOV0KXq8=
44,-12,clYqgYEmAYGCx4Yp3YxWchM8CLw=,/AgHnWLoMrkBmBqDGClOOV0KXq8=
43,-12,clYqgYEmAYGCx4Yp3YxWchM8CLw=,/AgHnWLoMrkBmBqDGClOOV0KXq8=
42,-12,clYqgYEmAYGCx4Yp3YxWchM8CLw=,/AgHnWLoMrkBmBqDGClOOV0KXq8=
40,-12,clYqgYEmAYGCx4Yp3YxWchM8CLw=,/AgHnWLoMrkBmBqDGClOOV0KXq8=
41,-12,clYqgYEmAYGCx4Yp3YxWchM8CLw=,/AgHnWLoMrkBmBqDGClOOV0KXq8=
39,-12,clYqgYEmAYGCx4Yp3YxWchM8CLw=,/AgHnWLoMrkBmBqDGClOOV0KXq8=
38,-12,clYqgYEmAYGCx4Yp3YxWchM8CLw=,/AgHnWLoMrkBmBqDGClOOV0KXq8=
37,-12,clYqgYEmAYGCx4Yp3YxWchM8CLw=,/AgHnWLoMrkBmBqDGClOOV0KXq8=
37,-16,clYqgYEmAYGCx4Yp3YxWchM8CLw=,/AgHnWLoMrkBmBqDGClOOV0KXq8=
36,-12,clYqgYEmAYGCx4Yp3YxWchM8CLw=,/AgHnWLoMrkBmBqDGClOOV0KXq8=
32,-16,clYqgYEmAYGCx4Yp3YxWchM8CLw=,/AgHnWLoMrkBmBqDGClOOV0KXq8=
34,-14,clYqgYEmAYGCx4Yp3YxWchM8CLw=,/AgHnWLoMrkBmBqDGClOOV0KXq8=
35,-12,clYqgYEmAYGCx4Yp3YxWchM8CLw=,/AgHnWLoMrkBmBqDGClOOV0KXq8=
34,-12,clYqgYEmAYGCx4Yp3YxWchM8CLw=,/AgHnWLoMrkBmBqDGClOOV0KXq8=
47,-10,clYqgYEmAYGCx4Yp3YxWchM8CLw=,/AgHnWLoMrkBmBqDGClOOV0KXq8=
46,-12,clYqgYEmAYGCx4Yp3YxWchM8CLw=,/AgHnWLoMrkBmBqDGClOOV0KXq8=
33,-12,clYqgYEmAYGCx4Yp3YxWchM8CLw=,/AgHnWLoMrkBmBqDGClOOV0KXq8=
32,-12,clYqgYEmAYGCx4Yp3YxWchM8CLw=,/AgHnWLoMrkBmBqDGClOOV0KXq8=
33,-14,clYqgYEmAYGCx4Yp3YxWchM8CLw=,/AgHnWLoMrkBmBqDGClOOV0KXq8=
45,-13,clYqgYEmAYGCx4Yp3YxWchM8CLw=,/AgHnWLoMrkBmBqDGClOOV0KXq8=
44,-13,clYqgYEmAYGCx4Yp3YxWchM8CLw=,/AgHnWLoMrkBmBqDGClOOV0KXq8=
43,-13,clYqgYEmAYGCx4Yp3YxWchM8CLw=,/AgHnWLoMrkBmBqDGClOOV0KXq8=
42,-13,clYqgYEmAYGCx4Yp3YxWchM8CLw=,/AgHnWLoMrkBmBqDGClOOV0KXq8=
41,-13,clYqgYEmAYGCx4Yp3YxWchM8CLw=,/AgHnWLoMrkBmBqDGClOOV0KXq8=
40,-13,clYqgYEmAYGCx4Yp3YxWchM8CLw=,/AgHnWLoMrkBmBqDGClOOV0KXq8=
39,-13,clYqgYEmAYGCx4Yp3YxWchM8CLw=,/AgHnWLoMrkBmBqDGClOOV0KXq8=
38,-13,clYqgYEmAYGCx4Yp3YxWchM8CLw=,/AgHnWLoMrkBmBqDGClOOV0KXq8=
37,-13,clYqgYEmAYGCx4Yp3YxWchM8CLw=,/AgHnWLoMrkBmBqDGClOOV0KXq8=
36,-13,clYqgYEmAYGCx4Yp3YxWchM8CLw=,/AgHnWLoMrkBmBqDGClOOV0KXq8=
35,-13,clYqgYEmAYGCx4Yp3YxWchM8CLw=,/AgHnWLoMrkBmBqDGClOOV0KXq8=
36,-16,clYqgYEmAYGCx4Yp3YxWchM8CLw=,/AgHnWLoMrkBmBqDGClOOV0KXq8=
46,-13,clYqgYEmAYGCx4Yp3YxWchM8CLw=,/AgHnWLoMrkBmBqDGClOOV0KXq8=
34,-13,clYqgYEmAYGCx4Yp3YxWchM8CLw=,/AgHnWLoMrkBmBqDGClOOV0KXq8=
32,-14,clYqgYEmAYGCx4Yp3YxWchM8CLw=,/AgHnWLoMrkBmBqDGClOOV0KXq8=
32,-13,clYqgYEmAYGCx4Yp3YxWchM8CLw=,/AgHnWLoMrkBmBqDGClOOV0KXq8=
47,-14,clYqgYEmAYGCx4Yp3YxWchM8CLw=,/AgHnWLoMrkBmBqDGClOOV0KXq8=
47,-13,clYqgYEmAYGCx4Yp3YxWchM8CLw=,/AgHnWLoMrkBmBqDGClOOV0KXq8=
33,-13,clYqgYEmAYGCx4Yp3YxWchM8CLw=,/AgHnWLoMrkBmBqDGClOOV0KXq8=
51,-16,7UFbjn3mj8xGQEyiGhzVpEFr2T0=,hkCCzTY7JE3xTDOmUh2k4/e0yQY=
61,-14,7UFbjn3mj8xGQEyiGhzVpEFr2T0=,hkCCzTY7JE3xTDOmUh2k4/e0yQY=
60,-14,7UFbjn3mj8xGQEyiGhzVpEFr2T0=,hkCCzTY7JE3xTDOmUh2k4/e0yQY=
63,-1,7UFbjn3mj8xGQEyiGhzVpEFr2T0=,hkCCzTY7JE3xTDOmUh2k4/e0yQY=
58,-14,7UFbjn3mj8xGQEyiGhzVpEFr2T0=,hkCCzTY7JE3xTDOmUh2k4/e0yQY=
59,-14,7UFbjn3mj8xGQEyiGhzVpEFr2T0=,hkCCzTY7JE3xTDOmUh2k4/e0yQY=
60,-13,7UFbjn3mj8xGQEyiGhzVpEFr2T0=,hkCCzTY7JE3xTDOmUh2k4/e0yQY=
62,-14,7UFbjn3mj8xGQEyiGhzVpEFr2T0=,hkCCzTY7JE3xTDOmUh2k4/e0yQY=
52,-16,7UFbjn3mj8xGQEyiGhzVpEFr2T0=,hkCCzTY7JE3xTDOmUh2k4/e0yQY=
61,-13,7UFbjn3mj8xGQEyiGhzVpEFr2T0=,hkCCzTY7JE3xTDOmUh2k4/e0yQY=
62,-13,7UFbjn3mj8xGQEyiGhzVpEFr2T0=,hkCCzTY7JE3xTDOmUh2k4/e0yQY=
63,-13,7UFbjn3mj8xGQEyiGhzVpEFr2T0=,hkCCzTY7JE3xTDOmUh2k4/e0yQY=
56,-14,7UFbjn3mj8xGQEyiGhzVpEFr2T0=,hkCCzTY7JE3xTDOmUh2k4/e0yQY=
48,-12,7UFbjn3mj8xGQEyiGhzVpEFr2T0=,hkCCzTY7JE3xTDOmUh2k4/e0yQY=
57,-14,7UFbjn3mj8xGQEyiGhzVpEFr2T0=,hkCCzTY7JE3xTDOmUh2k4/e0yQY=
54,-14,7UFbjn3mj8xGQEyiGhzVpEFr2T0=,hkCCzTY7JE3xTDOmUh2k4/e0yQY=
55,-14,7UFbjn3mj8xGQEyiGhzVpEFr2T0=,hkCCzTY7JE3xTDOmUh2k4/e0yQY=
53,-16,7UFbjn3mj8xGQEyiGhzVpEFr2T0=,hkCCzTY7JE3xTDOmUh2k4/e0yQY=
49,-12,7UFbjn3mj8xGQEyiGhzVpEFr2T0=,hkCCzTY7JE3xTDOmUh2k4/e0yQY=
50,-15,7UFbjn3mj8xGQEyiGhzVpEFr2T0=,hkCCzTY7JE3xTDOmUh2k4/e0yQY=
51,-12,7UFbjn3mj8xGQEyiGhzVpEFr2T0=,hkCCzTY7JE3xTDOmUh2k4/e0yQY=
52,-12,7UFbjn3mj8xGQEyiGhzVpEFr2T0=,hkCCzTY7JE3xTDOmUh2k4/e0yQY=
53,-12,7UFbjn3mj8xGQEyiGhzVpEFr2T0=,hkCCzTY7JE3xTDOmUh2k4/e0yQY=
50,-12,7UFbjn3mj8xGQEyiGhzVpEFr2T0=,hkCCzTY7JE3xTDOmUh2k4/e0yQY=
55,-12,7UFbjn3mj8xGQEyiGhzVpEFr2T0=,hkCCzTY7JE3xTDOmUh2k4/e0yQY=
52,-14,7UFbjn3mj8xGQEyiGhzVpEFr2T0=,hkCCzTY7JE3xTDOmUh2k4/e0yQY=
53,-14,7UFbjn3mj8xGQEyiGhzVpEFr2T0=,hkCCzTY7JE3xTDOmUh2k4/e0yQY=
49,-14,7UFbjn3mj8xGQEyiGhzVpEFr2T0=,hkCCzTY7JE3xTDOmUh2k4/e0yQY=
63,-15,7UFbjn3mj8xGQEyiGhzVpEFr2T0=,hkCCzTY7JE3xTDOmUh2k4/e0yQY=
59,-13,7UFbjn3mj8xGQEyiGhzVpEFr2T0=,hkCCzTY7JE3xTDOmUh2k4/e0yQY=
62,-1,7UFbjn3mj8xGQEyiGhzVpEFr2T0=,hkCCzTY7JE3xTDOmUh2k4/e0yQY=
48,-14,7UFbjn3mj8xGQEyiGhzVpEFr2T0=,hkCCzTY7JE3xTDOmUh2k4/e0yQY=
50,-16,7UFbjn3mj8xGQEyiGhzVpEFr2T0=,hkCCzTY7JE3xTDOmUh2k4/e0yQY=
50,-14,7UFbjn3mj8xGQEyiGhzVpEFr2T0=,hkCCzTY7JE3xTDOmUh2k4/e0yQY=
61,-1,7UFbjn3mj8xGQEyiGhzVpEFr2T0=,hkCCzTY7JE3xTDOmUh2k4/e0yQY=
60,-1,7UFbjn3mj8xGQEyiGhzVpEFr2T0=,hkCCzTY7JE3xTDOmUh2k4/e0yQY=
59,-1,7UFbjn3mj8xGQEyiGhzVpEFr2T0=,hkCCzTY7JE3xTDOmUh2k4/e0yQY=
58,-1,7UFbjn3mj8xGQEyiGhzVpEFr2T0=,hkCCzTY7JE3xTDOmUh2k4/e0yQY=
57,-1,7UFbjn3mj8xGQEyiGhzVpEFr2T0=,hkCCzTY7JE3xTDOmUh2k4/e0yQY=
56,-1,7UFbjn3mj8xGQEyiGhzVpEFr2T0=,hkCCzTY7JE3xTDOmUh2k4/e0yQY=
55,-1,7UFbjn3mj8xGQEyiGhzVpEFr2T0=,hkCCzTY7JE3xTDOmUh2k4/e0yQY=
54,-1,7UFbjn3mj8xGQEyiGhzVpEFr2T0=,hkCCzTY7JE3xTDOmUh2k4/e0yQY=
53,-1,7UFbjn3mj8xGQEyiGhzVpEFr2T0=,hkCCzTY7JE3xTDOmUh2k4/e0yQY=
52,-1,7UFbjn3mj8xGQEyiGhzVpEFr2T0=,hkCCzTY7JE3xTDOmUh2k4/e0yQY=
51,-1,7UFbjn3mj8xGQEyiGhzVpEFr2T0=,hkCCzTY7JE3xTDOmUh2k4/e0yQY=
50,-1,7UFbjn3mj8xGQEyiGhzVpEFr2T0=,hkCCzTY7JE3xTDOmUh2k4/e0yQY=
58,-13,7UFbjn3mj8xGQEyiGhzVpEFr2T0=,hkCCzTY7JE3xTDOmUh2k4/e0yQY=
49,-1,7UFbjn3mj8xGQEyiGhzVpEFr2T0=,hkCCzTY7JE3xTDOmUh2k4/e0yQY=
51,-14,7UFbjn3mj8xGQEyiGhzVpEFr2T0=,hkCCzTY7JE3xTDOmUh2k4/e0yQY=
62,-15,7UFbjn3mj8xGQEyiGhzVpEFr2T0=,hkCCzTY7JE3xTDOmUh2k4/e0yQY=
63,-2,7UFbjn3mj8xGQEyiGhzVpEFr2T0=,hkCCzTY7JE3xTDOmUh2k4/e0yQY=
62,-2,7UFbjn3mj8xGQEyiGhzVpEFr2T0=,hkCCzTY7JE3xTDOmUh2k4/e0yQY=
61,-2,7UFbjn3mj8xGQEyiGhzVpEFr2T0=,hkCCzTY7JE3xTDOmUh2k4/e0yQY=
60,-2,7UFbjn3mj8xGQEyiGhzVpEFr2T0=,hkCCzTY7JE3xTDOmUh2k4/e0yQY=
59,-2,7UFbjn3mj8xGQEyiGhzVpEFr2T0=,hkCCzTY7JE3xTDOmUh2k4/e0yQY=
58,-2,7UFbjn3mj8xGQEyiGhzVpEFr2T0=,hkCCzTY7JE3xTDOmUh2k4/e0yQY=
56,-2,7UFbjn3mj8xGQEyiGhzVpEFr2T0=,hkCCzTY7JE3xTDOmUh2k4/e0yQY=
55,-2,7UFbjn3mj8xGQEyiGhzVpEFr2T0=,hkCCzTY7JE3xTDOmUh2k4/e0yQY=
57,-2,7UFbjn3mj8xGQEyiGhzVpEFr2T0=,hkCCzTY7JE3xTDOmUh2k4/e0yQY=
54,-2,7UFbjn3mj8xGQEyiGhzVpEFr2T0=,hkCCzTY7JE3xTDOmUh2k4/e0yQY=
52,-2,7UFbjn3mj8xGQEyiGhzVpEFr2T0=,hkCCzTY7JE3xTDOmUh2k4/e0yQY=
53,-2,7UFbjn3mj8xGQEyiGhzVpEFr2T0=,hkCCzTY7JE3xTDOmUh2k4/e0yQY=
51,-2,7UFbjn3mj8xGQEyiGhzVpEFr2T0=,hkCCzTY7JE3xTDOmUh2k4/e0yQY=
50,-2,7UFbjn3mj8xGQEyiGhzVpEFr2T0=,hkCCzTY7JE3xTDOmUh2k4/e0yQY=
49,-15,7UFbjn3mj8xGQEyiGhzVpEFr2T0=,hkCCzTY7JE3xTDOmUh2k4/e0yQY=
48,-1,7UFbjn3mj8xGQEyiGhzVpEFr2T0=,hkCCzTY7JE3xTDOmUh2k4/e0yQY=
49,-2,7UFbjn3mj8xGQEyiGhzVpEFr2T0=,hkCCzTY7JE3xTDOmUh2k4/e0yQY=
48,-15,7UFbjn3mj8xGQEyiGhzVpEFr2T0=,hkCCzTY7JE3xTDOmUh2k4/e0yQY=
49,-16,7UFbjn3mj8xGQEyiGhzVpEFr2T0=,hkCCzTY7JE3xTDOmUh2k4/e0yQY=
48,-2,7UFbjn3mj8xGQEyiGhzVpEFr2T0=,hkCCzTY7JE3xTDOmUh2k4/e0yQY=
63,-3,7UFbjn3mj8xGQEyiGhzVpEFr2T0=,hkCCzTY7JE3xTDOmUh2k4/e0yQY=
62,-3,7UFbjn3mj8xGQEyiGhzVpEFr2T0=,hkCCzTY7JE3xTDOmUh2k4/e0yQY=
61,-3,7UFbjn3mj8xGQEyiGhzVpEFr2T0=,hkCCzTY7JE3xTDOmUh2k4/e0yQY=
60,-3,7UFbjn3mj8xGQEyiGhzVpEFr2T0=,hkCCzTY7JE3xTDOmUh2k4/e0yQY=
59,-3,7UFbjn3mj8xGQEyiGhzVpEFr2T0=,hkCCzTY7JE3xTDOmUh2k4/e0yQY=
58,-3,7UFbjn3mj8xGQEyiGhzVpEFr2T0=,hkCCzTY7JE3xTDOmUh2k4/e0yQY=
57,-3,7UFbjn3mj8xGQEyiGhzVpEFr2T0=,hkCCzTY7JE3xTDOmUh2k4/e0yQY=
56,-3,7UFbjn3mj8xGQEyiGhzVpEFr2T0=,hkCCzTY7JE3xTDOmUh2k4/e0yQY=
56,-12,7UFbjn3mj8xGQEyiGhzVpEFr2T0=,hkCCzTY7JE3xTDOmUh2k4/e0yQY=
55,-3,7UFbjn3mj8xGQEyiGhzVpEFr2T0=,hkCCzTY7JE3xTDOmUh2k4/e0yQY=
54,-3,7UFbjn3mj8xGQEyiGhzVpEFr2T0=,hkCCzTY7JE3xTDOmUh2k4/e0yQY=
53,-3,7UFbjn3mj8xGQEyiGhzVpEFr2T0=,hkCCzTY7JE3xTDOmUh2k4/e0yQY=
52,-3,7UFbjn3mj8xGQEyiGhzVpEFr2T0=,hkCCzTY7JE3xTDOmUh2k4/e0yQY=
51,-3,7UFbjn3mj8xGQEyiGhzVpEFr2T0=,hkCCzTY7JE3xTDOmUh2k4/e0yQY=
61,-15,7UFbjn3mj8xGQEyiGhzVpEFr2T0=,hkCCzTY7JE3xTDOmUh2k4/e0yQY=
63,-16,7UFbjn3mj8xGQEyiGhzVpEFr2T0=,hkCCzTY7JE3xTDOmUh2k4/e0yQY=
57,-13,7UFbjn3mj8xGQEyiGhzVpEFr2T0=,hkCCzTY7JE3xTDOmUh2k4/e0yQY=
50,-3,7UFbjn3mj8xGQEyiGhzVpEFr2T0=,hkCCzTY7JE3xTDOmUh2k4/e0yQY=
60,-15,7UFbjn3mj8xGQEyiGhzVpEFr2T0=,hkCCzTY7JE3xTDOmUh2k4/e0yQY=
49,-3,7UFbjn3mj8xGQEyiGhzVpEFr2T0=,hkCCzTY7JE3xTDOmUh2k4/e0yQY=
56,-13,7UFbjn3mj8xGQEyiGhzVpEFr2T0=,hkCCzTY7JE3xTDOmUh2k4/e0yQY=
63,-4,7UFbjn3mj8xGQEyiGhzVpEFr2T0=,hkCCzTY7JE3xTDOmUh2k4/e0yQY=
62,-4,7UFbjn3mj8xGQEyiGhzVpEFr2T0=,hkCCzTY7JE3xTDOmUh2k4/e0yQY=
61,-4,7UFbjn3mj8xGQEyiGhzVpEFr2T0=,hkCCzTY7JE3xTDOmUh2k4/e0yQY=
60,-4,7UFbjn3mj8xGQEyiGhzVpEFr2T0=,hkCCzTY7JE3xTDOmUh2k4/e0yQY=
59,-4,7UFbjn3mj8xGQEyiGhzVpEFr2T0=,hkCCzTY7JE3xTDOmUh2k4/e0yQY=
58,-4,7UFbjn3mj8xGQEyiGhzVpEFr2T0=,hkCCzTY7JE3xTDOmUh2k4/e0yQY=
57,-4,7UFbjn3mj8xGQEyiGhzVpEFr2T0=,hkCCzTY7JE3xTDOmUh2k4/e0yQY=
56,-4,7UFbjn3mj8xGQEyiGhzVpEFr2T0=,hkCCzTY7JE3xTDOmUh2k4/e0yQY=
55,-4,7UFbjn3mj8xGQEyiGhzVpEFr2T0=,hkCCzTY7JE3xTDOmUh2k4/e0yQY=
54,-4,7UFbjn3mj8xGQEyiGhzVpEFr2T0=,hkCCzTY7JE3xTDOmUh2k4/e0yQY=
53,-4,7UFbjn3mj8xGQEyiGhzVpEFr2T0=,hkCCzTY7JE3xTDOmUh2k4/e0yQY=
52,-4,7UFbjn3mj8xGQEyiGhzVpEFr2T0=,hkCCzTY7JE3xTDOmUh2k4/e0yQY=
62,-16,7UFbjn3mj8xGQEyiGhzVpEFr2T0=,hkCCzTY7JE3xTDOmUh2k4/e0yQY=
55,-13,7UFbjn3mj8xGQEyiGhzVpEFr2T0=,hkCCzTY7JE3xTDOmUh2k4/e0yQY=
51,-4,7UFbjn3mj8xGQEyiGhzVpEFr2T0=,hkCCzTY7JE3xTDOmUh2k4/e0yQY=
50,-4,7UFbjn3mj8xGQEyiGhzVpEFr2T0=,hkCCzTY7JE3xTDOmUh2k4/e0yQY=
49,-4,7UFbjn3mj8xGQEyiGhzVpEFr2T0=,hkCCzTY7JE3xTDOmUh2k4/e0yQY=
59,-15,7UFbjn3mj8xGQEyiGhzVpEFr2T0=,hkCCzTY7JE3xTDOmUh2k4/e0yQY=
57,-12,7UFbjn3mj8xGQEyiGhzVpEFr2T0=,hkCCzTY7JE3xTDOmUh2k4/e0yQY=
48,-4,7UFbjn3mj8xGQEyiGhzVpEFr2T0=,hkCCzTY7JE3xTDOmUh2k4/e0yQY=
63,-5,7UFbjn3mj8xGQEyiGhzVpEFr2T0=,hkCCzTY7JE3xTDOmUh2k4/e0yQY=
62,-5,7UFbjn3mj8xGQEyiGhzVpEFr2T0=,hkCCzTY7JE3xTDOmUh2k4/e0yQY=
61,-5,7UFbjn3mj8xGQEyiGhzVpEFr2T0=,hkCCzTY7JE3xTDOmUh2k4/e0yQY=
60,-5,7UFbjn3mj8xGQEyiGhzVpEFr2T0=,hkCCzTY7JE3xTDOmUh2k4/e0yQY=
59,-5,7UFbjn3mj8xGQEyiGhzVpEFr2T0=,hkCCzTY7JE3xTDOmUh2k4/e0yQY=
58,-5,7UFbjn3mj8xGQEyiGhzVpEFr2T0=,hkCCzTY7JE3xTDOmUh2k4/e0yQY=
57,-5,7UFbjn3mj8xGQEyiGhzVpEFr2T0=,hkCCzTY7JE3xTDOmUh2k4/e0yQY=
56,-5,7UFbjn3mj8xGQEyiGhzVpEFr2T0=,hkCCzTY7JE3xTDOmUh2k4/e0yQY=
55,-5,7UFbjn3mj8xGQEyiGhzVpEFr2T0=,hkCCzTY7JE3xTDOmUh2k4/e0yQY=
54,-5,7UFbjn3mj8xGQEyiGhzVpEFr2T0=,hkCCzTY7JE3xTDOmUh2k4/e0yQY=
53,-5,7UFbjn3mj8xGQEyiGhzVpEFr2T0=,hkCCzTY7JE3xTDOmUh2k4/e0yQY=
58,-12,7UFbjn3mj8xGQEyiGhzVpEFr2T0=,hkCCzTY7JE3xTDOmUh2k4/e0yQY=
59,-12,7UFbjn3mj8xGQEyiGhzVpEFr2T0=,hkCCzTY7JE3xTDOmUh2k4/e0yQY=
63,-14,7UFbjn3mj8xGQEyiGhzVpEFr2T0=,hkCCzTY7JE3xTDOmUh2k4/e0yQY=
54,-16,7UFbjn3mj8xGQEyiGhzVpEFr2T0=,hkCCzTY7JE3xTDOmUh2k4/e0yQY=
60,-12,7UFbjn3mj8xGQEyiGhzVpEFr2T0=,hkCCzTY7JE3xTDOmUh2k4/e0yQY=
61,-12,7UFbjn3mj8xGQEyiGhzVpEFr2T0=,hkCCzTY7JE3xTDOmUh2k4/e0yQY=
62,-12,7UFbjn3mj8xGQEyiGhzVpEFr2T0=,hkCCzTY7JE3xTDOmUh2k4/e0yQY=
48,-16,7UFbjn3mj8xGQEyiGhzVpEFr2T0=,hkCCzTY7JE3xTDOmUh2k4/e0yQY=
63,-12,7UFbjn3mj8xGQEyiGhzVpEFr2T0=,hkCCzTY7JE3xTDOmUh2k4/e0yQY=
51,-15,7UFbjn3mj8xGQEyiGhzVpEFr2T0=,hkCCzTY7JE3xTDOmUh2k4/e0yQY=
48,-3,7UFbjn3mj8xGQEyiGhzVpEFr2T0=,hkCCzTY7JE3xTDOmUh2k4/e0yQY=
54,-13,7UFbjn3mj8xGQEyiGhzVpEFr2T0=,hkCCzTY7JE3xTDOmUh2k4/e0yQY=
52,-5,7UFbjn3mj8xGQEyiGhzVpEFr2T0=,hkCCzTY7JE3xTDOmUh2k4/e0yQY=
51,-5,7UFbjn3mj8xGQEyiGhzVpEFr2T0=,hkCCzTY7JE3xTDOmUh2k4/e0yQY=
50,-5,7UFbjn3mj8xGQEyiGhzVpEFr2T0=,hkCCzTY7JE3xTDOmUh2k4/e0yQY=
61,-16,7UFbjn3mj8xGQEyiGhzVpEFr2T0=,hkCCzTY7JE3xTDOmUh2k4/e0yQY=
48,-5,7UFbjn3mj8xGQEyiGhzVpEFr2T0=,hkCCzTY7JE3xTDOmUh2k4/e0yQY=
58,-15,7UFbjn3mj8xGQEyiGhzVpEFr2T0=,hkCCzTY7JE3xTDOmUh2k4/e0yQY=
63,-6,7UFbjn3mj8xGQEyiGhzVpEFr2T0=,hkCCzTY7JE3xTDOmUh2k4/e0yQY=
62,-6,7UFbjn3mj8xGQEyiGhzVpEFr2T0=,hkCCzTY7JE3xTDOmUh2k4/e0yQY=
49,-5,7UFbjn3mj8xGQEyiGhzVpEFr2T0=,hkCCzTY7JE3xTDOmUh2k4/e0yQY=
61,-6,7UFbjn3mj8xGQEyiGhzVpEFr2T0=,hkCCzTY7JE3xTDOmUh2k4/e0yQY=
60,-6,7UFbjn3mj8xGQEyiGhzVpEFr2T0=,hkCCzTY7JE3xTDOmUh2k4/e0yQY=
59,-6,7UFbjn3mj8xGQEyiGhzVpEFr2T0=,hkCCzTY7JE3xTDOmUh2k4/e0yQY=
58,-6,7UFbjn3mj8xGQEyiGhzVpEFr2T0=,hkCCzTY7JE3xTDOmUh2k4/e0yQY=
57,-6,7UFbjn3mj8xGQEyiGhzVpEFr2T0=,hkCCzTY7JE3xTDOmUh2k4/e0yQY=
56,-6,7UFbjn3mj8xGQEyiGhzVpEFr2T0=,hkCCzTY7JE3xTDOmUh2k4/e0yQY=
55,-6,7UFbjn3mj8xGQEyiGhzVpEFr2T0=,hkCCzTY7JE3xTDOmUh2k4/e0yQY=
54,-6,7UFbjn3mj8xGQEyiGhzVpEFr2T0=,hkCCzTY7JE3xTDOmUh2k4/e0yQY=
53,-13,7UFbjn3mj8xGQEyiGhzVpEFr2T0=,hkCCzTY7JE3xTDOmUh2k4/e0yQY=
53,-6,7UFbjn3mj8xGQEyiGhzVpEFr2T0=,hkCCzTY7JE3xTDOmUh2k4/e0yQY=
52,-6,7UFbjn3mj8xGQEyiGhzVpEFr2T0=,hkCCzTY7JE3xTDOmUh2k4/e0yQY=
51,-6,7UFbjn3mj8xGQEyiGhzVpEFr2T0=,hkCCzTY7JE3xTDOmUh2k4/e0yQY=
50,-6,7UFbjn3mj8xGQEyiGhzVpEFr2T0=,hkCCzTY7JE3xTDOmUh2k4/e0yQY=
49,-6,7UFbjn3mj8xGQEyiGhzVpEFr2T0=,hkCCzTY7JE3xTDOmUh2k4/e0yQY=
60,-16,7UFbjn3mj8xGQEyiGhzVpEFr2T0=,hkCCzTY7JE3xTDOmUh2k4/e0yQY=
57,-15,7UFbjn3mj8xGQEyiGhzVpEFr2T0=,hkCCzTY7JE3xTDOmUh2k4/e0yQY=
63,-7,7UFbjn3mj8xGQEyiGhzVpEFr2T0=,hkCCzTY7JE3xTDOmUh2k4/e0yQY=
62,-7,7UFbjn3mj8xGQEyiGhzVpEFr2T0=,hkCCzTY7JE3xTDOmUh2k4/e0yQY=
61,-7,7UFbjn3mj8xGQEyiGhzVpEFr2T0=,hkCCzTY7JE3xTDOmUh2k4/e0yQY=
60,-7,7UFbjn3mj8xGQEyiGhzVpEFr2T0=,hkCCzTY7JE3xTDOmUh2k4/e0yQY=
59,-7,7UFbjn3mj8xGQEyiGhzVpEFr2T0=,hkCCzTY7JE3xTDOmUh2k4/e0yQY=
58,-7,7UFbjn3mj8xGQEyiGhzVpEFr2T0=,hkCCzTY7JE3xTDOmUh2k4/e0yQY=
57,-7,7UFbjn3mj8xGQEyiGhzVpEFr2T0=,hkCCzTY7JE3xTDOmUh2k4/e0yQY=
56,-7,7UFbjn3mj8xGQEyiGhzVpEFr2T0=,hkCCzTY7JE3xTDOmUh2k4/e0yQY=
55,-7,7UFbjn3mj8xGQEyiGhzVpEFr2T0=,hkCCzTY7JE3xTDOmUh2k4/e0yQY=
59,-16,7UFbjn3mj8xGQEyiGhzVpEFr2T0=,hkCCzTY7JE3xTDOmUh2k4/e0yQY=
48,-11,7UFbjn3mj8xGQEyiGhzVpEFr2T0=,hkCCzTY7JE3xTDOmUh2k4/e0yQY=
48,-6,7UFbjn3mj8xGQEyiGhzVpEFr2T0=,hkCCzTY7JE3xTDOmUh2k4/e0yQY=
49,-11,7UFbjn3mj8xGQEyiGhzVpEFr2T0=,hkCCzTY7JE3xTDOmUh2k4/e0yQY=
52,-13,7UFbjn3mj8xGQEyiGhzVpEFr2T0=,hkCCzTY7JE3xTDOmUh2k4/e0yQY=
53,-7,7UFbjn3mj8xGQEyiGhzVpEFr2T0=,hkCCzTY7JE3xTDOmUh2k4/e0yQY=
52,-7,7UFbjn3mj8xGQEyiGhzVpEFr2T0=,hkCCzTY7JE3xTDOmUh2k4/e0yQY=
51,-7,7UFbjn3mj8xGQEyiGhzVpEFr2T0=,hkCCzTY7JE3xTDOmUh2k4/e0yQY=
50,-7,7UFbjn3mj8xGQEyiGhzVpEFr2T0=,hkCCzTY7JE3xTDOmUh2k4/e0yQY=
54,-7,7UFbjn3mj8xGQEyiGhzVpEFr2T0=,hkCCzTY7JE3xTDOmUh2k4/e0yQY=
49,-7,7UFbjn3mj8xGQEyiGhzVpEFr2T0=,hkCCzTY7JE3xTDOmUh2k4/e0yQY=
48,-7,7UFbjn3mj8xGQEyiGhzVpEFr2T0=,hkCCzTY7JE3xTDOmUh2k4/e0yQY=
63,-8,7UFbjn3mj8xGQEyiGhzVpEFr2T0=,hkCCzTY7JE3xTDOmUh2k4/e0yQY=
62,-8,7UFbjn3mj8xGQEyiGhzVpEFr2T0=,hkCCzTY7JE3xTDOmUh2k4/e0yQY=
61,-8,7UFbjn3mj8xGQEyiGhzVpEFr2T0=,hkCCzTY7JE3xTDOmUh2k4/e0yQY=
60,-8,7UFbjn3mj8xGQEyiGhzVpEFr2T0=,hkCCzTY7JE3xTDOmUh2k4/e0yQY=
59,-8,7UFbjn3mj8xGQEyiGhzVpEFr2T0=,hkCCzTY7JE3xTDOmUh2k4/e0yQY=
58,-8,7UFbjn3mj8xGQEyiGhzVpEFr2T0=,hkCCzTY7JE3xTDOmUh2k4/e0yQY=
57,-8,7UFbjn3mj8xGQEyiGhzVpEFr2T0=,hkCCzTY7JE3xTDOmUh2k4/e0yQY=
56,-8,7UFbjn3mj8xGQEyiGhzVpEFr2T0=,hkCCzTY7JE3xTDOmUh2k4/e0yQY=
58,-16,7UFbjn3mj8xGQEyiGhzVpEFr2T0=,hkCCzTY7JE3xTDOmUh2k4/e0yQY=
56,-15,7UFbjn3mj8xGQEyiGhzVpEFr2T0=,hkCCzTY7JE3xTDOmUh2k4/e0yQY=
55,-8,7UFbjn3mj8xGQEyiGhzVpEFr2T0=,hkCCzTY7JE3xTDOmUh2k4/e0yQY=
54,-8,7UFbjn3mj8xGQEyiGhzVpEFr2T0=,hkCCzTY7JE3xTDOmUh2k4/e0yQY=
53,-8,7UFbjn3mj8xGQEyiGhzVpEFr2T0=,hkCCzTY7JE3xTDOmUh2k4/e0yQY=
52,-8,7UFbjn3mj8xGQEyiGhzVpEFr2T0=,hkCCzTY7JE3xTDOmUh2k4/e0yQY=
50,-8,7UFbjn3mj8xGQEyiGhzVpEFr2T0=,hkCCzTY7JE3xTDOmUh2k4/e0yQY=
51,-8,7UFbjn3mj8xGQEyiGhzVpEFr2T0=,hkCCzTY7JE3xTDOmUh2k4/e0yQY=
51,-13,7UFbjn3mj8xGQEyiGhzVpEFr2T0=,hkCCzTY7JE3xTDOmUh2k4/e0yQY=
50,-11,7UFbjn3mj8xGQEyiGhzVpEFr2T0=,hkCCzTY7JE3xTDOmUh2k4/e0yQY=
51,-11,7UFbjn3mj8xGQEyiGhzVpEFr2T0=,hkCCzTY7JE3xTDOmUh2k4/e0yQY=
52,-11,7UFbjn3mj8xGQEyiGhzVpEFr2T0=,hkCCzTY7JE3xTDOmUh2k4/e0yQY=
53,-11,7UFbjn3mj8xGQEyiGhzVpEFr2T0=,hkCCzTY7JE3xTDOmUh2k4/e0yQY=
54,-11,7UFbjn3mj8xGQEyiGhzVpEFr2T0=,hkCCzTY7JE3xTDOmUh2k4/e0yQY=
48,-8,7UFbjn3mj8xGQEyiGhzVpEFr2T0=,hkCCzTY7JE3xTDOmUh2k4/e0yQY=
49,-8,7UFbjn3mj8xGQEyiGhzVpEFr2T0=,hkCCzTY7JE3xTDOmUh2k4/e0yQY=
63,-9,7UFbjn3mj8xGQEyiGhzVpEFr2T0=,hkCCzTY7JE3xTDOmUh2k4/e0yQY=
62,-9,7UFbjn3mj8xGQEyiGhzVpEFr2T0=,hkCCzTY7JE3xTDOmUh2k4/e0yQY=
61,-9,7UFbjn3mj8xGQEyiGhzVpEFr2T0=,hkCCzTY7JE3xTDOmUh2k4/e0yQY=
60,-9,7UFbjn3mj8xGQEyiGhzVpEFr2T0=,hkCCzTY7JE3xTDOmUh2k4/e0yQY=
59,-9,7UFbjn3mj8xGQEyiGhzVpEFr2T0=,hkCCzTY7JE3xTDOmUh2k4/e0yQY=
58,-9,7UFbjn3mj8xGQEyiGhzVpEFr2T0=,hkCCzTY7JE3xTDOmUh2k4/e0yQY=
57,-9,7UFbjn3mj8xGQEyiGhzVpEFr2T0=,hkCCzTY7JE3xTDOmUh2k4/e0yQY=
57,-16,7UFbjn3mj8xGQEyiGhzVpEFr2T0=,hkCCzTY7JE3xTDOmUh2k4/e0yQY=
50,-13,7UFbjn3mj8xGQEyiGhzVpEFr2T0=,hkCCzTY7JE3xTDOmUh2k4/e0yQY=
56,-9,7UFbjn3mj8xGQEyiGhzVpEFr2T0=,hkCCzTY7JE3xTDOmUh2k4/e0yQY=
55,-9,7UFbjn3mj8xGQEyiGhzVpEFr2T0=,hkCCzTY7JE3xTDOmUh2k4/e0yQY=
54,-9,7UFbjn3mj8xGQEyiGhzVpEFr2T0=,hkCCzTY7JE3xTDOmUh2k4/e0yQY=
53,-9,7UFbjn3mj8xGQEyiGhzVpEFr2T0=,hkCCzTY7JE3xTDOmUh2k4/e0yQY=
52,-9,7UFbjn3mj8xGQEyiGhzVpEFr2T0=,hkCCzTY7JE3xTDOmUh2k4/e0yQY=
51,-9,7UFbjn3mj8xGQEyiGhzVpEFr2T0=,hkCCzTY7JE3xTDOmUh2k4/e0yQY=
50,-9,7UFbjn3mj8xGQEyiGhzVpEFr2T0=,hkCCzTY7JE3xTDOmUh2k4/e0yQY=
49,-9,7UFbjn3mj8xGQEyiGhzVpEFr2T0=,hkCCzTY7JE3xTDOmUh2k4/e0yQY=
54,-15,7UFbjn3mj8xGQEyiGhzVpEFr2T0=,hkCCzTY7JE3xTDOmUh2k4/e0yQY=
55,-11,7UFbjn3mj8xGQEyiGhzVpEFr2T0=,hkCCzTY7JE3xTDOmUh2k4/e0yQY=
55,-15,7UFbjn3mj8xGQEyiGhzVpEFr2T0=,hkCCzTY7JE3xTDOmUh2k4/e0yQY=
63,-10,7UFbjn3mj8xGQEyiGhzVpEFr2T0=,hkCCzTY7JE3xTDOmUh2k4/e0yQY=
62,-10,7UFbjn3mj8xGQEyiGhzVpEFr2T0=,hkCCzTY7JE3xTDOmUh2k4/e0yQY=
61,-10,7UFbjn3mj8xGQEyiGhzVpEFr2T0=,hkCCzTY7JE3xTDOmUh2k4/e0yQY=
60,-10,7UFbjn3mj8xGQEyiGhzVpEFr2T0=,hkCCzTY7JE3xTDOmUh2k4/e0yQY=
59,-10,7UFbjn3mj8xGQEyiGhzVpEFr2T0=,hkCCzTY7JE3xTDOmUh2k4/e0yQY=
58,-10,7UFbjn3mj8xGQEyiGhzVpEFr2T0=,hkCCzTY7JE3xTDOmUh2k4/e0yQY=
48,-9,7UFbjn3mj8xGQEyiGhzVpEFr2T0=,hkCCzTY7JE3xTDOmUh2k4/e0yQY=
49,-13,7UFbjn3mj8xGQEyiGhzVpEFr2T0=,hkCCzTY7JE3xTDOmUh2k4/e0yQY=
56,-11,7UFbjn3mj8xGQEyiGhzVpEFr2T0=,hkCCzTY7JE3xTDOmUh2k4/e0yQY=
56,-16,7UFbjn3mj8xGQEyiGhzVpEFr2T0=,hkCCzTY7JE3xTDOmUh2k4/e0yQY=
57,-11,7UFbjn3mj8xGQEyiGhzVpEFr2T0=,hkCCzTY7JE3xTDOmUh2k4/e0yQY=
57,-10,7UFbjn3mj8xGQEyiGhzVpEFr2T0=,hkCCzTY7JE3xTDOmUh2k4/e0yQY=
55,-10,7UFbjn3mj8xGQEyiGhzVpEFr2T0=,hkCCzTY7JE3xTDOmUh2k4/e0yQY=
54,-10,7UFbjn3mj8xGQEyiGhzVpEFr2T0=,hkCCzTY7JE3xTDOmUh2k4/e0yQY=
53,-10,7UFbjn3mj8xGQEyiGhzVpEFr2T0=,hkCCzTY7JE3xTDOmUh2k4/e0yQY=
52,-10,7UFbjn3mj8xGQEyiGhzVpEFr2T0=,hkCCzTY7JE3xTDOmUh2k4/e0yQY=
51,-10,7UFbjn3mj8xGQEyiGhzVpEFr2T0=,hkCCzTY7JE3xTDOmUh2k4/e0yQY=
50,-10,7UFbjn3mj8xGQEyiGhzVpEFr2T0=,hkCCzTY7JE3xTDOmUh2k4/e0yQY=
58,-11,7UFbjn3mj8xGQEyiGhzVpEFr2T0=,hkCCzTY7JE3xTDOmUh2k4/e0yQY=
48,-13,7UFbjn3mj8xGQEyiGhzVpEFr2T0=,hkCCzTY7JE3xTDOmUh2k4/e0yQY=
52,-15,7UFbjn3mj8xGQEyiGhzVpEFr2T0=,hkCCzTY7JE3xTDOmUh2k4/e0yQY=
55,-16,7UFbjn3mj8xGQEyiGhzVpEFr2T0=,hkCCzTY7JE3xTDOmUh2k4/e0yQY=
59,-11,7UFbjn3mj8xGQEyiGhzVpEFr2T0=,hkCCzTY7JE3xTDOmUh2k4/e0yQY=
60,-11,7UFbjn3mj8xGQEyiGhzVpEFr2T0=,hkCCzTY7JE3xTDOmUh2k4/e0yQY=
61,-11,7UFbjn3mj8xGQEyiGhzVpEFr2T0=,hkCCzTY7JE3xTDOmUh2k4/e0yQY=
62,-11,7UFbjn3mj8xGQEyiGhzVpEFr2T0=,hkCCzTY7JE3xTDOmUh2k4/e0yQY=
63,-11,7UFbjn3mj8xGQEyiGhzVpEFr2T0=,hkCCzTY7JE3xTDOmUh2k4/e0yQY=
56,-10,7UFbjn3mj8xGQEyiGhzVpEFr2T0=,hkCCzTY7JE3xTDOmUh2k4/e0yQY=
49,-10,7UFbjn3mj8xGQEyiGhzVpEFr2T0=,hkCCzTY7JE3xTDOmUh2k4/e0yQY=
48,-10,7UFbjn3mj8xGQEyiGhzVpEFr2T0=,hkCCzTY7JE3xTDOmUh2k4/e0yQY=
53,-15,7UFbjn3mj8xGQEyiGhzVpEFr2T0=,hkCCzTY7JE3xTDOmUh2k4/e0yQY=
54,-12,7UFbjn3mj8xGQEyiGhzVpEFr2T0=,hkCCzTY7JE3xTDOmUh2k4/e0yQY=
51,-32,ytCV/sNBm61PgayvT16yrSTkQQI=,FwhNhvin4+YDauV2WTCDTKu2tfg=
63,-31,ytCV/sNBm61PgayvT16yrSTkQQI=,FwhNhvin4+YDauV2WTCDTKu2tfg=
59,-30,ytCV/sNBm61PgayvT16yrSTkQQI=,FwhNhvin4+YDauV2WTCDTKu2tfg=
57,-30,ytCV/sNBm61PgayvT16yrSTkQQI=,FwhNhvin4+YDauV2WTCDTKu2tfg=
56,-30,ytCV/sNBm61PgayvT16yrSTkQQI=,FwhNhvin4+YDauV2WTCDTKu2tfg=
55,-30,ytCV/sNBm61PgayvT16yrSTkQQI=,FwhNhvin4+YDauV2WTCDTKu2tfg=
53,-30,ytCV/sNBm61PgayvT16yrSTkQQI=,FwhNhvin4+YDauV2WTCDTKu2tfg=
54,-30,ytCV/sNBm61PgayvT16yrSTkQQI=,FwhNhvin4+YDauV2WTCDTKu2tfg=
52,-30,ytCV/sNBm61PgayvT16yrSTkQQI=,FwhNhvin4+YDauV2WTCDTKu2tfg=
51,-30,ytCV/sNBm61PgayvT16yrSTkQQI=,FwhNhvin4+YDauV2WTCDTKu2tfg=
50,-30,ytCV/sNBm61PgayvT16yrSTkQQI=,FwhNhvin4+YDauV2WTCDTKu2tfg=
49,-30,ytCV/sNBm61PgayvT16yrSTkQQI=,FwhNhvin4+YDauV2WTCDTKu2tfg=
63,-17,ytCV/sNBm61PgayvT16yrSTkQQI=,FwhNhvin4+YDauV2WTCDTKu2tfg=
48,-30,ytCV/sNBm61PgayvT16yrSTkQQI=,FwhNhvin4+YDauV2WTCDTKu2tfg=
59,-29,ytCV/sNBm61PgayvT16yrSTkQQI=,FwhNhvin4+YDauV2WTCDTKu2tfg=
62,-17,ytCV/sNBm61PgayvT16yrSTkQQI=,FwhNhvin4+YDauV2WTCDTKu2tfg=
50,-32,ytCV/sNBm61PgayvT16yrSTkQQI=,FwhNhvin4+YDauV2WTCDTKu2tfg=
58,-30,ytCV/sNBm61PgayvT16yrSTkQQI=,FwhNhvin4+YDauV2WTCDTKu2tfg=
60,-29,ytCV/sNBm61PgayvT16yrSTkQQI=,FwhNhvin4+YDauV2WTCDTKu2tfg=
61,-17,ytCV/sNBm61PgayvT16yrSTkQQI=,FwhNhvin4+YDauV2WTCDTKu2tfg=
59,-17,ytCV/sNBm61PgayvT16yrSTkQQI=,FwhNhvin4+YDauV2WTCDTKu2tfg=
58,-17,ytCV/sNBm61PgayvT16yrSTkQQI=,FwhNhvin4+YDauV2WTCDTKu2tfg=
60,-17,ytCV/sNBm61PgayvT16yrSTkQQI=,FwhNhvin4+YDauV2WTCDTKu2tfg=
56,-17,ytCV/sNBm61PgayvT16yrSTkQQI=,FwhNhvin4+YDauV2WTCDTKu2tfg=
55,-17,ytCV/sNBm61PgayvT16yrSTkQQI=,FwhNhvin4+YDauV2WTCDTKu2tfg=
54,-17,ytCV/sNBm61PgayvT16yrSTkQQI=,FwhNhvin4+YDauV2WTCDTKu2tfg=
53,-17,ytCV/sNBm61PgayvT16yrSTkQQI=,FwhNhvin4+YDauV2WTCDTKu2tfg=
52,-17,ytCV/sNBm61PgayvT16yrSTkQQI=,FwhNhvin4+YDauV2WTCDTKu2tfg=
51,-17,ytCV/sNBm61PgayvT16yrSTkQQI=,FwhNhvin4+YDauV2WTCDTKu2tfg=
50,-17,ytCV/sNBm61PgayvT16yrSTkQQI=,FwhNhvin4+YDauV2WTCDTKu2tfg=
58,-29,ytCV/sNBm61PgayvT16yrSTkQQI=,FwhNhvin4+YDauV2WTCDTKu2tfg=
49,-17,ytCV/sNBm61PgayvT16yrSTkQQI=,FwhNhvin4+YDauV2WTCDTKu2tfg=
62,-31,ytCV/sNBm61PgayvT16yrSTkQQI=,FwhNhvin4+YDauV2WTCDTKu2tfg=
48,-17,ytCV/sNBm61PgayvT16yrSTkQQI=,FwhNhvin4+YDauV2WTCDTKu2tfg=
63,-18,ytCV/sNBm61PgayvT16yrSTkQQI=,FwhNhvin4+YDauV2WTCDTKu2tfg=
62,-18,ytCV/sNBm61PgayvT16yrSTkQQI=,FwhNhvin4+YDauV2WTCDTKu2tfg=
61,-18,ytCV/sNBm61PgayvT16yrSTkQQI=,FwhNhvin4+YDauV2WTCDTKu2tfg=
62,-30,ytCV/sNBm61PgayvT16yrSTkQQI=,FwhNhvin4+YDauV2WTCDTKu2tfg=
52,-32,ytCV/sNBm61PgayvT16yrSTkQQI=,FwhNhvin4+YDauV2WTCDTKu2tfg=
61,-29,ytCV/sNBm61PgayvT16yrSTkQQI=,FwhNhvin4+YDauV2WTCDTKu2tfg=
62,-29,ytCV/sNBm61PgayvT16yrSTkQQI=,FwhNhvin4+YDauV2WTCDTKu2tfg=
53,-32,ytCV/sNBm61PgayvT16yrSTkQQI=,FwhNhvin4+YDauV2WTCDTKu2tfg=
50,-31,ytCV/sNBm61PgayvT16yrSTkQQI=,FwhNhvin4+YDauV2WTCDTKu2tfg=
63,-29,ytCV/sNBm61PgayvT16yrSTkQQI=,FwhNhvin4+YDauV2WTCDTKu2tfg=
48,-28,ytCV/sNBm61PgayvT16yrSTkQQI=,FwhNhvin4+YDauV2WTCDTKu2tfg=
49,-28,ytCV/sNBm61PgayvT16yrSTkQQI=,FwhNhvin4+YDauV2WTCDTKu2tfg=
50,-28,ytCV/sNBm61PgayvT16yrSTkQQI=,FwhNhvin4+YDauV2WTCDTKu2tfg=
51,-28,ytCV/sNBm61PgayvT16yrSTkQQI=,FwhNhvin4+YDauV2WTCDTKu2tfg=
52,-28,ytCV/sNBm61PgayvT16yrSTkQQI=,FwhNhvin4+YDauV2WTCDTKu2tfg=
53,-28,ytCV/sNBm61PgayvT16yrSTkQQI=,FwhNhvin4+YDauV2WTCDTKu2tfg=
61,-30,ytCV/sNBm61PgayvT16yrSTkQQI=,FwhNhvin4+YDauV2WTCDTKu2tfg=
59,-18,ytCV/sNBm61PgayvT16yrSTkQQI=,FwhNhvin4+YDauV2WTCDTKu2tfg=
55,-28,ytCV/sNBm61PgayvT16yrSTkQQI=,FwhNhvin4+YDauV2WTCDTKu2tfg=
56,-28,ytCV/sNBm61PgayvT16yrSTkQQI=,FwhNhvin4+YDauV2WTCDTKu2tfg=
57,-28,ytCV/sNBm61PgayvT16yrSTkQQI=,FwhNhvin4+YDauV2WTCDTKu2tfg=
54,-28,ytCV/sNBm61PgayvT16yrSTkQQI=,FwhNhvin4+YDauV2WTCDTKu2tfg=
63,-30,ytCV/sNBm61PgayvT16yrSTkQQI=,FwhNhvin4+YDauV2WTCDTKu2tfg=
59,-28,ytCV/sNBm61PgayvT16yrSTkQQI=,FwhNhvin4+YDauV2WTCDTKu2tfg=
54,-32,ytCV/sNBm61PgayvT16yrSTkQQI=,FwhNhvin4+YDauV2WTCDTKu2tfg=
60,-28,ytCV/sNBm61PgayvT16yrSTkQQI=,FwhNhvin4+YDauV2WTCDTKu2tfg=
61,-28,ytCV/sNBm61PgayvT16yrSTkQQI=,FwhNhvin4+YDauV2WTCDTKu2tfg=
58,-28,ytCV/sNBm61PgayvT16yrSTkQQI=,FwhNhvin4+YDauV2WTCDTKu2tfg=
62,-28,ytCV/sNBm61PgayvT16yrSTkQQI=,FwhNhvin4+YDauV2WTCDTKu2tfg=
63,-28,ytCV/sNBm61PgayvT16yrSTkQQI=,FwhNhvin4+YDauV2WTCDTKu2tfg=
48,-32,ytCV/sNBm61PgayvT16yrSTkQQI=,FwhNhvin4+YDauV2WTCDTKu2tfg=
48,-27,ytCV/sNBm61PgayvT16yrSTkQQI=,FwhNhvin4+YDauV2WTCDTKu2tfg=
51,-31,ytCV/sNBm61PgayvT16yrSTkQQI=,FwhNhvin4+YDauV2WTCDTKu2tfg=
49,-27,ytCV/sNBm61PgayvT16yrSTkQQI=,FwhNhvin4+YDauV2WTCDTKu2tfg=
50,-27,ytCV/sNBm61PgayvT16yrSTkQQI=,FwhNhvin4+YDauV2WTCDTKu2tfg=
51,-27,ytCV/sNBm61PgayvT16yrSTkQQI=,FwhNhvin4+YDauV2WTCDTKu2tfg=
52,-27,ytCV/sNBm61PgayvT16yrSTkQQI=,FwhNhvin4+YDauV2WTCDTKu2tfg=
53,-27,ytCV/sNBm61PgayvT16yrSTkQQI=,FwhNhvin4+YDauV2WTCDTKu2tfg=
54,-27,ytCV/sNBm61PgayvT16yrSTkQQI=,FwhNhvin4+YDauV2WTCDTKu2tfg=
55,-27,ytCV/sNBm61PgayvT16yrSTkQQI=,FwhNhvin4+YDauV2WTCDTKu2tfg=
56,-27,ytCV/sNBm61PgayvT16yrSTkQQI=,FwhNhvin4+YDauV2WTCDTKu2tfg=
57,-27,ytCV/sNBm61PgayvT16yrSTkQQI=,FwhNhvin4+YDauV2WTCDTKu2tfg=
58,-27,ytCV/sNBm61PgayvT16yrSTkQQI=,FwhNhvin4+YDauV2WTCDTKu2tfg=
52,-31,ytCV/sNBm61PgayvT16yrSTkQQI=,FwhNhvin4+YDauV2WTCDTKu2tfg=
48,-29,ytCV/sNBm61PgayvT16yrSTkQQI=,FwhNhvin4+YDauV2WTCDTKu2tfg=
55,-32,ytCV/sNBm61PgayvT16yrSTkQQI=,FwhNhvin4+YDauV2WTCDTKu2tfg=
59,-27,ytCV/sNBm61PgayvT16yrSTkQQI=,FwhNhvin4+YDauV2WTCDTKu2tfg=
60,-27,ytCV/sNBm61PgayvT16yrSTkQQI=,FwhNhvin4+YDauV2WTCDTKu2tfg=
61,-27,ytCV/sNBm61PgayvT16yrSTkQQI=,FwhNhvin4+YDauV2WTCDTKu2tfg=
62,-27,ytCV/sNBm61PgayvT16yrSTkQQI=,FwhNhvin4+YDauV2WTCDTKu2tfg=
63,-27,ytCV/sNBm61PgayvT16yrSTkQQI=,FwhNhvin4+YDauV2WTCDTKu2tfg=
53,-31,ytCV/sNBm61PgayvT16yrSTkQQI=,FwhNhvin4+YDauV2WTCDTKu2tfg=
48,-26,ytCV/sNBm61PgayvT16yrSTkQQI=,FwhNhvin4+YDauV2WTCDTKu2tfg=
49,-26,ytCV/sNBm61PgayvT16yrSTkQQI=,FwhNhvin4+YDauV2WTCDTKu2tfg=
50,-26,ytCV/sNBm61PgayvT16yrSTkQQI=,FwhNhvin4+YDauV2WTCDTKu2tfg=
51,-26,ytCV/sNBm61PgayvT16yrSTkQQI=,FwhNhvin4+YDauV2WTCDTKu2tfg=
52,-26,ytCV/sNBm61PgayvT16yrSTkQQI=,FwhNhvin4+YDauV2WTCDTKu2tfg=
53,-26,ytCV/sNBm61PgayvT16yrSTkQQI=,FwhNhvin4+YDauV2WTCDTKu2tfg=
60,-18,ytCV/sNBm61PgayvT16yrSTkQQI=,FwhNhvin4+YDauV2WTCDTKu2tfg=
54,-26,ytCV/sNBm61PgayvT16yrSTkQQI=,FwhNhvin4+YDauV2WTCDTKu2tfg=
55,-26,ytCV/sNBm61PgayvT16yrSTkQQI=,FwhNhvin4+YDauV2WTCDTKu2tfg=
56,-26,ytCV/sNBm61PgayvT16yrSTkQQI=,FwhNhvin4+YDauV2WTCDTKu2tfg=
57,-26,ytCV/sNBm61PgayvT16yrSTkQQI=,FwhNhvin4+YDauV2WTCDTKu2tfg=
49,-29,ytCV/sNBm61PgayvT16yrSTkQQI=,FwhNhvin4+YDauV2WTCDTKu2tfg=
56,-32,ytCV/sNBm61PgayvT16yrSTkQQI=,FwhNhvin4+YDauV2WTCDTKu2tfg=
58,-26,ytCV/sNBm61PgayvT16yrSTkQQI=,FwhNhvin4+YDauV2WTCDTKu2tfg=
59,-26,ytCV/sNBm61PgayvT16yrSTkQQI=,FwhNhvin4+YDauV2WTCDTKu2tfg=
60,-26,ytCV/sNBm61PgayvT16yrSTkQQI=,FwhNhvin4+YDauV2WTCDTKu2tfg=
61,-26,ytCV/sNBm61PgayvT16yrSTkQQI=,FwhNhvin4+YDauV2WTCDTKu2tfg=
57,-17,ytCV/sNBm61PgayvT16yrSTkQQI=,FwhNhvin4+YDauV2WTCDTKu2tfg=
56,-18,ytCV/sNBm61PgayvT16yrSTkQQI=,FwhNhvin4+YDauV2WTCDTKu2tfg=
55,-18,ytCV/sNBm61PgayvT16yrSTkQQI=,FwhNhvin4+YDauV2WTCDTKu2tfg=
54,-18,ytCV/sNBm61PgayvT16yrSTkQQI=,FwhNhvin4+YDauV2WTCDTKu2tfg=
53,-18,ytCV/sNBm61PgayvT16yrSTkQQI=,FwhNhvin4+YDauV2WTCDTKu2tfg=
52,-18,ytCV/sNBm61PgayvT16yrSTkQQI=,FwhNhvin4+YDauV2WTCDTKu2tfg=
51,-18,ytCV/sNBm61PgayvT16yrSTkQQI=,FwhNhvin4+YDauV2WTCDTKu2tfg=
49,-31,ytCV/sNBm61PgayvT16yrSTkQQI=,FwhNhvin4+YDauV2WTCDTKu2tfg=
50,-18,ytCV/sNBm61PgayvT16yrSTkQQI=,FwhNhvin4+YDauV2WTCDTKu2tfg=
57,-29,ytCV/sNBm61PgayvT16yrSTkQQI=,FwhNhvin4+YDauV2WTCDTKu2tfg=
49,-18,ytCV/sNBm61PgayvT16yrSTkQQI=,FwhNhvin4+YDauV2WTCDTKu2tfg=
48,-31,ytCV/sNBm61PgayvT16yrSTkQQI=,FwhNhvin4+YDauV2WTCDTKu2tfg=
48,-18,ytCV/sNBm61PgayvT16yrSTkQQI=,FwhNhvin4+YDauV2WTCDTKu2tfg=
49,-32,ytCV/sNBm61PgayvT16yrSTkQQI=,FwhNhvin4+YDauV2WTCDTKu2tfg=
62,-26,ytCV/sNBm61PgayvT16yrSTkQQI=,FwhNhvin4+YDauV2WTCDTKu2tfg=
63,-19,ytCV/sNBm61PgayvT16yrSTkQQI=,FwhNhvin4+YDauV2WTCDTKu2tfg=
63,-26,ytCV/sNBm61PgayvT16yrSTkQQI=,FwhNhvin4+YDauV2WTCDTKu2tfg=
62,-19,ytCV/sNBm61PgayvT16yrSTkQQI=,FwhNhvin4+YDauV2WTCDTKu2tfg=
54,-31,ytCV/sNBm61PgayvT16yrSTkQQI=,FwhNhvin4+YDauV2WTCDTKu2tfg=
61,-19,ytCV/sNBm61PgayvT16yrSTkQQI=,FwhNhvin4+YDauV2WTCDTKu2tfg=
48,-25,ytCV/sNBm61PgayvT16yrSTkQQI=,FwhNhvin4+YDauV2WTCDTKu2tfg=
49,-25,ytCV/sNBm61PgayvT16yrSTkQQI=,FwhNhvin4+YDauV2WTCDTKu2tfg=
50,-25,ytCV/sNBm61PgayvT16yrSTkQQI=,FwhNhvin4+YDauV2WTCDTKu2tfg=
51,-25,ytCV/sNBm61PgayvT16yrSTkQQI=,FwhNhvin4+YDauV2WTCDTKu2tfg=
52,-25,ytCV/sNBm61PgayvT16yrSTkQQI=,FwhNhvin4+YDauV2WTCDTKu2tfg=
53,-25,ytCV/sNBm61PgayvT16yrSTkQQI=,FwhNhvin4+YDauV2WTCDTKu2tfg=
54,-25,ytCV/sNBm61PgayvT16yrSTkQQI=,FwhNhvin4+YDauV2WTCDTKu2tfg=
55,-25,ytCV/sNBm61PgayvT16yrSTkQQI=,FwhNhvin4+YDauV2WTCDTKu2tfg=
56,-25,ytCV/sNBm61PgayvT16yrSTkQQI=,FwhNhvin4+YDauV2WTCDTKu2tfg=
50,-29,ytCV/sNBm61PgayvT16yrSTkQQI=,FwhNhvin4+YDauV2WTCDTKu2tfg=
57,-32,ytCV/sNBm61PgayvT16yrSTkQQI=,FwhNhvin4+YDauV2WTCDTKu2tfg=
57,-25,ytCV/sNBm61PgayvT16yrSTkQQI=,FwhNhvin4+YDauV2WTCDTKu2tfg=
58,-25,ytCV/sNBm61PgayvT16yrSTkQQI=,FwhNhvin4+YDauV2WTCDTKu2tfg=
59,-25,ytCV/sNBm61PgayvT16yrSTkQQI=,FwhNhvin4+YDauV2WTCDTKu2tfg=
60,-25,ytCV/sNBm61PgayvT16yrSTkQQI=,FwhNhvin4+YDauV2WTCDTKu2tfg=
61,-25,ytCV/sNBm61PgayvT16yrSTkQQI=,FwhNhvin4+YDauV2WTCDTKu2tfg=
62,-25,ytCV/sNBm61PgayvT16yrSTkQQI=,FwhNhvin4+YDauV2WTCDTKu2tfg=
63,-25,ytCV/sNBm61PgayvT16yrSTkQQI=,FwhNhvin4+YDauV2WTCDTKu2tfg=
48,-24,ytCV/sNBm61PgayvT16yrSTkQQI=,FwhNhvin4+YDauV2WTCDTKu2tfg=
55,-31,ytCV/sNBm61PgayvT16yrSTkQQI=,FwhNhvin4+YDauV2WTCDTKu2tfg=
49,-24,ytCV/sNBm61PgayvT16yrSTkQQI=,FwhNhvin4+YDauV2WTCDTKu2tfg=
50,-24,ytCV/sNBm61PgayvT16yrSTkQQI=,FwhNhvin4+YDauV2WTCDTKu2tfg=
51,-24,ytCV/sNBm61PgayvT16yrSTkQQI=,FwhNhvin4+YDauV2WTCDTKu2tfg=
52,-24,ytCV/sNBm61PgayvT16yrSTkQQI=,FwhNhvin4+YDauV2WTCDTKu2tfg=
53,-24,ytCV/sNBm61PgayvT16yrSTkQQI=,FwhNhvin4+YDauV2WTCDTKu2tfg=
54,-24,ytCV/sNBm61PgayvT16yrSTkQQI=,FwhNhvin4+YDauV2WTCDTKu2tfg=
55,-24,ytCV/sNBm61PgayvT16yrSTkQQI=,FwhNhvin4+YDauV2WTCDTKu2tfg=
51,-29,ytCV/sNBm61PgayvT16yrSTkQQI=,FwhNhvin4+YDauV2WTCDTKu2tfg=
58,-32,ytCV/sNBm61PgayvT16yrSTkQQI=,FwhNhvin4+YDauV2WTCDTKu2tfg=
56,-24,ytCV/sNBm61PgayvT16yrSTkQQI=,FwhNhvin4+YDauV2WTCDTKu2tfg=
57,-24,ytCV/sNBm61PgayvT16yrSTkQQI=,FwhNhvin4+YDauV2WTCDTKu2tfg=
58,-24,ytCV/sNBm61PgayvT16yrSTkQQI=,FwhNhvin4+YDauV2WTCDTKu2tfg=
59,-24,ytCV/sNBm61PgayvT16yrSTkQQI=,FwhNhvin4+YDauV2WTCDTKu2tfg=
60,-24,ytCV/sNBm61PgayvT16yrSTkQQI=,FwhNhvin4+YDauV2WTCDTKu2tfg=
61,-24,ytCV/sNBm61PgayvT16yrSTkQQI=,FwhNhvin4+YDauV2WTCDTKu2tfg=
62,-24,ytCV/sNBm61PgayvT16yrSTkQQI=,FwhNhvin4+YDauV2WTCDTKu2tfg=
63,-24,ytCV/sNBm61PgayvT16yrSTkQQI=,FwhNhvin4+YDauV2WTCDTKu2tfg=
48,-23,ytCV/sNBm61PgayvT16yrSTkQQI=,FwhNhvin4+YDauV2WTCDTKu2tfg=
56,-31,ytCV/sNBm61PgayvT16yrSTkQQI=,FwhNhvin4+YDauV2WTCDTKu2tfg=
49,-23,ytCV/sNBm61PgayvT16yrSTkQQI=,FwhNhvin4+YDauV2WTCDTKu2tfg=
50,-23,ytCV/sNBm61PgayvT16yrSTkQQI=,FwhNhvin4+YDauV2WTCDTKu2tfg=
51,-23,ytCV/sNBm61PgayvT16yrSTkQQI=,FwhNhvin4+YDauV2WTCDTKu2tfg=
52,-23,ytCV/sNBm61PgayvT16yrSTkQQI=,FwhNhvin4+YDauV2WTCDTKu2tfg=
53,-23,ytCV/sNBm61PgayvT16yrSTkQQI=,FwhNhvin4+YDauV2WTCDTKu2tfg=
54,-23,ytCV/sNBm61PgayvT16yrSTkQQI=,FwhNhvin4+YDauV2WTCDTKu2tfg=
52,-29,ytCV/sNBm61PgayvT16yrSTkQQI=,FwhNhvin4+YDauV2WTCDTKu2tfg=
59,-32,ytCV/sNBm61PgayvT16yrSTkQQI=,FwhNhvin4+YDauV2WTCDTKu2tfg=
55,-23,ytCV/sNBm61PgayvT16yrSTkQQI=,FwhNhvin4+YDauV2WTCDTKu2tfg=
56,-23,ytCV/sNBm61PgayvT16yrSTkQQI=,FwhNhvin4+YDauV2WTCDTKu2tfg=
57,-23,ytCV/sNBm61PgayvT16yrSTkQQI=,FwhNhvin4+YDauV2WTCDTKu2tfg=
58,-23,ytCV/sNBm61PgayvT16yrSTkQQI=,FwhNhvin4+YDauV2WTCDTKu2tfg=
59,-23,ytCV/sNBm61PgayvT16yrSTkQQI=,FwhNhvin4+YDauV2WTCDTKu2tfg=
60,-23,ytCV/sNBm61PgayvT16yrSTkQQI=,FwhNhvin4+YDauV2WTCDTKu2tfg=
61,-23,ytCV/sNBm61PgayvT16yrSTkQQI=,FwhNhvin4+YDauV2WTCDTKu2tfg=
62,-23,ytCV/sNBm61PgayvT16yrSTkQQI=,FwhNhvin4+YDauV2WTCDTKu2tfg=
63,-23,ytCV/sNBm61PgayvT16yrSTkQQI=,FwhNhvin4+YDauV2WTCDTKu2tfg=
48,-22,ytCV/sNBm61PgayvT16yrSTkQQI=,FwhNhvin4+YDauV2WTCDTKu2tfg=
57,-31,ytCV/sNBm61PgayvT16yrSTkQQI=,FwhNhvin4+YDauV2WTCDTKu2tfg=
49,-22,ytCV/sNBm61PgayvT16yrSTkQQI=,FwhNhvin4+YDauV2WTCDTKu2tfg=
50,-22,ytCV/sNBm61PgayvT16yrSTkQQI=,FwhNhvin4+YDauV2WTCDTKu2tfg=
51,-22,ytCV/sNBm61PgayvT16yrSTkQQI=,FwhNhvin4+YDauV2WTCDTKu2tfg=
52,-22,ytCV/sNBm61PgayvT16yrSTkQQI=,FwhNhvin4+YDauV2WTCDTKu2tfg=
53,-22,ytCV/sNBm61PgayvT16yrSTkQQI=,FwhNhvin4+YDauV2WTCDTKu2tfg=
53,-29,ytCV/sNBm61PgayvT16yrSTkQQI=,FwhNhvin4+YDauV2WTCDTKu2tfg=
60,-32,ytCV/sNBm61PgayvT16yrSTkQQI=,FwhNhvin4+YDauV2WTCDTKu2tfg=
54,-22,ytCV/sNBm61PgayvT16yrSTkQQI=,FwhNhvin4+YDauV2WTCDTKu2tfg=
55,-22,ytCV/sNBm61PgayvT16yrSTkQQI=,FwhNhvin4+YDauV2WTCDTKu2tfg=
56,-22,ytCV/sNBm61PgayvT16yrSTkQQI=,FwhNhvin4+YDauV2WTCDTKu2tfg=
57,-22,ytCV/sNBm61PgayvT16yrSTkQQI=,FwhNhvin4+YDauV2WTCDTKu2tfg=
58,-22,ytCV/sNBm61PgayvT16yrSTkQQI=,FwhNhvin4+YDauV2WTCDTKu2tfg=
59,-22,ytCV/sNBm61PgayvT16yrSTkQQI=,FwhNhvin4+YDauV2WTCDTKu2tfg=
60,-22,ytCV/sNBm61PgayvT16yrSTkQQI=,FwhNhvin4+YDauV2WTCDTKu2tfg=
61,-22,ytCV/sNBm61PgayvT16yrSTkQQI=,FwhNhvin4+YDauV2WTCDTKu2tfg=
62,-22,ytCV/sNBm61PgayvT16yrSTkQQI=,FwhNhvin4+YDauV2WTCDTKu2tfg=
63,-22,ytCV/sNBm61PgayvT16yrSTkQQI=,FwhNhvin4+YDauV2WTCDTKu2tfg=
48,-21,ytCV/sNBm61PgayvT16yrSTkQQI=,FwhNhvin4+YDauV2WTCDTKu2tfg=
58,-31,ytCV/sNBm61PgayvT16yrSTkQQI=,FwhNhvin4+YDauV2WTCDTKu2tfg=
49,-21,ytCV/sNBm61PgayvT16yrSTkQQI=,FwhNhvin4+YDauV2WTCDTKu2tfg=
50,-21,ytCV/sNBm61PgayvT16yrSTkQQI=,FwhNhvin4+YDauV2WTCDTKu2tfg=
51,-21,ytCV/sNBm61PgayvT16yrSTkQQI=,FwhNhvin4+YDauV2WTCDTKu2tfg=
52,-21,ytCV/sNBm61PgayvT16yrSTkQQI=,FwhNhvin4+YDauV2WTCDTKu2tfg=
54,-29,ytCV/sNBm61PgayvT16yrSTkQQI=,FwhNhvin4+YDauV2WTCDTKu2tfg=
58,-18,ytCV/sNBm61PgayvT16yrSTkQQI=,FwhNhvin4+YDauV2WTCDTKu2tfg=
60,-19,ytCV/sNBm61PgayvT16yrSTkQQI=,FwhNhvin4+YDauV2WTCDTKu2tfg=
61,-32,ytCV/sNBm61PgayvT16yrSTkQQI=,FwhNhvin4+YDauV2WTCDTKu2tfg=
53,-21,ytCV/sNBm61PgayvT16yrSTkQQI=,FwhNhvin4+YDauV2WTCDTKu2tfg=
54,-21,ytCV/sNBm61PgayvT16yrSTkQQI=,FwhNhvin4+YDauV2WTCDTKu2tfg=
55,-21,ytCV/sNBm61PgayvT16yrSTkQQI=,FwhNhvin4+YDauV2WTCDTKu2tfg=
56,-21,ytCV/sNBm61PgayvT16yrSTkQQI=,FwhNhvin4+YDauV2WTCDTKu2tfg=
57,-21,ytCV/sNBm61PgayvT16yrSTkQQI=,FwhNhvin4+YDauV2WTCDTKu2tfg=
58,-21,ytCV/sNBm61PgayvT16yrSTkQQI=,FwhNhvin4+YDauV2WTCDTKu2tfg=
59,-21,ytCV/sNBm61PgayvT16yrSTkQQI=,FwhNhvin4+YDauV2WTCDTKu2tfg=
60,-21,ytCV/sNBm61PgayvT16yrSTkQQI=,FwhNhvin4+YDauV2WTCDTKu2tfg=
61,-21,ytCV/sNBm61PgayvT16yrSTkQQI=,FwhNhvin4+YDauV2WTCDTKu2tfg=
62,-21,ytCV/sNBm61PgayvT16yrSTkQQI=,FwhNhvin4+YDauV2WTCDTKu2tfg=
63,-21,ytCV/sNBm61PgayvT16yrSTkQQI=,FwhNhvin4+YDauV2WTCDTKu2tfg=
59,-31,ytCV/sNBm61PgayvT16yrSTkQQI=,FwhNhvin4+YDauV2WTCDTKu2tfg=
48,-20,ytCV/sNBm61PgayvT16yrSTkQQI=,FwhNhvin4+YDauV2WTCDTKu2tfg=
49,-20,ytCV/sNBm61PgayvT16yrSTkQQI=,FwhNhvin4+YDauV2WTCDTKu2tfg=
50,-20,ytCV/sNBm61PgayvT16yrSTkQQI=,FwhNhvin4+YDauV2WTCDTKu2tfg=
51,-20,ytCV/sNBm61PgayvT16yrSTkQQI=,FwhNhvin4+YDauV2WTCDTKu2tfg=
55,-29,ytCV/sNBm61PgayvT16yrSTkQQI=,FwhNhvin4+YDauV2WTCDTKu2tfg=
62,-32,ytCV/sNBm61PgayvT16yrSTkQQI=,FwhNhvin4+YDauV2WTCDTKu2tfg=
52,-20,ytCV/sNBm61PgayvT16yrSTkQQI=,FwhNhvin4+YDauV2WTCDTKu2tfg=
53,-20,ytCV/sNBm61PgayvT16yrSTkQQI=,FwhNhvin4+YDauV2WTCDTKu2tfg=
54,-20,ytCV/sNBm61PgayvT16yrSTkQQI=,FwhNhvin4+YDauV2WTCDTKu2tfg=
55,-20,ytCV/sNBm61PgayvT16yrSTkQQI=,FwhNhvin4+YDauV2WTCDTKu2tfg=
56,-20,ytCV/sNBm61PgayvT16yrSTkQQI=,FwhNhvin4+YDauV2WTCDTKu2tfg=
59,-19,ytCV/sNBm61PgayvT16yrSTkQQI=,FwhNhvin4+YDauV2WTCDTKu2tfg=
57,-18,ytCV/sNBm61PgayvT16yrSTkQQI=,FwhNhvin4+YDauV2WTCDTKu2tfg=
56,-19,ytCV/sNBm61PgayvT16yrSTkQQI=,FwhNhvin4+YDauV2WTCDTKu2tfg=
55,-19,ytCV/sNBm61PgayvT16yrSTkQQI=,FwhNhvin4+YDauV2WTCDTKu2tfg=
54,-19,ytCV/sNBm61PgayvT16yrSTkQQI=,FwhNhvin4+YDauV2WTCDTKu2tfg=
53,-19,ytCV/sNBm61PgayvT16yrSTkQQI=,FwhNhvin4+YDauV2WTCDTKu2tfg=
52,-19,ytCV/sNBm61PgayvT16yrSTkQQI=,FwhNhvin4+YDauV2WTCDTKu2tfg=
51,-19,ytCV/sNBm61PgayvT16yrSTkQQI=,FwhNhvin4+YDauV2WTCDTKu2tfg=
57,-19,ytCV/sNBm61PgayvT16yrSTkQQI=,FwhNhvin4+YDauV2WTCDTKu2tfg=
58,-19,ytCV/sNBm61PgayvT16yrSTkQQI=,FwhNhvin4+YDauV2WTCDTKu2tfg=
56,-29,ytCV/sNBm61PgayvT16yrSTkQQI=,FwhNhvin4+YDauV2WTCDTKu2tfg=
50,-19,ytCV/sNBm61PgayvT16yrSTkQQI=,FwhNhvin4+YDauV2WTCDTKu2tfg=
49,-19,ytCV/sNBm61PgayvT16yrSTkQQI=,FwhNhvin4+YDauV2WTCDTKu2tfg=
48,-19,ytCV/sNBm61PgayvT16yrSTkQQI=,FwhNhvin4+YDauV2WTCDTKu2tfg=
57,-20,ytCV/sNBm61PgayvT16yrSTkQQI=,FwhNhvin4+YDauV2WTCDTKu2tfg=
58,-20,ytCV/sNBm61PgayvT16yrSTkQQI=,FwhNhvin4+YDauV2WTCDTKu2tfg=
60,-31,ytCV/sNBm61PgayvT16yrSTkQQI=,FwhNhvin4+YDauV2WTCDTKu2tfg=
59,-20,ytCV/sNBm61PgayvT16yrSTkQQI=,FwhNhvin4+YDauV2WTCDTKu2tfg=
61,-31,ytCV/sNBm61PgayvT16yrSTkQQI=,FwhNhvin4+YDauV2WTCDTKu2tfg=
63,-20,ytCV/sNBm61PgayvT16yrSTkQQI=,FwhNhvin4+YDauV2WTCDTKu2tfg=
60,-20,ytCV/sNBm61PgayvT16yrSTkQQI=,FwhNhvin4+YDauV2WTCDTKu2tfg=
61,-20,ytCV/sNBm61PgayvT16yrSTkQQI=,FwhNhvin4+YDauV2WTCDTKu2tfg=
62,-20,ytCV/sNBm61PgayvT16yrSTkQQI=,FwhNhvin4+YDauV2WTCDTKu2tfg=
60,-30,ytCV/sNBm61PgayvT16yrSTkQQI=,FwhNhvin4+YDauV2WTCDTKu2tfg=
63,-32,ytCV/sNBm61PgayvT16yrSTkQQI=,FwhNhvin4+YDauV2WTCDTKu2tfg=
